runId,proposalHash,action,legacyId,managerName,fundName,field,before,after,confidence,evidenceUrls
2026-08-03-lineage-production-v2,161c1a51044fe6a7e4f7f342b273709bf195dbbb9d61bc95322b7bcf824d8693,VERIFY_NO_CHANGE,FUND-013,Apollo Global Management,Apollo Clean Transition Equity Partners II,(verification),null,null,MEDIUM,https://www.sec.gov/Archives/edgar/data/2002112/000095014224002977/xslFormDX01/primary_doc.xml
2026-08-03-lineage-production-v2,161c1a51044fe6a7e4f7f342b273709bf195dbbb9d61bc95322b7bcf824d8693,VERIFY_NO_CHANGE,FUND-016,Ara Partners,Ara Energy Decarbonization Fund I,(verification),null,null,MEDIUM,https://www.arapartners.com/what-we-do/strategies/energy/
2026-08-03-lineage-production-v2,161c1a51044fe6a7e4f7f342b273709bf195dbbb9d61bc95322b7bcf824d8693,VERIFY_NO_CHANGE,FUND-022,Ares Management,Ares Climate Infrastructure Partners II,(verification),null,null,MEDIUM,https://www.sec.gov/Archives/edgar/data/1970645/000092963824004318/xslFormDX01/primary_doc.xml
2026-08-03-lineage-production-v2,161c1a51044fe6a7e4f7f342b273709bf195dbbb9d61bc95322b7bcf824d8693,VERIFY_NO_CHANGE,FUND-029,Basalt Infrastructure Partners,Basalt BIP V,(verification),null,null,MEDIUM,https://find-and-update.company-information.service.gov.uk/company/LP024280
2026-08-03-lineage-production-v2,161c1a51044fe6a7e4f7f342b273709bf195dbbb9d61bc95322b7bcf824d8693,VERIFY_NO_CHANGE,FUND-035,BlackRock (GIP),GIP Mid-Market Fund V,(verification),null,null,MEDIUM,https://www.sec.gov/Archives/edgar/data/2077639/000207763925000001/xslFormDX01/primary_doc.xml
2026-08-03-lineage-production-v2,161c1a51044fe6a7e4f7f342b273709bf195dbbb9d61bc95322b7bcf824d8693,VERIFY_NO_CHANGE,FUND-037,BlackRock (GIP),GIP Transition Fund,(verification),null,null,MEDIUM,https://www.sec.gov/Archives/edgar/data/2087294/000208729425000001/xslFormDX01/primary_doc.xml
2026-08-03-lineage-production-v2,161c1a51044fe6a7e4f7f342b273709bf195dbbb9d61bc95322b7bcf824d8693,VERIFY_NO_CHANGE,FUND-038,BlackRock (GIP),Global AI Infrastructure Investment Partnership (GAIIP),(verification),null,null,MEDIUM,https://www.blackrock.com/corporate/newsroom/press-releases/article/corporate-one/press-releases/blackrock-global-infrastructure-partners-microsoft-and-mgx-launch-new-ai
2026-08-03-lineage-production-v2,161c1a51044fe6a7e4f7f342b273709bf195dbbb9d61bc95322b7bcf824d8693,VERIFY_NO_CHANGE,FUND-042,Blackstone,Blackstone Energy Transition Partners V (BETP V),(verification),null,null,MEDIUM,https://www.sec.gov/Archives/edgar/data/2112720/000211272026000001/xslFormDX01/primary_doc.xml
2026-08-03-lineage-production-v2,161c1a51044fe6a7e4f7f342b273709bf195dbbb9d61bc95322b7bcf824d8693,VERIFY_NO_CHANGE,FUND-044,Brookfield,Brookfield Artificial Intelligence Infrastructure Fund (BAIIF),(verification),null,null,MEDIUM,https://bam.brookfield.com/press-releases/brookfield-launches-100-billion-ai-infrastructure-program
2026-08-03-lineage-production-v2,161c1a51044fe6a7e4f7f342b273709bf195dbbb9d61bc95322b7bcf824d8693,VERIFY_NO_CHANGE,FUND-052,Carlyle Group,Carlyle CGI Fund II,(verification),null,null,MEDIUM,https://www.sec.gov/Archives/edgar/data/2075288/000207528825000001/xslFormDX01/primary_doc.xml
2026-08-03-lineage-production-v2,161c1a51044fe6a7e4f7f342b273709bf195dbbb9d61bc95322b7bcf824d8693,VERIFY_NO_CHANGE,FUND-061,CVC DIF,DIF Infrastructure VIII,(verification),null,null,MEDIUM,https://nj.gov/njbonds/treasury/doinvest/pdf/AlternativeInvestments/RealAsset/DIF_Infrastructure_VIII_SCSp.pdf; https://www.cvc.com/media/news/2026/full-year-2025-activity-update/; https://www.pa.gov/content/dam/copapwp-pagov/en/psers/documents/board3/resolutions/2025/2025-58%20pserb%20resolution%20dif%20infrastructure%20fund%20viii%20scsp.pdf
2026-08-03-lineage-production-v2,161c1a51044fe6a7e4f7f342b273709bf195dbbb9d61bc95322b7bcf824d8693,VERIFY_NO_CHANGE,FUND-062,CVC DIF,CVC DIF Value-Add IV,(verification),null,null,MEDIUM,https://www.cvc.com/media/news/2026/full-year-2025-activity-update/
2026-08-03-lineage-production-v2,161c1a51044fe6a7e4f7f342b273709bf195dbbb9d61bc95322b7bcf824d8693,VERIFY_NO_CHANGE,FUND-067,Energy Capital Partners,ECP Fund VI,(verification),null,null,MEDIUM,https://www.ecpgp.com/about/; https://www.ecpgp.com/site-services/legal-regulatory-and-other-disclosures/sfdr
2026-08-03-lineage-production-v2,161c1a51044fe6a7e4f7f342b273709bf195dbbb9d61bc95322b7bcf824d8693,VERIFY_NO_CHANGE,FUND-069,Energy Infrastructure Partners,EIP III,(verification),null,null,MEDIUM,https://energy-infrastructure-partners.com/products/
2026-08-03-lineage-production-v2,161c1a51044fe6a7e4f7f342b273709bf195dbbb9d61bc95322b7bcf824d8693,VERIFY_NO_CHANGE,FUND-074,EQT Infrastructure,EQT Transition Infrastructure,(verification),null,null,MEDIUM,https://eqtgroup.com/infrastructure/eqt-transition-infrastructure; https://eqtgroup.com/news/eqt-introduces-the-eqt-transition-infrastructure-strategy-with-the-acquisition-of-energy-storage-system-developer-and-operator-ju-niz-energy
2026-08-03-lineage-production-v2,161c1a51044fe6a7e4f7f342b273709bf195dbbb9d61bc95322b7bcf824d8693,VERIFY_NO_CHANGE,FUND-084,Grain Management,Grain GCOF IV,(verification),null,null,MEDIUM,https://www.sec.gov/Archives/edgar/data/1984790/000095014224001965/xslFormDX01/primary_doc.xml
2026-08-03-lineage-production-v2,161c1a51044fe6a7e4f7f342b273709bf195dbbb9d61bc95322b7bcf824d8693,VERIFY_NO_CHANGE,FUND-088,Goldman Sachs Asset Management,GS WSIP V,(verification),null,null,MEDIUM,https://www.sec.gov/Archives/edgar/data/2081965/000208196525000001/xslFormDX01/primary_doc.xml
2026-08-03-lineage-production-v2,161c1a51044fe6a7e4f7f342b273709bf195dbbb9d61bc95322b7bcf824d8693,VERIFY_NO_CHANGE,FUND-091,Harbert Management Corporation,Harbert HIF VII,(verification),null,null,MEDIUM,https://www.sec.gov/Archives/edgar/data/2080982/000208098225000001/xslFormDX01/primary_doc.xml
2026-08-03-lineage-production-v2,161c1a51044fe6a7e4f7f342b273709bf195dbbb9d61bc95322b7bcf824d8693,VERIFY_NO_CHANGE,FUND-094,I Squared Capital,ISQ Global Infrastructure Fund IV,(verification),null,null,MEDIUM,https://www.pa.gov/content/dam/copapwp-pagov/en/psers/documents/board3/resolutions/2025/2025.21%20pserb%20resolution%20i%20squared%20global%20infrastructure%20fund%20iv.pdf; https://www.sec.gov/Archives/edgar/data/2049770/000204977025000002/xslFormDX01/primary_doc.xml
2026-08-03-lineage-production-v2,161c1a51044fe6a7e4f7f342b273709bf195dbbb9d61bc95322b7bcf824d8693,VERIFY_NO_CHANGE,FUND-095,iCON Infrastructure,iCON Infrastructure Fund VII,(verification),null,null,MEDIUM,https://www.iconinfrastructure.com/
2026-08-03-lineage-production-v2,161c1a51044fe6a7e4f7f342b273709bf195dbbb9d61bc95322b7bcf824d8693,VERIFY_NO_CHANGE,FUND-100,DigitalBridge,InfraBridge GIF III,(verification),null,null,MEDIUM,https://www.infrabridge.com/; https://www.infrabridge.com/news/2023-02-03-digitalbridge-completes-acquisition-of-amp-capital-global-infrastructure-equity-investment-management-business
2026-08-03-lineage-production-v2,161c1a51044fe6a7e4f7f342b273709bf195dbbb9d61bc95322b7bcf824d8693,VERIFY_NO_CHANGE,FUND-101,InfraRed Capital Partners,InfraRed Fund VII,(verification),null,null,MEDIUM,https://www.ircp.com/who-we-are/
2026-08-03-lineage-production-v2,161c1a51044fe6a7e4f7f342b273709bf195dbbb9d61bc95322b7bcf824d8693,VERIFY_NO_CHANGE,FUND-106,KKR,KKR Global Climate Transition Fund,(verification),null,null,MEDIUM,https://www.sec.gov/Archives/edgar/data/2015282/000201528325000005/xslFormDX01/primary_doc.xml
2026-08-03-lineage-production-v2,161c1a51044fe6a7e4f7f342b273709bf195dbbb9d61bc95322b7bcf824d8693,VERIFY_NO_CHANGE,FUND-107,KKR,KKR Global Infrastructure Investors V,(verification),null,null,MEDIUM,https://www.sec.gov/Archives/edgar/data/2022923/000202292324000002/xslFormDX01/primary_doc.xml; https://www.sec.gov/Archives/edgar/data/2022923/000202292325000001/xslFormDX01/primary_doc.xml
2026-08-03-lineage-production-v2,161c1a51044fe6a7e4f7f342b273709bf195dbbb9d61bc95322b7bcf824d8693,VERIFY_NO_CHANGE,FUND-116,Macquarie Asset Management,Macquarie Infrastructure Partners VII,(verification),null,null,MEDIUM,https://www.sec.gov/Archives/edgar/data/2123130/000212313026000001/xslFormDX01/primary_doc.xml
2026-08-03-lineage-production-v2,161c1a51044fe6a7e4f7f342b273709bf195dbbb9d61bc95322b7bcf824d8693,VERIFY_NO_CHANGE,FUND-122,Morrison & Co,Morrison MVA II,(verification),null,null,MEDIUM,https://morrisonglobal.com/sites/mn/assets/Form-21-3_Explanatory-Document_B.pdf
2026-08-03-lineage-production-v2,161c1a51044fe6a7e4f7f342b273709bf195dbbb9d61bc95322b7bcf824d8693,VERIFY_NO_CHANGE,FUND-124,Northampton Capital,Northampton Flagship Fund Complex,(verification),null,null,MEDIUM,https://www.sec.gov/Archives/edgar/data/2043228/000204322825000002/xslFormDX01/primary_doc.xml; https://www.sec.gov/Archives/edgar/data/2043231/000204323125000002/xslFormDX01/primary_doc.xml
2026-08-03-lineage-production-v2,161c1a51044fe6a7e4f7f342b273709bf195dbbb9d61bc95322b7bcf824d8693,VERIFY_NO_CHANGE,FUND-130,QIC,QIC QGIF II,(verification),null,null,MEDIUM,https://www.cefc.com.au/media/media-release/cefc-backs-new-qic-infrastructure-investment-to-accelerate-energy-transition/
2026-08-03-lineage-production-v2,161c1a51044fe6a7e4f7f342b273709bf195dbbb9d61bc95322b7bcf824d8693,VERIFY_NO_CHANGE,FUND-133,Sandbrook Capital,Sandbrook Climate Infrastructure Fund II,(verification),null,null,MEDIUM,https://www.sec.gov/Archives/edgar/data/2075494/000206508925000001/xslFormDX01/primary_doc.xml
2026-08-03-lineage-production-v2,161c1a51044fe6a7e4f7f342b273709bf195dbbb9d61bc95322b7bcf824d8693,VERIFY_NO_CHANGE,FUND-134,SDC Capital Partners,SDC Digital Infrastructure Opportunity Fund IV,(verification),null,null,MEDIUM,https://www.sec.gov/Archives/edgar/data/2005226/000200522624000001/xslFormDX01/primary_doc.xml
2026-08-03-lineage-production-v2,161c1a51044fe6a7e4f7f342b273709bf195dbbb9d61bc95322b7bcf824d8693,VERIFY_NO_CHANGE,FUND-135,Searchlight Capital Partners,Searchlight Fiber Alliance,(verification),null,null,MEDIUM,https://searchlightcap.com/news/mainstream-fiber-networks-plans-rapid-expansion-with-strategic-investment-from-searchlight-capital-partners/; https://www.gic.com.sg/thinkspace/emerging-markets/infrastructure-a-resilient-strategy-in-uncertain-times/
2026-08-03-lineage-production-v2,161c1a51044fe6a7e4f7f342b273709bf195dbbb9d61bc95322b7bcf824d8693,VERIFY_NO_CHANGE,FUND-137,Stonepeak,Stonepeak Fund V,(verification),null,null,MEDIUM,https://www.sec.gov/Archives/edgar/data/2003495/000200349525000001/xslFormDX01/primary_doc.xml
2026-08-03-lineage-production-v2,161c1a51044fe6a7e4f7f342b273709bf195dbbb9d61bc95322b7bcf824d8693,VERIFY_NO_CHANGE,FUND-138,Stonepeak,Stonepeak Global Renewables Fund II,(verification),null,null,MEDIUM,https://www.sec.gov/Archives/edgar/data/2030457/000203045726000001/xslFormDX01/primary_doc.xml
2026-08-03-lineage-production-v2,161c1a51044fe6a7e4f7f342b273709bf195dbbb9d61bc95322b7bcf824d8693,VERIFY_NO_CHANGE,FUND-139,Stonepeak,Stonepeak Opportunities Fund II,(verification),null,null,MEDIUM,https://www.sec.gov/Archives/edgar/data/2098508/000209850825000001/xslFormDX01/primary_doc.xml
2026-08-03-lineage-production-v2,161c1a51044fe6a7e4f7f342b273709bf195dbbb9d61bc95322b7bcf824d8693,VERIFY_NO_CHANGE,FUND-140,Swiss Life Asset Managers,SwissLife GIO Growth II,(verification),null,null,MEDIUM,https://www.swisslife-am.com/en/home/media/news/switzerland/institutional/2023/0502-infrastructure-fund.html
2026-08-03-lineage-production-v2,161c1a51044fe6a7e4f7f342b273709bf195dbbb9d61bc95322b7bcf824d8693,VERIFY_NO_CHANGE,FUND-141,Swiss Life Asset Managers,SwissLife GIO IV,(verification),null,null,MEDIUM,https://www.swisslife-am.com/en/home/media/news/corporate/company-news/2024/0704-gio-4.html
2026-08-03-lineage-production-v2,161c1a51044fe6a7e4f7f342b273709bf195dbbb9d61bc95322b7bcf824d8693,VERIFY_NO_CHANGE,FUND-142,Tallvine,Tallvine Middle Market Infrastructure Fund I,(verification),null,null,MEDIUM,https://www.sec.gov/Archives/edgar/data/2017078/000201707825000003/xslFormDX01/primary_doc.xml
2026-08-03-lineage-production-v2,161c1a51044fe6a7e4f7f342b273709bf195dbbb9d61bc95322b7bcf824d8693,VERIFY_NO_CHANGE,FUND-144,Tiger Infrastructure Partners,Tiger Infrastructure Fund IV,(verification),null,null,MEDIUM,https://www.sec.gov/Archives/edgar/data/1995540/000199554025000003/xslFormDX01/primary_doc.xml
2026-08-03-lineage-production-v2,161c1a51044fe6a7e4f7f342b273709bf195dbbb9d61bc95322b7bcf824d8693,VERIFY_NO_CHANGE,FUND-146,TPG,TPG Rise Climate II,(verification),null,null,MEDIUM,https://www.sec.gov/Archives/edgar/data/1880661/000188066126000033/tpg-20260331.htm; https://www.sec.gov/Archives/edgar/data/2014691/000201469126000001/xslFormDX01/primary_doc.xml; https://www.tpg.com/platforms/impact/rise-climate
2026-08-03-lineage-production-v2,161c1a51044fe6a7e4f7f342b273709bf195dbbb9d61bc95322b7bcf824d8693,VERIFY_NO_CHANGE,FUND-150,Partners Group,Partners Group Direct Infrastructure Fund IV,(verification),null,null,MEDIUM,https://irei.com/news/imrf-commits-up-to-25m-to-partners-group-direct-infrastructure-fund-iv/; https://www.partnersgroup.com/~/media/Files/P/Partnersgroup/Universal/in-the-media/20240301-infrastructure-investor-esther-peiner-feb24.pdf; https://www.partnersgroup.com/news-and-views/press-releases/corporate-news/detail?news_id=35550643-444b-49c8-9f72-1502c2e822a6; https://www.partnersgroup.com/news-and-views/press-releases/corporate-news/detail?news_id=b968937c-2e81-4691-984d-d8fdd68a0ad7; https://www.sec.gov/Archives/edgar/data/1971296/000197129625000002/xslFormDX01/primary_doc.xml
2026-08-03-lineage-production-v2,161c1a51044fe6a7e4f7f342b273709bf195dbbb9d61bc95322b7bcf824d8693,CREATE,FUND-151,Antin Infrastructure Partners,Antin Mid Cap Fund II,fundName,null,"""Antin Mid Cap Fund II""",HIGH,https://www.antin-ip.com/wp-content/uploads/2025/12/Antin-FY25-Results-Transcript-1.pdf; https://www.antin-ip.com/wp-content/uploads/2026/05/Antin-1Q26-Activity-Update-PR-VF.pdf
2026-08-03-lineage-production-v2,161c1a51044fe6a7e4f7f342b273709bf195dbbb9d61bc95322b7bcf824d8693,CREATE,FUND-151,Antin Infrastructure Partners,Antin Mid Cap Fund II,fundStatus,null,"""Raising""",HIGH,https://www.antin-ip.com/wp-content/uploads/2025/12/Antin-FY25-Results-Transcript-1.pdf; https://www.antin-ip.com/wp-content/uploads/2026/05/Antin-1Q26-Activity-Update-PR-VF.pdf
2026-08-03-lineage-production-v2,161c1a51044fe6a7e4f7f342b273709bf195dbbb9d61bc95322b7bcf824d8693,CREATE,FUND-151,Antin Infrastructure Partners,Antin Mid Cap Fund II,investmentStrategy,null,"""Second dedicated mid cap infrastructure fund pursuing Antin's established-company strategy across Europe and North America through smaller and medium-sized equity investments in energy and environment, digital, transportation, and social infrastructure.""",HIGH,https://www.antin-ip.com/who-we-are/strategies/mid-cap
2026-08-03-lineage-production-v2,161c1a51044fe6a7e4f7f342b273709bf195dbbb9d61bc95322b7bcf824d8693,CREATE,FUND-151,Antin Infrastructure Partners,Antin Mid Cap Fund II,legacyId,null,"""FUND-151""",HIGH,
2026-08-03-lineage-production-v2,161c1a51044fe6a7e4f7f342b273709bf195dbbb9d61bc95322b7bcf824d8693,CREATE,FUND-151,Antin Infrastructure Partners,Antin Mid Cap Fund II,managerName,null,"""Antin Infrastructure Partners""",HIGH,https://www.antin-ip.com/who-we-are/strategies/mid-cap; https://www.antin-ip.com/wp-content/uploads/2025/12/Antin-FY25-Results-Transcript-1.pdf; https://www.antin-ip.com/wp-content/uploads/2026/05/Antin-1Q26-Activity-Update-PR-VF.pdf
2026-08-03-lineage-production-v2,161c1a51044fe6a7e4f7f342b273709bf195dbbb9d61bc95322b7bcf824d8693,CREATE,FUND-151,Antin Infrastructure Partners,Antin Mid Cap Fund II,regions,null,"[""Europe"",""North America""]",HIGH,https://www.antin-ip.com/who-we-are/strategies/mid-cap
2026-08-03-lineage-production-v2,161c1a51044fe6a7e4f7f342b273709bf195dbbb9d61bc95322b7bcf824d8693,CREATE,FUND-151,Antin Infrastructure Partners,Antin Mid Cap Fund II,sectors,null,"[""Digital"",""Power & ET"",""Social Infra"",""Transportation""]",HIGH,https://www.antin-ip.com/who-we-are/strategies/mid-cap
2026-08-03-lineage-production-v2,161c1a51044fe6a7e4f7f342b273709bf195dbbb9d61bc95322b7bcf824d8693,CREATE,FUND-151,Antin Infrastructure Partners,Antin Mid Cap Fund II,size,null,"""€2.5B target""",HIGH,https://www.antin-ip.com/wp-content/uploads/2025/12/Antin-FY25-Results-Transcript-1.pdf
2026-08-03-lineage-production-v2,161c1a51044fe6a7e4f7f342b273709bf195dbbb9d61bc95322b7bcf824d8693,CREATE,FUND-151,Antin Infrastructure Partners,Antin Mid Cap Fund II,sizeAsOf,null,"""2026-03-12""",HIGH,https://www.antin-ip.com/wp-content/uploads/2025/12/Antin-FY25-Results-Transcript-1.pdf
2026-08-03-lineage-production-v2,161c1a51044fe6a7e4f7f342b273709bf195dbbb9d61bc95322b7bcf824d8693,CREATE,FUND-151,Antin Infrastructure Partners,Antin Mid Cap Fund II,sizeBasis,null,"""TARGET""",HIGH,https://www.antin-ip.com/wp-content/uploads/2025/12/Antin-FY25-Results-Transcript-1.pdf
2026-08-03-lineage-production-v2,161c1a51044fe6a7e4f7f342b273709bf195dbbb9d61bc95322b7bcf824d8693,CREATE,FUND-151,Antin Infrastructure Partners,Antin Mid Cap Fund II,sizeNativeAmount,null,"""2500000000""",HIGH,https://www.antin-ip.com/wp-content/uploads/2025/12/Antin-FY25-Results-Transcript-1.pdf
2026-08-03-lineage-production-v2,161c1a51044fe6a7e4f7f342b273709bf195dbbb9d61bc95322b7bcf824d8693,CREATE,FUND-151,Antin Infrastructure Partners,Antin Mid Cap Fund II,sizeNativeCurrency,null,"""EUR""",HIGH,https://www.antin-ip.com/wp-content/uploads/2025/12/Antin-FY25-Results-Transcript-1.pdf
2026-08-03-lineage-production-v2,161c1a51044fe6a7e4f7f342b273709bf195dbbb9d61bc95322b7bcf824d8693,CREATE,FUND-151,Antin Infrastructure Partners,Antin Mid Cap Fund II,sourceUrls,null,"[""https://www.antin-ip.com/who-we-are/strategies/mid-cap"",""https://www.antin-ip.com/wp-content/uploads/2025/12/Antin-FY25-Results-Transcript-1.pdf"",""https://www.antin-ip.com/wp-content/uploads/2026/05/Antin-1Q26-Activity-Update-PR-VF.pdf""]",HIGH,
2026-08-03-lineage-production-v2,161c1a51044fe6a7e4f7f342b273709bf195dbbb9d61bc95322b7bcf824d8693,CREATE,FUND-151,Antin Infrastructure Partners,Antin Mid Cap Fund II,strategies,null,"[""Value-Add""]",HIGH,https://www.antin-ip.com/who-we-are/strategies/mid-cap
2026-08-03-lineage-production-v2,161c1a51044fe6a7e4f7f342b273709bf195dbbb9d61bc95322b7bcf824d8693,CREATE,FUND-151,Antin Infrastructure Partners,Antin Mid Cap Fund II,strategyUrl,null,"""https://www.antin-ip.com/who-we-are/strategies/mid-cap""",HIGH,
2026-08-03-lineage-production-v2,161c1a51044fe6a7e4f7f342b273709bf195dbbb9d61bc95322b7bcf824d8693,CREATE,FUND-151,Antin Infrastructure Partners,Antin Mid Cap Fund II,structure,null,"""Closed-End""",HIGH,https://www.antin-ip.com/wp-content/uploads/2025/12/Antin-FY25-Results-Transcript-1.pdf
2026-08-03-lineage-production-v2,161c1a51044fe6a7e4f7f342b273709bf195dbbb9d61bc95322b7bcf824d8693,CREATE,FUND-151,Antin Infrastructure Partners,Antin Mid Cap Fund II,vintage,null,"""2026""",HIGH,https://www.antin-ip.com/wp-content/uploads/2025/12/Antin-FY25-Results-Transcript-1.pdf; https://www.antin-ip.com/wp-content/uploads/2026/05/Antin-1Q26-Activity-Update-PR-VF.pdf
2026-08-03-lineage-production-v2,161c1a51044fe6a7e4f7f342b273709bf195dbbb9d61bc95322b7bcf824d8693,CREATE,FUND-152,ArcLight Capital Partners,"ArcLight Energy Partners Fund V, L.P.",fundName,null,"""ArcLight Energy Partners Fund V, L.P.""",HIGH,https://www.prnewswire.com/news-releases/arclight-closes-fund-v-at-33-billion-in-commitments-133075573.html
2026-08-03-lineage-production-v2,161c1a51044fe6a7e4f7f342b273709bf195dbbb9d61bc95322b7bcf824d8693,CREATE,FUND-152,ArcLight Capital Partners,"ArcLight Energy Partners Fund V, L.P.",fundStatus,null,"""Financial Close""",HIGH,https://www.prnewswire.com/news-releases/arclight-closes-fund-v-at-33-billion-in-commitments-133075573.html
2026-08-03-lineage-production-v2,161c1a51044fe6a7e4f7f342b273709bf195dbbb9d61bc95322b7bcf824d8693,CREATE,FUND-152,ArcLight Capital Partners,"ArcLight Energy Partners Fund V, L.P.",investmentStrategy,null,"""North American value-added energy infrastructure investments across power and midstream assets.""",HIGH,https://www.prnewswire.com/news-releases/arclight-closes-fund-v-at-33-billion-in-commitments-133075573.html
2026-08-03-lineage-production-v2,161c1a51044fe6a7e4f7f342b273709bf195dbbb9d61bc95322b7bcf824d8693,CREATE,FUND-152,ArcLight Capital Partners,"ArcLight Energy Partners Fund V, L.P.",legacyId,null,"""FUND-152""",HIGH,
2026-08-03-lineage-production-v2,161c1a51044fe6a7e4f7f342b273709bf195dbbb9d61bc95322b7bcf824d8693,CREATE,FUND-152,ArcLight Capital Partners,"ArcLight Energy Partners Fund V, L.P.",managerName,null,"""ArcLight Capital Partners""",HIGH,https://www.prnewswire.com/news-releases/arclight-closes-fund-v-at-33-billion-in-commitments-133075573.html
2026-08-03-lineage-production-v2,161c1a51044fe6a7e4f7f342b273709bf195dbbb9d61bc95322b7bcf824d8693,CREATE,FUND-152,ArcLight Capital Partners,"ArcLight Energy Partners Fund V, L.P.",regions,null,"[""North America""]",HIGH,https://www.prnewswire.com/news-releases/arclight-closes-fund-v-at-33-billion-in-commitments-133075573.html
2026-08-03-lineage-production-v2,161c1a51044fe6a7e4f7f342b273709bf195dbbb9d61bc95322b7bcf824d8693,CREATE,FUND-152,ArcLight Capital Partners,"ArcLight Energy Partners Fund V, L.P.",sectors,null,"[""Midstream"",""Power & ET""]",HIGH,https://www.prnewswire.com/news-releases/arclight-closes-fund-v-at-33-billion-in-commitments-133075573.html
2026-08-03-lineage-production-v2,161c1a51044fe6a7e4f7f342b273709bf195dbbb9d61bc95322b7bcf824d8693,CREATE,FUND-152,ArcLight Capital Partners,"ArcLight Energy Partners Fund V, L.P.",size,null,"""$3.3B investor commitments""",HIGH,https://www.prnewswire.com/news-releases/arclight-closes-fund-v-at-33-billion-in-commitments-133075573.html
2026-08-03-lineage-production-v2,161c1a51044fe6a7e4f7f342b273709bf195dbbb9d61bc95322b7bcf824d8693,CREATE,FUND-152,ArcLight Capital Partners,"ArcLight Energy Partners Fund V, L.P.",sizeAsOf,null,"""2011-11-02""",HIGH,https://www.prnewswire.com/news-releases/arclight-closes-fund-v-at-33-billion-in-commitments-133075573.html
2026-08-03-lineage-production-v2,161c1a51044fe6a7e4f7f342b273709bf195dbbb9d61bc95322b7bcf824d8693,CREATE,FUND-152,ArcLight Capital Partners,"ArcLight Energy Partners Fund V, L.P.",sizeBasis,null,"""COMMITMENTS""",HIGH,https://www.prnewswire.com/news-releases/arclight-closes-fund-v-at-33-billion-in-commitments-133075573.html
2026-08-03-lineage-production-v2,161c1a51044fe6a7e4f7f342b273709bf195dbbb9d61bc95322b7bcf824d8693,CREATE,FUND-152,ArcLight Capital Partners,"ArcLight Energy Partners Fund V, L.P.",sizeNativeAmount,null,"""3300000000""",HIGH,https://www.prnewswire.com/news-releases/arclight-closes-fund-v-at-33-billion-in-commitments-133075573.html
2026-08-03-lineage-production-v2,161c1a51044fe6a7e4f7f342b273709bf195dbbb9d61bc95322b7bcf824d8693,CREATE,FUND-152,ArcLight Capital Partners,"ArcLight Energy Partners Fund V, L.P.",sizeNativeCurrency,null,"""USD""",HIGH,https://www.prnewswire.com/news-releases/arclight-closes-fund-v-at-33-billion-in-commitments-133075573.html
2026-08-03-lineage-production-v2,161c1a51044fe6a7e4f7f342b273709bf195dbbb9d61bc95322b7bcf824d8693,CREATE,FUND-152,ArcLight Capital Partners,"ArcLight Energy Partners Fund V, L.P.",sizeUsdMm,null,3300,HIGH,https://www.prnewswire.com/news-releases/arclight-closes-fund-v-at-33-billion-in-commitments-133075573.html
2026-08-03-lineage-production-v2,161c1a51044fe6a7e4f7f342b273709bf195dbbb9d61bc95322b7bcf824d8693,CREATE,FUND-152,ArcLight Capital Partners,"ArcLight Energy Partners Fund V, L.P.",sourceUrls,null,"[""https://www.prnewswire.com/news-releases/arclight-closes-fund-v-at-33-billion-in-commitments-133075573.html""]",HIGH,
2026-08-03-lineage-production-v2,161c1a51044fe6a7e4f7f342b273709bf195dbbb9d61bc95322b7bcf824d8693,CREATE,FUND-152,ArcLight Capital Partners,"ArcLight Energy Partners Fund V, L.P.",strategies,null,"[""Value-Add""]",HIGH,https://www.prnewswire.com/news-releases/arclight-closes-fund-v-at-33-billion-in-commitments-133075573.html
2026-08-03-lineage-production-v2,161c1a51044fe6a7e4f7f342b273709bf195dbbb9d61bc95322b7bcf824d8693,CREATE,FUND-152,ArcLight Capital Partners,"ArcLight Energy Partners Fund V, L.P.",strategyUrl,null,"""https://www.prnewswire.com/news-releases/arclight-closes-fund-v-at-33-billion-in-commitments-133075573.html""",HIGH,
2026-08-03-lineage-production-v2,161c1a51044fe6a7e4f7f342b273709bf195dbbb9d61bc95322b7bcf824d8693,CREATE,FUND-152,ArcLight Capital Partners,"ArcLight Energy Partners Fund V, L.P.",structure,null,"""Closed-End""",HIGH,https://www.prnewswire.com/news-releases/arclight-closes-fund-v-at-33-billion-in-commitments-133075573.html
2026-08-03-lineage-production-v2,161c1a51044fe6a7e4f7f342b273709bf195dbbb9d61bc95322b7bcf824d8693,CREATE,FUND-152,ArcLight Capital Partners,"ArcLight Energy Partners Fund V, L.P.",vintage,null,"""2011""",HIGH,https://www.prnewswire.com/news-releases/arclight-closes-fund-v-at-33-billion-in-commitments-133075573.html
2026-08-03-lineage-production-v2,161c1a51044fe6a7e4f7f342b273709bf195dbbb9d61bc95322b7bcf824d8693,CREATE,FUND-153,ArcLight Capital Partners,"ArcLight Energy Partners Fund VI, L.P.",fundName,null,"""ArcLight Energy Partners Fund VI, L.P.""",HIGH,https://www.prnewswire.com/news-releases/arclight-closes-sixth-fund-with-56-billion-in-commitments-300120201.html
2026-08-03-lineage-production-v2,161c1a51044fe6a7e4f7f342b273709bf195dbbb9d61bc95322b7bcf824d8693,CREATE,FUND-153,ArcLight Capital Partners,"ArcLight Energy Partners Fund VI, L.P.",fundStatus,null,"""Financial Close""",HIGH,https://www.prnewswire.com/news-releases/arclight-closes-sixth-fund-with-56-billion-in-commitments-300120201.html
2026-08-03-lineage-production-v2,161c1a51044fe6a7e4f7f342b273709bf195dbbb9d61bc95322b7bcf824d8693,CREATE,FUND-153,ArcLight Capital Partners,"ArcLight Energy Partners Fund VI, L.P.",investmentStrategy,null,"""North American value-added energy infrastructure investments across power and midstream assets.""",HIGH,https://www.prnewswire.com/news-releases/arclight-closes-sixth-fund-with-56-billion-in-commitments-300120201.html
2026-08-03-lineage-production-v2,161c1a51044fe6a7e4f7f342b273709bf195dbbb9d61bc95322b7bcf824d8693,CREATE,FUND-153,ArcLight Capital Partners,"ArcLight Energy Partners Fund VI, L.P.",legacyId,null,"""FUND-153""",HIGH,
2026-08-03-lineage-production-v2,161c1a51044fe6a7e4f7f342b273709bf195dbbb9d61bc95322b7bcf824d8693,CREATE,FUND-153,ArcLight Capital Partners,"ArcLight Energy Partners Fund VI, L.P.",managerName,null,"""ArcLight Capital Partners""",HIGH,https://www.prnewswire.com/news-releases/arclight-closes-sixth-fund-with-56-billion-in-commitments-300120201.html
2026-08-03-lineage-production-v2,161c1a51044fe6a7e4f7f342b273709bf195dbbb9d61bc95322b7bcf824d8693,CREATE,FUND-153,ArcLight Capital Partners,"ArcLight Energy Partners Fund VI, L.P.",regions,null,"[""North America""]",HIGH,https://www.prnewswire.com/news-releases/arclight-closes-sixth-fund-with-56-billion-in-commitments-300120201.html
2026-08-03-lineage-production-v2,161c1a51044fe6a7e4f7f342b273709bf195dbbb9d61bc95322b7bcf824d8693,CREATE,FUND-153,ArcLight Capital Partners,"ArcLight Energy Partners Fund VI, L.P.",sectors,null,"[""Midstream"",""Power & ET""]",HIGH,https://www.prnewswire.com/news-releases/arclight-closes-sixth-fund-with-56-billion-in-commitments-300120201.html
2026-08-03-lineage-production-v2,161c1a51044fe6a7e4f7f342b273709bf195dbbb9d61bc95322b7bcf824d8693,CREATE,FUND-153,ArcLight Capital Partners,"ArcLight Energy Partners Fund VI, L.P.",size,null,"""$5.575B commitments""",HIGH,https://www.prnewswire.com/news-releases/arclight-closes-sixth-fund-with-56-billion-in-commitments-300120201.html
2026-08-03-lineage-production-v2,161c1a51044fe6a7e4f7f342b273709bf195dbbb9d61bc95322b7bcf824d8693,CREATE,FUND-153,ArcLight Capital Partners,"ArcLight Energy Partners Fund VI, L.P.",sizeAsOf,null,"""2015-07-29""",HIGH,https://www.prnewswire.com/news-releases/arclight-closes-sixth-fund-with-56-billion-in-commitments-300120201.html
2026-08-03-lineage-production-v2,161c1a51044fe6a7e4f7f342b273709bf195dbbb9d61bc95322b7bcf824d8693,CREATE,FUND-153,ArcLight Capital Partners,"ArcLight Energy Partners Fund VI, L.P.",sizeBasis,null,"""COMMITMENTS""",HIGH,https://www.prnewswire.com/news-releases/arclight-closes-sixth-fund-with-56-billion-in-commitments-300120201.html
2026-08-03-lineage-production-v2,161c1a51044fe6a7e4f7f342b273709bf195dbbb9d61bc95322b7bcf824d8693,CREATE,FUND-153,ArcLight Capital Partners,"ArcLight Energy Partners Fund VI, L.P.",sizeNativeAmount,null,"""5575000000""",HIGH,https://www.prnewswire.com/news-releases/arclight-closes-sixth-fund-with-56-billion-in-commitments-300120201.html
2026-08-03-lineage-production-v2,161c1a51044fe6a7e4f7f342b273709bf195dbbb9d61bc95322b7bcf824d8693,CREATE,FUND-153,ArcLight Capital Partners,"ArcLight Energy Partners Fund VI, L.P.",sizeNativeCurrency,null,"""USD""",HIGH,https://www.prnewswire.com/news-releases/arclight-closes-sixth-fund-with-56-billion-in-commitments-300120201.html
2026-08-03-lineage-production-v2,161c1a51044fe6a7e4f7f342b273709bf195dbbb9d61bc95322b7bcf824d8693,CREATE,FUND-153,ArcLight Capital Partners,"ArcLight Energy Partners Fund VI, L.P.",sizeUsdMm,null,5575,HIGH,https://www.prnewswire.com/news-releases/arclight-closes-sixth-fund-with-56-billion-in-commitments-300120201.html
2026-08-03-lineage-production-v2,161c1a51044fe6a7e4f7f342b273709bf195dbbb9d61bc95322b7bcf824d8693,CREATE,FUND-153,ArcLight Capital Partners,"ArcLight Energy Partners Fund VI, L.P.",sourceUrls,null,"[""https://www.prnewswire.com/news-releases/arclight-closes-sixth-fund-with-56-billion-in-commitments-300120201.html""]",HIGH,
2026-08-03-lineage-production-v2,161c1a51044fe6a7e4f7f342b273709bf195dbbb9d61bc95322b7bcf824d8693,CREATE,FUND-153,ArcLight Capital Partners,"ArcLight Energy Partners Fund VI, L.P.",strategies,null,"[""Value-Add""]",HIGH,https://www.prnewswire.com/news-releases/arclight-closes-sixth-fund-with-56-billion-in-commitments-300120201.html
2026-08-03-lineage-production-v2,161c1a51044fe6a7e4f7f342b273709bf195dbbb9d61bc95322b7bcf824d8693,CREATE,FUND-153,ArcLight Capital Partners,"ArcLight Energy Partners Fund VI, L.P.",strategyUrl,null,"""https://www.prnewswire.com/news-releases/arclight-closes-sixth-fund-with-56-billion-in-commitments-300120201.html""",HIGH,
2026-08-03-lineage-production-v2,161c1a51044fe6a7e4f7f342b273709bf195dbbb9d61bc95322b7bcf824d8693,CREATE,FUND-153,ArcLight Capital Partners,"ArcLight Energy Partners Fund VI, L.P.",structure,null,"""Closed-End""",HIGH,https://www.prnewswire.com/news-releases/arclight-closes-sixth-fund-with-56-billion-in-commitments-300120201.html
2026-08-03-lineage-production-v2,161c1a51044fe6a7e4f7f342b273709bf195dbbb9d61bc95322b7bcf824d8693,CREATE,FUND-153,ArcLight Capital Partners,"ArcLight Energy Partners Fund VI, L.P.",vintage,null,"""2015""",HIGH,https://www.prnewswire.com/news-releases/arclight-closes-sixth-fund-with-56-billion-in-commitments-300120201.html
2026-08-03-lineage-production-v2,161c1a51044fe6a7e4f7f342b273709bf195dbbb9d61bc95322b7bcf824d8693,CREATE,FUND-154,ArcLight Capital Partners,"ArcLight Energy Partners Fund VII, L.P.",fundName,null,"""ArcLight Energy Partners Fund VII, L.P.""",HIGH,https://arclight.com/portfolio-services/; https://www.prnewswire.com/news-releases/arclight-closes-seventh-fund-with-3-4-billion-in-commitments-300997414.html
2026-08-03-lineage-production-v2,161c1a51044fe6a7e4f7f342b273709bf195dbbb9d61bc95322b7bcf824d8693,CREATE,FUND-154,ArcLight Capital Partners,"ArcLight Energy Partners Fund VII, L.P.",fundStatus,null,"""Financial Close""",HIGH,https://www.prnewswire.com/news-releases/arclight-closes-seventh-fund-with-3-4-billion-in-commitments-300997414.html
2026-08-03-lineage-production-v2,161c1a51044fe6a7e4f7f342b273709bf195dbbb9d61bc95322b7bcf824d8693,CREATE,FUND-154,ArcLight Capital Partners,"ArcLight Energy Partners Fund VII, L.P.",investmentStrategy,null,"""Value-added direct investments in power, renewable and midstream infrastructure.""",HIGH,https://arclight.com/portfolio-services/; https://www.prnewswire.com/news-releases/arclight-closes-seventh-fund-with-3-4-billion-in-commitments-300997414.html
2026-08-03-lineage-production-v2,161c1a51044fe6a7e4f7f342b273709bf195dbbb9d61bc95322b7bcf824d8693,CREATE,FUND-154,ArcLight Capital Partners,"ArcLight Energy Partners Fund VII, L.P.",legacyId,null,"""FUND-154""",HIGH,
2026-08-03-lineage-production-v2,161c1a51044fe6a7e4f7f342b273709bf195dbbb9d61bc95322b7bcf824d8693,CREATE,FUND-154,ArcLight Capital Partners,"ArcLight Energy Partners Fund VII, L.P.",managerName,null,"""ArcLight Capital Partners""",HIGH,https://arclight.com/portfolio-services/; https://www.prnewswire.com/news-releases/arclight-closes-seventh-fund-with-3-4-billion-in-commitments-300997414.html
2026-08-03-lineage-production-v2,161c1a51044fe6a7e4f7f342b273709bf195dbbb9d61bc95322b7bcf824d8693,CREATE,FUND-154,ArcLight Capital Partners,"ArcLight Energy Partners Fund VII, L.P.",regions,null,"[""North America""]",HIGH,https://arclight.com/portfolio-services/; https://www.prnewswire.com/news-releases/arclight-closes-seventh-fund-with-3-4-billion-in-commitments-300997414.html
2026-08-03-lineage-production-v2,161c1a51044fe6a7e4f7f342b273709bf195dbbb9d61bc95322b7bcf824d8693,CREATE,FUND-154,ArcLight Capital Partners,"ArcLight Energy Partners Fund VII, L.P.",sectors,null,"[""Midstream"",""Power & ET"",""Utilities""]",HIGH,https://arclight.com/portfolio-services/; https://www.prnewswire.com/news-releases/arclight-closes-seventh-fund-with-3-4-billion-in-commitments-300997414.html
2026-08-03-lineage-production-v2,161c1a51044fe6a7e4f7f342b273709bf195dbbb9d61bc95322b7bcf824d8693,CREATE,FUND-154,ArcLight Capital Partners,"ArcLight Energy Partners Fund VII, L.P.",size,null,"""Approximately $3.4B commitments""",HIGH,https://www.prnewswire.com/news-releases/arclight-closes-seventh-fund-with-3-4-billion-in-commitments-300997414.html
2026-08-03-lineage-production-v2,161c1a51044fe6a7e4f7f342b273709bf195dbbb9d61bc95322b7bcf824d8693,CREATE,FUND-154,ArcLight Capital Partners,"ArcLight Energy Partners Fund VII, L.P.",sizeAsOf,null,"""2020-02-03""",HIGH,https://www.prnewswire.com/news-releases/arclight-closes-seventh-fund-with-3-4-billion-in-commitments-300997414.html
2026-08-03-lineage-production-v2,161c1a51044fe6a7e4f7f342b273709bf195dbbb9d61bc95322b7bcf824d8693,CREATE,FUND-154,ArcLight Capital Partners,"ArcLight Energy Partners Fund VII, L.P.",sizeBasis,null,"""COMMITMENTS""",HIGH,https://www.prnewswire.com/news-releases/arclight-closes-seventh-fund-with-3-4-billion-in-commitments-300997414.html
2026-08-03-lineage-production-v2,161c1a51044fe6a7e4f7f342b273709bf195dbbb9d61bc95322b7bcf824d8693,CREATE,FUND-154,ArcLight Capital Partners,"ArcLight Energy Partners Fund VII, L.P.",sizeNativeAmount,null,"""3400000000""",HIGH,https://www.prnewswire.com/news-releases/arclight-closes-seventh-fund-with-3-4-billion-in-commitments-300997414.html
2026-08-03-lineage-production-v2,161c1a51044fe6a7e4f7f342b273709bf195dbbb9d61bc95322b7bcf824d8693,CREATE,FUND-154,ArcLight Capital Partners,"ArcLight Energy Partners Fund VII, L.P.",sizeNativeCurrency,null,"""USD""",HIGH,https://www.prnewswire.com/news-releases/arclight-closes-seventh-fund-with-3-4-billion-in-commitments-300997414.html
2026-08-03-lineage-production-v2,161c1a51044fe6a7e4f7f342b273709bf195dbbb9d61bc95322b7bcf824d8693,CREATE,FUND-154,ArcLight Capital Partners,"ArcLight Energy Partners Fund VII, L.P.",sizeUsdMm,null,3400,HIGH,https://www.prnewswire.com/news-releases/arclight-closes-seventh-fund-with-3-4-billion-in-commitments-300997414.html
2026-08-03-lineage-production-v2,161c1a51044fe6a7e4f7f342b273709bf195dbbb9d61bc95322b7bcf824d8693,CREATE,FUND-154,ArcLight Capital Partners,"ArcLight Energy Partners Fund VII, L.P.",sourceUrls,null,"[""https://arclight.com/portfolio-services/"",""https://www.prnewswire.com/news-releases/arclight-closes-seventh-fund-with-3-4-billion-in-commitments-300997414.html""]",HIGH,
2026-08-03-lineage-production-v2,161c1a51044fe6a7e4f7f342b273709bf195dbbb9d61bc95322b7bcf824d8693,CREATE,FUND-154,ArcLight Capital Partners,"ArcLight Energy Partners Fund VII, L.P.",strategies,null,"[""Value-Add""]",HIGH,https://www.prnewswire.com/news-releases/arclight-closes-seventh-fund-with-3-4-billion-in-commitments-300997414.html
2026-08-03-lineage-production-v2,161c1a51044fe6a7e4f7f342b273709bf195dbbb9d61bc95322b7bcf824d8693,CREATE,FUND-154,ArcLight Capital Partners,"ArcLight Energy Partners Fund VII, L.P.",strategyUrl,null,"""https://www.prnewswire.com/news-releases/arclight-closes-seventh-fund-with-3-4-billion-in-commitments-300997414.html""",HIGH,
2026-08-03-lineage-production-v2,161c1a51044fe6a7e4f7f342b273709bf195dbbb9d61bc95322b7bcf824d8693,CREATE,FUND-154,ArcLight Capital Partners,"ArcLight Energy Partners Fund VII, L.P.",structure,null,"""Closed-End""",HIGH,https://www.prnewswire.com/news-releases/arclight-closes-seventh-fund-with-3-4-billion-in-commitments-300997414.html
2026-08-03-lineage-production-v2,161c1a51044fe6a7e4f7f342b273709bf195dbbb9d61bc95322b7bcf824d8693,CREATE,FUND-154,ArcLight Capital Partners,"ArcLight Energy Partners Fund VII, L.P.",vintage,null,"""2020""",HIGH,https://www.prnewswire.com/news-releases/arclight-closes-seventh-fund-with-3-4-billion-in-commitments-300997414.html
2026-08-03-lineage-production-v2,161c1a51044fe6a7e4f7f342b273709bf195dbbb9d61bc95322b7bcf824d8693,CREATE,FUND-155,Ares Management,"Ares Climate Infrastructure Partners, L.P.",fundName,null,"""Ares Climate Infrastructure Partners, L.P.""",HIGH,https://www.businesswire.com/news/home/20211215006088/en/Ares-Management-Corporation-Raises-%242.2-Billion-of-Climate-Infrastructure-Capital; https://www.sec.gov/Archives/edgar/data/1810559/000156761921012462/xslFormDX01/primary_doc.xml
2026-08-03-lineage-production-v2,161c1a51044fe6a7e4f7f342b273709bf195dbbb9d61bc95322b7bcf824d8693,CREATE,FUND-155,Ares Management,"Ares Climate Infrastructure Partners, L.P.",fundStatus,null,"""Financial Close""",HIGH,https://www.businesswire.com/news/home/20211215006088/en/Ares-Management-Corporation-Raises-%242.2-Billion-of-Climate-Infrastructure-Capital
2026-08-03-lineage-production-v2,161c1a51044fe6a7e4f7f342b273709bf195dbbb9d61bc95322b7bcf824d8693,CREATE,FUND-155,Ares Management,"Ares Climate Infrastructure Partners, L.P.",investmentStrategy,null,"""Value-add climate infrastructure strategy directly originating flexible-capital investments in renewable energy, energy efficiency, storage, electric-vehicle infrastructure, transmission and other energy-transition assets and companies.""",HIGH,https://www.areswms.com.au/wp-content/uploads/Ares_Sustainability_Report-vF-2021F.pdf; https://www.businesswire.com/news/home/20211215006088/en/Ares-Management-Corporation-Raises-%242.2-Billion-of-Climate-Infrastructure-Capital
2026-08-03-lineage-production-v2,161c1a51044fe6a7e4f7f342b273709bf195dbbb9d61bc95322b7bcf824d8693,CREATE,FUND-155,Ares Management,"Ares Climate Infrastructure Partners, L.P.",legacyId,null,"""FUND-155""",HIGH,
2026-08-03-lineage-production-v2,161c1a51044fe6a7e4f7f342b273709bf195dbbb9d61bc95322b7bcf824d8693,CREATE,FUND-155,Ares Management,"Ares Climate Infrastructure Partners, L.P.",managerName,null,"""Ares Management""",HIGH,https://www.businesswire.com/news/home/20211215006088/en/Ares-Management-Corporation-Raises-%242.2-Billion-of-Climate-Infrastructure-Capital; https://www.sec.gov/Archives/edgar/data/1810559/000156761921012462/xslFormDX01/primary_doc.xml
2026-08-03-lineage-production-v2,161c1a51044fe6a7e4f7f342b273709bf195dbbb9d61bc95322b7bcf824d8693,CREATE,FUND-155,Ares Management,"Ares Climate Infrastructure Partners, L.P.",regions,null,"[""North America""]",HIGH,https://www.areswms.com.au/wp-content/uploads/Ares_Sustainability_Report-vF-2021F.pdf
2026-08-03-lineage-production-v2,161c1a51044fe6a7e4f7f342b273709bf195dbbb9d61bc95322b7bcf824d8693,CREATE,FUND-155,Ares Management,"Ares Climate Infrastructure Partners, L.P.",sectors,null,"[""Power & ET"",""Utilities""]",HIGH,https://www.areswms.com.au/wp-content/uploads/Ares_Sustainability_Report-vF-2021F.pdf; https://www.businesswire.com/news/home/20211215006088/en/Ares-Management-Corporation-Raises-%242.2-Billion-of-Climate-Infrastructure-Capital
2026-08-03-lineage-production-v2,161c1a51044fe6a7e4f7f342b273709bf195dbbb9d61bc95322b7bcf824d8693,CREATE,FUND-155,Ares Management,"Ares Climate Infrastructure Partners, L.P.",size,null,"""$1.4B final close""",HIGH,https://www.businesswire.com/news/home/20211215006088/en/Ares-Management-Corporation-Raises-%242.2-Billion-of-Climate-Infrastructure-Capital
2026-08-03-lineage-production-v2,161c1a51044fe6a7e4f7f342b273709bf195dbbb9d61bc95322b7bcf824d8693,CREATE,FUND-155,Ares Management,"Ares Climate Infrastructure Partners, L.P.",sizeAsOf,null,"""2021-12-16""",HIGH,https://www.businesswire.com/news/home/20211215006088/en/Ares-Management-Corporation-Raises-%242.2-Billion-of-Climate-Infrastructure-Capital
2026-08-03-lineage-production-v2,161c1a51044fe6a7e4f7f342b273709bf195dbbb9d61bc95322b7bcf824d8693,CREATE,FUND-155,Ares Management,"Ares Climate Infrastructure Partners, L.P.",sizeBasis,null,"""FINAL_CLOSE""",HIGH,https://www.businesswire.com/news/home/20211215006088/en/Ares-Management-Corporation-Raises-%242.2-Billion-of-Climate-Infrastructure-Capital
2026-08-03-lineage-production-v2,161c1a51044fe6a7e4f7f342b273709bf195dbbb9d61bc95322b7bcf824d8693,CREATE,FUND-155,Ares Management,"Ares Climate Infrastructure Partners, L.P.",sizeNativeAmount,null,"""1400000000""",HIGH,https://www.businesswire.com/news/home/20211215006088/en/Ares-Management-Corporation-Raises-%242.2-Billion-of-Climate-Infrastructure-Capital
2026-08-03-lineage-production-v2,161c1a51044fe6a7e4f7f342b273709bf195dbbb9d61bc95322b7bcf824d8693,CREATE,FUND-155,Ares Management,"Ares Climate Infrastructure Partners, L.P.",sizeNativeCurrency,null,"""USD""",HIGH,https://www.businesswire.com/news/home/20211215006088/en/Ares-Management-Corporation-Raises-%242.2-Billion-of-Climate-Infrastructure-Capital
2026-08-03-lineage-production-v2,161c1a51044fe6a7e4f7f342b273709bf195dbbb9d61bc95322b7bcf824d8693,CREATE,FUND-155,Ares Management,"Ares Climate Infrastructure Partners, L.P.",sizeUsdMm,null,1400,HIGH,https://www.businesswire.com/news/home/20211215006088/en/Ares-Management-Corporation-Raises-%242.2-Billion-of-Climate-Infrastructure-Capital
2026-08-03-lineage-production-v2,161c1a51044fe6a7e4f7f342b273709bf195dbbb9d61bc95322b7bcf824d8693,CREATE,FUND-155,Ares Management,"Ares Climate Infrastructure Partners, L.P.",sourceUrls,null,"[""https://www.areswms.com.au/wp-content/uploads/Ares_Sustainability_Report-vF-2021F.pdf"",""https://www.businesswire.com/news/home/20211215006088/en/Ares-Management-Corporation-Raises-%242.2-Billion-of-Climate-Infrastructure-Capital"",""https://www.sec.gov/Archives/edgar/data/1810559/000156761921012462/xslFormDX01/primary_doc.xml""]",HIGH,
2026-08-03-lineage-production-v2,161c1a51044fe6a7e4f7f342b273709bf195dbbb9d61bc95322b7bcf824d8693,CREATE,FUND-155,Ares Management,"Ares Climate Infrastructure Partners, L.P.",strategies,null,"[""Greenfield"",""Value-Add""]",HIGH,https://www.areswms.com.au/wp-content/uploads/Ares_Sustainability_Report-vF-2021F.pdf; https://www.businesswire.com/news/home/20211215006088/en/Ares-Management-Corporation-Raises-%242.2-Billion-of-Climate-Infrastructure-Capital
2026-08-03-lineage-production-v2,161c1a51044fe6a7e4f7f342b273709bf195dbbb9d61bc95322b7bcf824d8693,CREATE,FUND-155,Ares Management,"Ares Climate Infrastructure Partners, L.P.",strategyUrl,null,"""https://www.ares.com/us/businesses-and-products/our-businesses/infrastructure""",HIGH,
2026-08-03-lineage-production-v2,161c1a51044fe6a7e4f7f342b273709bf195dbbb9d61bc95322b7bcf824d8693,CREATE,FUND-155,Ares Management,"Ares Climate Infrastructure Partners, L.P.",structure,null,"""Closed-End""",HIGH,https://www.businesswire.com/news/home/20211215006088/en/Ares-Management-Corporation-Raises-%242.2-Billion-of-Climate-Infrastructure-Capital; https://www.sec.gov/Archives/edgar/data/1810559/000156761921012462/xslFormDX01/primary_doc.xml
2026-08-03-lineage-production-v2,161c1a51044fe6a7e4f7f342b273709bf195dbbb9d61bc95322b7bcf824d8693,CREATE,FUND-155,Ares Management,"Ares Climate Infrastructure Partners, L.P.",vintage,null,"""2018""",HIGH,https://www.sec.gov/Archives/edgar/data/1810559/000156761921012462/xslFormDX01/primary_doc.xml
2026-08-03-lineage-production-v2,161c1a51044fe6a7e4f7f342b273709bf195dbbb9d61bc95322b7bcf824d8693,CREATE,FUND-159,BlackRock,BlackRock Global Energy & Power Infrastructure Fund III,fundName,null,"""BlackRock Global Energy & Power Infrastructure Fund III""",HIGH,https://puc.sd.gov/commission/dockets/HydrocarbonPipeline/2022/HP22-001/testimony/intervenors/NDuganAttach2.pdf; https://www.nasdaq.com/press-release/blackrock-raises-us%245.1-billion-for-global-energy-power-infrastructure-fund-iii-third
2026-08-03-lineage-production-v2,161c1a51044fe6a7e4f7f342b273709bf195dbbb9d61bc95322b7bcf824d8693,CREATE,FUND-159,BlackRock,BlackRock Global Energy & Power Infrastructure Fund III,fundStatus,null,"""Financial Close""",HIGH,https://puc.sd.gov/commission/dockets/HydrocarbonPipeline/2022/HP22-001/testimony/intervenors/NDuganAttach2.pdf; https://www.blackrock.com/corporate/literature/whitepaper/blackrock-infrastructure-impact-report.pdf; https://www.nasdaq.com/press-release/blackrock-raises-us%245.1-billion-for-global-energy-power-infrastructure-fund-iii-third
2026-08-03-lineage-production-v2,161c1a51044fe6a7e4f7f342b273709bf195dbbb9d61bc95322b7bcf824d8693,CREATE,FUND-159,BlackRock,BlackRock Global Energy & Power Infrastructure Fund III,investmentStrategy,null,"""Global direct-equity energy and power infrastructure fund investing across power, energy-transition, utility, and midstream infrastructure.""",HIGH,https://puc.sd.gov/commission/dockets/HydrocarbonPipeline/2022/HP22-001/testimony/intervenors/NDuganAttach2.pdf; https://www.nasdaq.com/press-release/blackrock-raises-us%245.1-billion-for-global-energy-power-infrastructure-fund-iii-third
2026-08-03-lineage-production-v2,161c1a51044fe6a7e4f7f342b273709bf195dbbb9d61bc95322b7bcf824d8693,CREATE,FUND-159,BlackRock,BlackRock Global Energy & Power Infrastructure Fund III,legacyId,null,"""FUND-159""",HIGH,
2026-08-03-lineage-production-v2,161c1a51044fe6a7e4f7f342b273709bf195dbbb9d61bc95322b7bcf824d8693,CREATE,FUND-159,BlackRock,BlackRock Global Energy & Power Infrastructure Fund III,managerName,null,"""BlackRock""",HIGH,https://puc.sd.gov/commission/dockets/HydrocarbonPipeline/2022/HP22-001/testimony/intervenors/NDuganAttach2.pdf; https://www.nasdaq.com/press-release/blackrock-raises-us%245.1-billion-for-global-energy-power-infrastructure-fund-iii-third
2026-08-03-lineage-production-v2,161c1a51044fe6a7e4f7f342b273709bf195dbbb9d61bc95322b7bcf824d8693,CREATE,FUND-159,BlackRock,BlackRock Global Energy & Power Infrastructure Fund III,regions,null,"[""Asia-Pacific"",""Europe"",""North America""]",HIGH,https://puc.sd.gov/commission/dockets/HydrocarbonPipeline/2022/HP22-001/testimony/intervenors/NDuganAttach2.pdf; https://www.blackrock.com/corporate/literature/whitepaper/blackrock-infrastructure-impact-report.pdf; https://www.nasdaq.com/press-release/blackrock-raises-us%245.1-billion-for-global-energy-power-infrastructure-fund-iii-third
2026-08-03-lineage-production-v2,161c1a51044fe6a7e4f7f342b273709bf195dbbb9d61bc95322b7bcf824d8693,CREATE,FUND-159,BlackRock,BlackRock Global Energy & Power Infrastructure Fund III,sectors,null,"[""Midstream"",""Power & ET"",""Utilities""]",HIGH,https://puc.sd.gov/commission/dockets/HydrocarbonPipeline/2022/HP22-001/testimony/intervenors/NDuganAttach2.pdf; https://www.blackrock.com/corporate/literature/whitepaper/blackrock-infrastructure-impact-report.pdf; https://www.nasdaq.com/press-release/blackrock-raises-us%245.1-billion-for-global-energy-power-infrastructure-fund-iii-third
2026-08-03-lineage-production-v2,161c1a51044fe6a7e4f7f342b273709bf195dbbb9d61bc95322b7bcf824d8693,CREATE,FUND-159,BlackRock,BlackRock Global Energy & Power Infrastructure Fund III,size,null,"""$5.1B final close""",HIGH,https://puc.sd.gov/commission/dockets/HydrocarbonPipeline/2022/HP22-001/testimony/intervenors/NDuganAttach2.pdf; https://www.nasdaq.com/press-release/blackrock-raises-us%245.1-billion-for-global-energy-power-infrastructure-fund-iii-third
2026-08-03-lineage-production-v2,161c1a51044fe6a7e4f7f342b273709bf195dbbb9d61bc95322b7bcf824d8693,CREATE,FUND-159,BlackRock,BlackRock Global Energy & Power Infrastructure Fund III,sizeAsOf,null,"""2020-04-15""",HIGH,https://puc.sd.gov/commission/dockets/HydrocarbonPipeline/2022/HP22-001/testimony/intervenors/NDuganAttach2.pdf; https://www.nasdaq.com/press-release/blackrock-raises-us%245.1-billion-for-global-energy-power-infrastructure-fund-iii-third
2026-08-03-lineage-production-v2,161c1a51044fe6a7e4f7f342b273709bf195dbbb9d61bc95322b7bcf824d8693,CREATE,FUND-159,BlackRock,BlackRock Global Energy & Power Infrastructure Fund III,sizeBasis,null,"""FINAL_CLOSE""",HIGH,https://puc.sd.gov/commission/dockets/HydrocarbonPipeline/2022/HP22-001/testimony/intervenors/NDuganAttach2.pdf; https://www.nasdaq.com/press-release/blackrock-raises-us%245.1-billion-for-global-energy-power-infrastructure-fund-iii-third
2026-08-03-lineage-production-v2,161c1a51044fe6a7e4f7f342b273709bf195dbbb9d61bc95322b7bcf824d8693,CREATE,FUND-159,BlackRock,BlackRock Global Energy & Power Infrastructure Fund III,sizeNativeAmount,null,"""5100000000""",HIGH,https://puc.sd.gov/commission/dockets/HydrocarbonPipeline/2022/HP22-001/testimony/intervenors/NDuganAttach2.pdf; https://www.nasdaq.com/press-release/blackrock-raises-us%245.1-billion-for-global-energy-power-infrastructure-fund-iii-third
2026-08-03-lineage-production-v2,161c1a51044fe6a7e4f7f342b273709bf195dbbb9d61bc95322b7bcf824d8693,CREATE,FUND-159,BlackRock,BlackRock Global Energy & Power Infrastructure Fund III,sizeNativeCurrency,null,"""USD""",HIGH,https://puc.sd.gov/commission/dockets/HydrocarbonPipeline/2022/HP22-001/testimony/intervenors/NDuganAttach2.pdf; https://www.nasdaq.com/press-release/blackrock-raises-us%245.1-billion-for-global-energy-power-infrastructure-fund-iii-third
2026-08-03-lineage-production-v2,161c1a51044fe6a7e4f7f342b273709bf195dbbb9d61bc95322b7bcf824d8693,CREATE,FUND-159,BlackRock,BlackRock Global Energy & Power Infrastructure Fund III,sizeUsdMm,null,5100,HIGH,https://puc.sd.gov/commission/dockets/HydrocarbonPipeline/2022/HP22-001/testimony/intervenors/NDuganAttach2.pdf; https://www.nasdaq.com/press-release/blackrock-raises-us%245.1-billion-for-global-energy-power-infrastructure-fund-iii-third
2026-08-03-lineage-production-v2,161c1a51044fe6a7e4f7f342b273709bf195dbbb9d61bc95322b7bcf824d8693,CREATE,FUND-159,BlackRock,BlackRock Global Energy & Power Infrastructure Fund III,sourceUrls,null,"[""https://puc.sd.gov/commission/dockets/HydrocarbonPipeline/2022/HP22-001/testimony/intervenors/NDuganAttach2.pdf"",""https://www.blackrock.com/corporate/literature/whitepaper/blackrock-infrastructure-impact-report.pdf"",""https://www.nasdaq.com/press-release/blackrock-raises-us%245.1-billion-for-global-energy-power-infrastructure-fund-iii-third""]",HIGH,
2026-08-03-lineage-production-v2,161c1a51044fe6a7e4f7f342b273709bf195dbbb9d61bc95322b7bcf824d8693,CREATE,FUND-159,BlackRock,BlackRock Global Energy & Power Infrastructure Fund III,strategies,null,"[""Core-Plus""]",HIGH,https://puc.sd.gov/commission/dockets/HydrocarbonPipeline/2022/HP22-001/testimony/intervenors/NDuganAttach2.pdf; https://www.nasdaq.com/press-release/blackrock-raises-us%245.1-billion-for-global-energy-power-infrastructure-fund-iii-third
2026-08-03-lineage-production-v2,161c1a51044fe6a7e4f7f342b273709bf195dbbb9d61bc95322b7bcf824d8693,CREATE,FUND-159,BlackRock,BlackRock Global Energy & Power Infrastructure Fund III,strategyUrl,null,"""https://www.nasdaq.com/press-release/blackrock-raises-us%245.1-billion-for-global-energy-power-infrastructure-fund-iii-third""",HIGH,
2026-08-03-lineage-production-v2,161c1a51044fe6a7e4f7f342b273709bf195dbbb9d61bc95322b7bcf824d8693,CREATE,FUND-159,BlackRock,BlackRock Global Energy & Power Infrastructure Fund III,structure,null,"""Closed-End""",HIGH,https://puc.sd.gov/commission/dockets/HydrocarbonPipeline/2022/HP22-001/testimony/intervenors/NDuganAttach2.pdf; https://www.nasdaq.com/press-release/blackrock-raises-us%245.1-billion-for-global-energy-power-infrastructure-fund-iii-third
2026-08-03-lineage-production-v2,161c1a51044fe6a7e4f7f342b273709bf195dbbb9d61bc95322b7bcf824d8693,CREATE,FUND-159,BlackRock,BlackRock Global Energy & Power Infrastructure Fund III,vintage,null,"""2020""",HIGH,https://puc.sd.gov/commission/dockets/HydrocarbonPipeline/2022/HP22-001/testimony/intervenors/NDuganAttach2.pdf; https://www.nasdaq.com/press-release/blackrock-raises-us%245.1-billion-for-global-energy-power-infrastructure-fund-iii-third
2026-08-03-lineage-production-v2,161c1a51044fe6a7e4f7f342b273709bf195dbbb9d61bc95322b7bcf824d8693,CREATE,FUND-160,BlackRock,BlackRock Global Renewable Power Fund III,fundName,null,"""BlackRock Global Renewable Power Fund III""",HIGH,https://portal.ct.gov/-/media/OTT/Pension-Funds/Investment-Advisory-Council/031021MeetingPacket.pdf; https://www.nasdaq.com/press-release/blackrock-real-assets-achieves-a-us%244.8-billion-final-close-for-global-renewable
2026-08-03-lineage-production-v2,161c1a51044fe6a7e4f7f342b273709bf195dbbb9d61bc95322b7bcf824d8693,CREATE,FUND-160,BlackRock,BlackRock Global Renewable Power Fund III,fundStatus,null,"""Financial Close""",HIGH,https://www.blackrock.com/corporate/literature/whitepaper/blackrock-infrastructure-impact-report.pdf; https://www.nasdaq.com/press-release/blackrock-real-assets-achieves-a-us%244.8-billion-final-close-for-global-renewable
2026-08-03-lineage-production-v2,161c1a51044fe6a7e4f7f342b273709bf195dbbb9d61bc95322b7bcf824d8693,CREATE,FUND-160,BlackRock,BlackRock Global Renewable Power Fund III,investmentStrategy,null,"""Global direct-equity renewable-power, storage, and grid infrastructure fund with a documented North American mandate.""",HIGH,https://portal.ct.gov/-/media/OTT/Pension-Funds/Investment-Advisory-Council/031021MeetingPacket.pdf; https://www.nasdaq.com/press-release/blackrock-real-assets-achieves-a-us%244.8-billion-final-close-for-global-renewable
2026-08-03-lineage-production-v2,161c1a51044fe6a7e4f7f342b273709bf195dbbb9d61bc95322b7bcf824d8693,CREATE,FUND-160,BlackRock,BlackRock Global Renewable Power Fund III,legacyId,null,"""FUND-160""",HIGH,
2026-08-03-lineage-production-v2,161c1a51044fe6a7e4f7f342b273709bf195dbbb9d61bc95322b7bcf824d8693,CREATE,FUND-160,BlackRock,BlackRock Global Renewable Power Fund III,managerName,null,"""BlackRock""",HIGH,https://portal.ct.gov/-/media/OTT/Pension-Funds/Investment-Advisory-Council/031021MeetingPacket.pdf; https://www.nasdaq.com/press-release/blackrock-real-assets-achieves-a-us%244.8-billion-final-close-for-global-renewable
2026-08-03-lineage-production-v2,161c1a51044fe6a7e4f7f342b273709bf195dbbb9d61bc95322b7bcf824d8693,CREATE,FUND-160,BlackRock,BlackRock Global Renewable Power Fund III,regions,null,"[""Asia-Pacific"",""Europe"",""North America""]",HIGH,https://portal.ct.gov/-/media/OTT/Pension-Funds/Investment-Advisory-Council/031021MeetingPacket.pdf; https://www.blackrock.com/corporate/literature/whitepaper/blackrock-infrastructure-impact-report.pdf; https://www.nasdaq.com/press-release/blackrock-real-assets-achieves-a-us%244.8-billion-final-close-for-global-renewable
2026-08-03-lineage-production-v2,161c1a51044fe6a7e4f7f342b273709bf195dbbb9d61bc95322b7bcf824d8693,CREATE,FUND-160,BlackRock,BlackRock Global Renewable Power Fund III,sectors,null,"[""Power & ET"",""Utilities""]",HIGH,https://portal.ct.gov/-/media/OTT/Pension-Funds/Investment-Advisory-Council/031021MeetingPacket.pdf; https://www.blackrock.com/corporate/literature/whitepaper/blackrock-infrastructure-impact-report.pdf; https://www.nasdaq.com/press-release/blackrock-real-assets-achieves-a-us%244.8-billion-final-close-for-global-renewable
2026-08-03-lineage-production-v2,161c1a51044fe6a7e4f7f342b273709bf195dbbb9d61bc95322b7bcf824d8693,CREATE,FUND-160,BlackRock,BlackRock Global Renewable Power Fund III,size,null,"""$4.8B final close""",HIGH,https://www.nasdaq.com/press-release/blackrock-real-assets-achieves-a-us%244.8-billion-final-close-for-global-renewable
2026-08-03-lineage-production-v2,161c1a51044fe6a7e4f7f342b273709bf195dbbb9d61bc95322b7bcf824d8693,CREATE,FUND-160,BlackRock,BlackRock Global Renewable Power Fund III,sizeAsOf,null,"""2021-04-08""",HIGH,https://www.nasdaq.com/press-release/blackrock-real-assets-achieves-a-us%244.8-billion-final-close-for-global-renewable
2026-08-03-lineage-production-v2,161c1a51044fe6a7e4f7f342b273709bf195dbbb9d61bc95322b7bcf824d8693,CREATE,FUND-160,BlackRock,BlackRock Global Renewable Power Fund III,sizeBasis,null,"""FINAL_CLOSE""",HIGH,https://www.nasdaq.com/press-release/blackrock-real-assets-achieves-a-us%244.8-billion-final-close-for-global-renewable
2026-08-03-lineage-production-v2,161c1a51044fe6a7e4f7f342b273709bf195dbbb9d61bc95322b7bcf824d8693,CREATE,FUND-160,BlackRock,BlackRock Global Renewable Power Fund III,sizeNativeAmount,null,"""4800000000""",HIGH,https://www.nasdaq.com/press-release/blackrock-real-assets-achieves-a-us%244.8-billion-final-close-for-global-renewable
2026-08-03-lineage-production-v2,161c1a51044fe6a7e4f7f342b273709bf195dbbb9d61bc95322b7bcf824d8693,CREATE,FUND-160,BlackRock,BlackRock Global Renewable Power Fund III,sizeNativeCurrency,null,"""USD""",HIGH,https://www.nasdaq.com/press-release/blackrock-real-assets-achieves-a-us%244.8-billion-final-close-for-global-renewable
2026-08-03-lineage-production-v2,161c1a51044fe6a7e4f7f342b273709bf195dbbb9d61bc95322b7bcf824d8693,CREATE,FUND-160,BlackRock,BlackRock Global Renewable Power Fund III,sizeUsdMm,null,4800,HIGH,https://www.nasdaq.com/press-release/blackrock-real-assets-achieves-a-us%244.8-billion-final-close-for-global-renewable
2026-08-03-lineage-production-v2,161c1a51044fe6a7e4f7f342b273709bf195dbbb9d61bc95322b7bcf824d8693,CREATE,FUND-160,BlackRock,BlackRock Global Renewable Power Fund III,sourceUrls,null,"[""https://portal.ct.gov/-/media/OTT/Pension-Funds/Investment-Advisory-Council/031021MeetingPacket.pdf"",""https://www.blackrock.com/corporate/literature/whitepaper/blackrock-infrastructure-impact-report.pdf"",""https://www.nasdaq.com/press-release/blackrock-real-assets-achieves-a-us%244.8-billion-final-close-for-global-renewable""]",HIGH,
2026-08-03-lineage-production-v2,161c1a51044fe6a7e4f7f342b273709bf195dbbb9d61bc95322b7bcf824d8693,CREATE,FUND-160,BlackRock,BlackRock Global Renewable Power Fund III,strategies,null,"[""Greenfield"",""Value-Add""]",HIGH,https://portal.ct.gov/-/media/OTT/Pension-Funds/Investment-Advisory-Council/031021MeetingPacket.pdf; https://www.nasdaq.com/press-release/blackrock-real-assets-achieves-a-us%244.8-billion-final-close-for-global-renewable
2026-08-03-lineage-production-v2,161c1a51044fe6a7e4f7f342b273709bf195dbbb9d61bc95322b7bcf824d8693,CREATE,FUND-160,BlackRock,BlackRock Global Renewable Power Fund III,strategyUrl,null,"""https://www.nasdaq.com/press-release/blackrock-real-assets-achieves-a-us%244.8-billion-final-close-for-global-renewable""",HIGH,
2026-08-03-lineage-production-v2,161c1a51044fe6a7e4f7f342b273709bf195dbbb9d61bc95322b7bcf824d8693,CREATE,FUND-160,BlackRock,BlackRock Global Renewable Power Fund III,structure,null,"""Closed-End""",HIGH,https://portal.ct.gov/-/media/OTT/Pension-Funds/Investment-Advisory-Council/031021MeetingPacket.pdf; https://www.nasdaq.com/press-release/blackrock-real-assets-achieves-a-us%244.8-billion-final-close-for-global-renewable
2026-08-03-lineage-production-v2,161c1a51044fe6a7e4f7f342b273709bf195dbbb9d61bc95322b7bcf824d8693,CREATE,FUND-160,BlackRock,BlackRock Global Renewable Power Fund III,vintage,null,"""2021""",HIGH,https://portal.ct.gov/-/media/OTT/Pension-Funds/Investment-Advisory-Council/031021MeetingPacket.pdf; https://www.nasdaq.com/press-release/blackrock-real-assets-achieves-a-us%244.8-billion-final-close-for-global-renewable
2026-08-03-lineage-production-v2,161c1a51044fe6a7e4f7f342b273709bf195dbbb9d61bc95322b7bcf824d8693,CREATE,FUND-161,Brookfield,Brookfield Infrastructure Fund IV,fundName,null,"""Brookfield Infrastructure Fund IV""",HIGH,https://bam.brookfield.com/sites/brookfield-bam-v2/files/BAM-IR-Master/Supplemental-Information/2026/Q1-26-BAM-Supplemental.pdf; https://bn.brookfield.com/press-releases/brookfield-closes-us20-billion-global-infrastructure-fund
2026-08-03-lineage-production-v2,161c1a51044fe6a7e4f7f342b273709bf195dbbb9d61bc95322b7bcf824d8693,CREATE,FUND-161,Brookfield,Brookfield Infrastructure Fund IV,fundStatus,null,"""Financial Close""",HIGH,https://bam.brookfield.com/sites/brookfield-bam-v2/files/BAM-IR-Master/Supplemental-Information/2026/Q1-26-BAM-Supplemental.pdf; https://bn.brookfield.com/press-releases/brookfield-closes-us20-billion-global-infrastructure-fund; https://www.brookfield.com/about-us/investments/genesee-wyoming
2026-08-03-lineage-production-v2,161c1a51044fe6a7e4f7f342b273709bf195dbbb9d61bc95322b7bcf824d8693,CREATE,FUND-161,Brookfield,Brookfield Infrastructure Fund IV,investmentStrategy,null,"""Fourth flagship global infrastructure equity fund applying Brookfield's operations-oriented and value-focused investment model across utility, transport, midstream and data infrastructure.""",HIGH,https://bn.brookfield.com/press-releases/brookfield-closes-us20-billion-global-infrastructure-fund
2026-08-03-lineage-production-v2,161c1a51044fe6a7e4f7f342b273709bf195dbbb9d61bc95322b7bcf824d8693,CREATE,FUND-161,Brookfield,Brookfield Infrastructure Fund IV,legacyId,null,"""FUND-161""",HIGH,
2026-08-03-lineage-production-v2,161c1a51044fe6a7e4f7f342b273709bf195dbbb9d61bc95322b7bcf824d8693,CREATE,FUND-161,Brookfield,Brookfield Infrastructure Fund IV,managerName,null,"""Brookfield""",HIGH,https://bam.brookfield.com/sites/brookfield-bam-v2/files/BAM-IR-Master/Supplemental-Information/2026/Q1-26-BAM-Supplemental.pdf; https://bn.brookfield.com/press-releases/brookfield-closes-us20-billion-global-infrastructure-fund
2026-08-03-lineage-production-v2,161c1a51044fe6a7e4f7f342b273709bf195dbbb9d61bc95322b7bcf824d8693,CREATE,FUND-161,Brookfield,Brookfield Infrastructure Fund IV,regions,null,"[""Global"",""North America""]",HIGH,https://bn.brookfield.com/press-releases/brookfield-closes-us20-billion-global-infrastructure-fund; https://www.brookfield.com/about-us/investments/genesee-wyoming
2026-08-03-lineage-production-v2,161c1a51044fe6a7e4f7f342b273709bf195dbbb9d61bc95322b7bcf824d8693,CREATE,FUND-161,Brookfield,Brookfield Infrastructure Fund IV,sectors,null,"[""Digital"",""Midstream"",""Power & ET"",""Transportation"",""Utilities""]",HIGH,https://bn.brookfield.com/press-releases/brookfield-closes-us20-billion-global-infrastructure-fund; https://www.brookfield.com/about-us/investments/genesee-wyoming
2026-08-03-lineage-production-v2,161c1a51044fe6a7e4f7f342b273709bf195dbbb9d61bc95322b7bcf824d8693,CREATE,FUND-161,Brookfield,Brookfield Infrastructure Fund IV,size,null,"""$20.0B final close""",HIGH,https://bn.brookfield.com/press-releases/brookfield-closes-us20-billion-global-infrastructure-fund
2026-08-03-lineage-production-v2,161c1a51044fe6a7e4f7f342b273709bf195dbbb9d61bc95322b7bcf824d8693,CREATE,FUND-161,Brookfield,Brookfield Infrastructure Fund IV,sizeAsOf,null,"""2020-02-07""",HIGH,https://bn.brookfield.com/press-releases/brookfield-closes-us20-billion-global-infrastructure-fund
2026-08-03-lineage-production-v2,161c1a51044fe6a7e4f7f342b273709bf195dbbb9d61bc95322b7bcf824d8693,CREATE,FUND-161,Brookfield,Brookfield Infrastructure Fund IV,sizeBasis,null,"""FINAL_CLOSE""",HIGH,https://bn.brookfield.com/press-releases/brookfield-closes-us20-billion-global-infrastructure-fund
2026-08-03-lineage-production-v2,161c1a51044fe6a7e4f7f342b273709bf195dbbb9d61bc95322b7bcf824d8693,CREATE,FUND-161,Brookfield,Brookfield Infrastructure Fund IV,sizeNativeAmount,null,"""20000000000""",HIGH,https://bn.brookfield.com/press-releases/brookfield-closes-us20-billion-global-infrastructure-fund
2026-08-03-lineage-production-v2,161c1a51044fe6a7e4f7f342b273709bf195dbbb9d61bc95322b7bcf824d8693,CREATE,FUND-161,Brookfield,Brookfield Infrastructure Fund IV,sizeNativeCurrency,null,"""USD""",HIGH,https://bn.brookfield.com/press-releases/brookfield-closes-us20-billion-global-infrastructure-fund
2026-08-03-lineage-production-v2,161c1a51044fe6a7e4f7f342b273709bf195dbbb9d61bc95322b7bcf824d8693,CREATE,FUND-161,Brookfield,Brookfield Infrastructure Fund IV,sizeUsdMm,null,20000,HIGH,https://bn.brookfield.com/press-releases/brookfield-closes-us20-billion-global-infrastructure-fund
2026-08-03-lineage-production-v2,161c1a51044fe6a7e4f7f342b273709bf195dbbb9d61bc95322b7bcf824d8693,CREATE,FUND-161,Brookfield,Brookfield Infrastructure Fund IV,sourceUrls,null,"[""https://bam.brookfield.com/sites/brookfield-bam-v2/files/BAM-IR-Master/Supplemental-Information/2026/Q1-26-BAM-Supplemental.pdf"",""https://bn.brookfield.com/press-releases/brookfield-closes-us20-billion-global-infrastructure-fund"",""https://www.brookfield.com/about-us/investments/genesee-wyoming""]",HIGH,
2026-08-03-lineage-production-v2,161c1a51044fe6a7e4f7f342b273709bf195dbbb9d61bc95322b7bcf824d8693,CREATE,FUND-161,Brookfield,Brookfield Infrastructure Fund IV,strategies,null,"[""Core-Plus""]",HIGH,https://bam.brookfield.com/sites/brookfield-bam-v2/files/BAM-IR-Master/Supplemental-Information/2026/Q1-26-BAM-Supplemental.pdf; https://bn.brookfield.com/press-releases/brookfield-closes-us20-billion-global-infrastructure-fund
2026-08-03-lineage-production-v2,161c1a51044fe6a7e4f7f342b273709bf195dbbb9d61bc95322b7bcf824d8693,CREATE,FUND-161,Brookfield,Brookfield Infrastructure Fund IV,strategyUrl,null,"""https://bn.brookfield.com/press-releases/brookfield-closes-us20-billion-global-infrastructure-fund""",HIGH,
2026-08-03-lineage-production-v2,161c1a51044fe6a7e4f7f342b273709bf195dbbb9d61bc95322b7bcf824d8693,CREATE,FUND-161,Brookfield,Brookfield Infrastructure Fund IV,structure,null,"""Closed-End""",HIGH,https://bn.brookfield.com/press-releases/brookfield-closes-us20-billion-global-infrastructure-fund
2026-08-03-lineage-production-v2,161c1a51044fe6a7e4f7f342b273709bf195dbbb9d61bc95322b7bcf824d8693,CREATE,FUND-161,Brookfield,Brookfield Infrastructure Fund IV,vintage,null,"""2019""",HIGH,https://bam.brookfield.com/sites/brookfield-bam-v2/files/BAM-IR-Master/Supplemental-Information/2026/Q1-26-BAM-Supplemental.pdf; https://bn.brookfield.com/press-releases/brookfield-closes-us20-billion-global-infrastructure-fund
2026-08-03-lineage-production-v2,161c1a51044fe6a7e4f7f342b273709bf195dbbb9d61bc95322b7bcf824d8693,CREATE,FUND-164,Copenhagen Infrastructure Partners,Copenhagen Infrastructure II (CI II),fundName,null,"""Copenhagen Infrastructure II (CI II)""",HIGH,https://www.cip.com/funds/flagship-funds/; https://www.cip.com/sustainability-related-disclosures/ci-ii-sustainability-related-disclosures/
2026-08-03-lineage-production-v2,161c1a51044fe6a7e4f7f342b273709bf195dbbb9d61bc95322b7bcf824d8693,CREATE,FUND-164,Copenhagen Infrastructure Partners,Copenhagen Infrastructure II (CI II),fundStatus,null,"""Financial Close""",HIGH,https://www.cip.com/funds/flagship-funds/; https://www.cip.com/sustainability-related-disclosures/ci-ii-sustainability-related-disclosures/
2026-08-03-lineage-production-v2,161c1a51044fe6a7e4f7f342b273709bf195dbbb9d61bc95322b7bcf824d8693,CREATE,FUND-164,Copenhagen Infrastructure Partners,Copenhagen Infrastructure II (CI II),investmentStrategy,null,"""Closed-end flagship direct-equity fund investing in regulated and contracted renewable-energy infrastructure, including large-scale wind and solar assets in North America and other low-risk OECD markets.""",HIGH,https://www.cip.com/funds/flagship-funds/
2026-08-03-lineage-production-v2,161c1a51044fe6a7e4f7f342b273709bf195dbbb9d61bc95322b7bcf824d8693,CREATE,FUND-164,Copenhagen Infrastructure Partners,Copenhagen Infrastructure II (CI II),legacyId,null,"""FUND-164""",HIGH,
2026-08-03-lineage-production-v2,161c1a51044fe6a7e4f7f342b273709bf195dbbb9d61bc95322b7bcf824d8693,CREATE,FUND-164,Copenhagen Infrastructure Partners,Copenhagen Infrastructure II (CI II),managerName,null,"""Copenhagen Infrastructure Partners""",HIGH,https://www.cip.com/funds/flagship-funds/; https://www.cip.com/sustainability-related-disclosures/ci-ii-sustainability-related-disclosures/
2026-08-03-lineage-production-v2,161c1a51044fe6a7e4f7f342b273709bf195dbbb9d61bc95322b7bcf824d8693,CREATE,FUND-164,Copenhagen Infrastructure Partners,Copenhagen Infrastructure II (CI II),regions,null,"[""Global"",""North America""]",HIGH,https://www.cip.com/funds/flagship-funds/
2026-08-03-lineage-production-v2,161c1a51044fe6a7e4f7f342b273709bf195dbbb9d61bc95322b7bcf824d8693,CREATE,FUND-164,Copenhagen Infrastructure Partners,Copenhagen Infrastructure II (CI II),sectors,null,"[""Power & ET"",""Utilities""]",HIGH,https://www.cip.com/funds/flagship-funds/
2026-08-03-lineage-production-v2,161c1a51044fe6a7e4f7f342b273709bf195dbbb9d61bc95322b7bcf824d8693,CREATE,FUND-164,Copenhagen Infrastructure Partners,Copenhagen Infrastructure II (CI II),size,null,"""€2.0B total commitments""",HIGH,https://www.cip.com/funds/flagship-funds/
2026-08-03-lineage-production-v2,161c1a51044fe6a7e4f7f342b273709bf195dbbb9d61bc95322b7bcf824d8693,CREATE,FUND-164,Copenhagen Infrastructure Partners,Copenhagen Infrastructure II (CI II),sizeAsOf,null,"""2015-07-31""",HIGH,https://www.cip.com/funds/flagship-funds/
2026-08-03-lineage-production-v2,161c1a51044fe6a7e4f7f342b273709bf195dbbb9d61bc95322b7bcf824d8693,CREATE,FUND-164,Copenhagen Infrastructure Partners,Copenhagen Infrastructure II (CI II),sizeBasis,null,"""FINAL_CLOSE""",HIGH,https://www.cip.com/funds/flagship-funds/
2026-08-03-lineage-production-v2,161c1a51044fe6a7e4f7f342b273709bf195dbbb9d61bc95322b7bcf824d8693,CREATE,FUND-164,Copenhagen Infrastructure Partners,Copenhagen Infrastructure II (CI II),sizeNativeAmount,null,"""2000000000""",HIGH,https://www.cip.com/funds/flagship-funds/
2026-08-03-lineage-production-v2,161c1a51044fe6a7e4f7f342b273709bf195dbbb9d61bc95322b7bcf824d8693,CREATE,FUND-164,Copenhagen Infrastructure Partners,Copenhagen Infrastructure II (CI II),sizeNativeCurrency,null,"""EUR""",HIGH,https://www.cip.com/funds/flagship-funds/
2026-08-03-lineage-production-v2,161c1a51044fe6a7e4f7f342b273709bf195dbbb9d61bc95322b7bcf824d8693,CREATE,FUND-164,Copenhagen Infrastructure Partners,Copenhagen Infrastructure II (CI II),sourceUrls,null,"[""https://www.cip.com/funds/flagship-funds/"",""https://www.cip.com/sustainability-related-disclosures/ci-ii-sustainability-related-disclosures/""]",HIGH,
2026-08-03-lineage-production-v2,161c1a51044fe6a7e4f7f342b273709bf195dbbb9d61bc95322b7bcf824d8693,CREATE,FUND-164,Copenhagen Infrastructure Partners,Copenhagen Infrastructure II (CI II),strategies,null,"[""Core-Plus"",""Greenfield""]",HIGH,https://www.cip.com/funds/flagship-funds/
2026-08-03-lineage-production-v2,161c1a51044fe6a7e4f7f342b273709bf195dbbb9d61bc95322b7bcf824d8693,CREATE,FUND-164,Copenhagen Infrastructure Partners,Copenhagen Infrastructure II (CI II),strategyUrl,null,"""https://www.cip.com/funds/flagship-funds/""",HIGH,
2026-08-03-lineage-production-v2,161c1a51044fe6a7e4f7f342b273709bf195dbbb9d61bc95322b7bcf824d8693,CREATE,FUND-164,Copenhagen Infrastructure Partners,Copenhagen Infrastructure II (CI II),structure,null,"""Closed-End""",HIGH,https://www.cip.com/funds/flagship-funds/
2026-08-03-lineage-production-v2,161c1a51044fe6a7e4f7f342b273709bf195dbbb9d61bc95322b7bcf824d8693,CREATE,FUND-164,Copenhagen Infrastructure Partners,Copenhagen Infrastructure II (CI II),vintage,null,"""2014""",HIGH,https://www.cip.com/funds/flagship-funds/
2026-08-03-lineage-production-v2,161c1a51044fe6a7e4f7f342b273709bf195dbbb9d61bc95322b7bcf824d8693,CREATE,FUND-165,Copenhagen Infrastructure Partners,Copenhagen Infrastructure III (CI III),fundName,null,"""Copenhagen Infrastructure III (CI III)""",HIGH,https://www.cip.com/funds/flagship-funds/; https://www.cip.com/sustainability-related-disclosures/ci-iii-sustainability-related-disclosures/
2026-08-03-lineage-production-v2,161c1a51044fe6a7e4f7f342b273709bf195dbbb9d61bc95322b7bcf824d8693,CREATE,FUND-165,Copenhagen Infrastructure Partners,Copenhagen Infrastructure III (CI III),fundStatus,null,"""Financial Close""",HIGH,https://www.cip.com/funds/flagship-funds/; https://www.cip.com/sustainability-related-disclosures/ci-iii-sustainability-related-disclosures/
2026-08-03-lineage-production-v2,161c1a51044fe6a7e4f7f342b273709bf195dbbb9d61bc95322b7bcf824d8693,CREATE,FUND-165,Copenhagen Infrastructure Partners,Copenhagen Infrastructure III (CI III),investmentStrategy,null,"""Closed-end flagship direct-equity fund investing in large-scale offshore wind, onshore wind, solar, biomass, waste-to-energy, transmission and distribution, primarily in Northwestern Europe and North America.""",HIGH,https://www.cip.com/funds/flagship-funds/
2026-08-03-lineage-production-v2,161c1a51044fe6a7e4f7f342b273709bf195dbbb9d61bc95322b7bcf824d8693,CREATE,FUND-165,Copenhagen Infrastructure Partners,Copenhagen Infrastructure III (CI III),legacyId,null,"""FUND-165""",HIGH,
2026-08-03-lineage-production-v2,161c1a51044fe6a7e4f7f342b273709bf195dbbb9d61bc95322b7bcf824d8693,CREATE,FUND-165,Copenhagen Infrastructure Partners,Copenhagen Infrastructure III (CI III),managerName,null,"""Copenhagen Infrastructure Partners""",HIGH,https://www.cip.com/funds/flagship-funds/; https://www.cip.com/sustainability-related-disclosures/ci-iii-sustainability-related-disclosures/
2026-08-03-lineage-production-v2,161c1a51044fe6a7e4f7f342b273709bf195dbbb9d61bc95322b7bcf824d8693,CREATE,FUND-165,Copenhagen Infrastructure Partners,Copenhagen Infrastructure III (CI III),regions,null,"[""Global"",""North America""]",HIGH,https://www.cip.com/funds/flagship-funds/
2026-08-03-lineage-production-v2,161c1a51044fe6a7e4f7f342b273709bf195dbbb9d61bc95322b7bcf824d8693,CREATE,FUND-165,Copenhagen Infrastructure Partners,Copenhagen Infrastructure III (CI III),sectors,null,"[""Power & ET"",""Utilities""]",HIGH,https://www.cip.com/funds/flagship-funds/
2026-08-03-lineage-production-v2,161c1a51044fe6a7e4f7f342b273709bf195dbbb9d61bc95322b7bcf824d8693,CREATE,FUND-165,Copenhagen Infrastructure Partners,Copenhagen Infrastructure III (CI III),size,null,"""€3.5B final close""",HIGH,https://www.cip.com/funds/flagship-funds/
2026-08-03-lineage-production-v2,161c1a51044fe6a7e4f7f342b273709bf195dbbb9d61bc95322b7bcf824d8693,CREATE,FUND-165,Copenhagen Infrastructure Partners,Copenhagen Infrastructure III (CI III),sizeAsOf,null,"""2018-03-31""",HIGH,https://www.cip.com/funds/flagship-funds/
2026-08-03-lineage-production-v2,161c1a51044fe6a7e4f7f342b273709bf195dbbb9d61bc95322b7bcf824d8693,CREATE,FUND-165,Copenhagen Infrastructure Partners,Copenhagen Infrastructure III (CI III),sizeBasis,null,"""FINAL_CLOSE""",HIGH,https://www.cip.com/funds/flagship-funds/
2026-08-03-lineage-production-v2,161c1a51044fe6a7e4f7f342b273709bf195dbbb9d61bc95322b7bcf824d8693,CREATE,FUND-165,Copenhagen Infrastructure Partners,Copenhagen Infrastructure III (CI III),sizeNativeAmount,null,"""3500000000""",HIGH,https://www.cip.com/funds/flagship-funds/
2026-08-03-lineage-production-v2,161c1a51044fe6a7e4f7f342b273709bf195dbbb9d61bc95322b7bcf824d8693,CREATE,FUND-165,Copenhagen Infrastructure Partners,Copenhagen Infrastructure III (CI III),sizeNativeCurrency,null,"""EUR""",HIGH,https://www.cip.com/funds/flagship-funds/
2026-08-03-lineage-production-v2,161c1a51044fe6a7e4f7f342b273709bf195dbbb9d61bc95322b7bcf824d8693,CREATE,FUND-165,Copenhagen Infrastructure Partners,Copenhagen Infrastructure III (CI III),sourceUrls,null,"[""https://www.cip.com/funds/flagship-funds/"",""https://www.cip.com/sustainability-related-disclosures/ci-iii-sustainability-related-disclosures/""]",HIGH,
2026-08-03-lineage-production-v2,161c1a51044fe6a7e4f7f342b273709bf195dbbb9d61bc95322b7bcf824d8693,CREATE,FUND-165,Copenhagen Infrastructure Partners,Copenhagen Infrastructure III (CI III),strategies,null,"[""Core-Plus"",""Greenfield""]",HIGH,https://www.cip.com/funds/flagship-funds/
2026-08-03-lineage-production-v2,161c1a51044fe6a7e4f7f342b273709bf195dbbb9d61bc95322b7bcf824d8693,CREATE,FUND-165,Copenhagen Infrastructure Partners,Copenhagen Infrastructure III (CI III),strategyUrl,null,"""https://www.cip.com/funds/flagship-funds/""",HIGH,
2026-08-03-lineage-production-v2,161c1a51044fe6a7e4f7f342b273709bf195dbbb9d61bc95322b7bcf824d8693,CREATE,FUND-165,Copenhagen Infrastructure Partners,Copenhagen Infrastructure III (CI III),structure,null,"""Closed-End""",HIGH,https://www.cip.com/funds/flagship-funds/
2026-08-03-lineage-production-v2,161c1a51044fe6a7e4f7f342b273709bf195dbbb9d61bc95322b7bcf824d8693,CREATE,FUND-165,Copenhagen Infrastructure Partners,Copenhagen Infrastructure III (CI III),vintage,null,"""2017""",HIGH,https://www.cip.com/funds/flagship-funds/
2026-08-03-lineage-production-v2,161c1a51044fe6a7e4f7f342b273709bf195dbbb9d61bc95322b7bcf824d8693,CREATE,FUND-166,DigitalBridge,"DigitalBridge Partners II, LP",fundName,null,"""DigitalBridge Partners II, LP""",HIGH,https://ir.digitalbridge.com/news-releases/news-release-details/digitalbridge-surpasses-target-close-second-flagship-fund-83; https://ir.digitalbridge.com/node/11786/html; https://ir.digitalbridge.com/static-files/e9b2a84d-4cd5-46d7-b01e-d19cc58e82f9
2026-08-03-lineage-production-v2,161c1a51044fe6a7e4f7f342b273709bf195dbbb9d61bc95322b7bcf824d8693,CREATE,FUND-166,DigitalBridge,"DigitalBridge Partners II, LP",fundStatus,null,"""Financial Close""",HIGH,https://ir.digitalbridge.com/news-releases/news-release-details/digitalbridge-surpasses-target-close-second-flagship-fund-83; https://ir.digitalbridge.com/node/11786/html; https://ir.digitalbridge.com/static-files/e9b2a84d-4cd5-46d7-b01e-d19cc58e82f9
2026-08-03-lineage-production-v2,161c1a51044fe6a7e4f7f342b273709bf195dbbb9d61bc95322b7bcf824d8693,CREATE,FUND-166,DigitalBridge,"DigitalBridge Partners II, LP",investmentStrategy,null,"""Flagship value-add digital infrastructure fund investing across data centers, fiber, towers, small cells, edge infrastructure and related connectivity platforms.""",HIGH,https://ir.digitalbridge.com/news-releases/news-release-details/digitalbridge-surpasses-target-close-second-flagship-fund-83; https://ir.digitalbridge.com/node/11786/html
2026-08-03-lineage-production-v2,161c1a51044fe6a7e4f7f342b273709bf195dbbb9d61bc95322b7bcf824d8693,CREATE,FUND-166,DigitalBridge,"DigitalBridge Partners II, LP",legacyId,null,"""FUND-166""",HIGH,
2026-08-03-lineage-production-v2,161c1a51044fe6a7e4f7f342b273709bf195dbbb9d61bc95322b7bcf824d8693,CREATE,FUND-166,DigitalBridge,"DigitalBridge Partners II, LP",managerName,null,"""DigitalBridge""",HIGH,https://ir.digitalbridge.com/news-releases/news-release-details/digitalbridge-surpasses-target-close-second-flagship-fund-83; https://ir.digitalbridge.com/node/11786/html; https://ir.digitalbridge.com/static-files/e9b2a84d-4cd5-46d7-b01e-d19cc58e82f9
2026-08-03-lineage-production-v2,161c1a51044fe6a7e4f7f342b273709bf195dbbb9d61bc95322b7bcf824d8693,CREATE,FUND-166,DigitalBridge,"DigitalBridge Partners II, LP",regions,null,"[""Global"",""North America""]",HIGH,https://ir.digitalbridge.com/news-releases/news-release-details/digitalbridge-surpasses-target-close-second-flagship-fund-83; https://ir.digitalbridge.com/node/11786/html
2026-08-03-lineage-production-v2,161c1a51044fe6a7e4f7f342b273709bf195dbbb9d61bc95322b7bcf824d8693,CREATE,FUND-166,DigitalBridge,"DigitalBridge Partners II, LP",sectors,null,"[""Digital""]",HIGH,https://ir.digitalbridge.com/news-releases/news-release-details/digitalbridge-surpasses-target-close-second-flagship-fund-83; https://ir.digitalbridge.com/node/11786/html
2026-08-03-lineage-production-v2,161c1a51044fe6a7e4f7f342b273709bf195dbbb9d61bc95322b7bcf824d8693,CREATE,FUND-166,DigitalBridge,"DigitalBridge Partners II, LP",size,null,"""$8.3B final close""",HIGH,https://ir.digitalbridge.com/news-releases/news-release-details/digitalbridge-surpasses-target-close-second-flagship-fund-83; https://ir.digitalbridge.com/node/11786/html
2026-08-03-lineage-production-v2,161c1a51044fe6a7e4f7f342b273709bf195dbbb9d61bc95322b7bcf824d8693,CREATE,FUND-166,DigitalBridge,"DigitalBridge Partners II, LP",sizeAsOf,null,"""2021-12-31""",HIGH,https://ir.digitalbridge.com/news-releases/news-release-details/digitalbridge-surpasses-target-close-second-flagship-fund-83; https://ir.digitalbridge.com/node/11786/html
2026-08-03-lineage-production-v2,161c1a51044fe6a7e4f7f342b273709bf195dbbb9d61bc95322b7bcf824d8693,CREATE,FUND-166,DigitalBridge,"DigitalBridge Partners II, LP",sizeBasis,null,"""FINAL_CLOSE""",HIGH,https://ir.digitalbridge.com/news-releases/news-release-details/digitalbridge-surpasses-target-close-second-flagship-fund-83; https://ir.digitalbridge.com/node/11786/html
2026-08-03-lineage-production-v2,161c1a51044fe6a7e4f7f342b273709bf195dbbb9d61bc95322b7bcf824d8693,CREATE,FUND-166,DigitalBridge,"DigitalBridge Partners II, LP",sizeNativeAmount,null,"""8300000000""",HIGH,https://ir.digitalbridge.com/news-releases/news-release-details/digitalbridge-surpasses-target-close-second-flagship-fund-83; https://ir.digitalbridge.com/node/11786/html
2026-08-03-lineage-production-v2,161c1a51044fe6a7e4f7f342b273709bf195dbbb9d61bc95322b7bcf824d8693,CREATE,FUND-166,DigitalBridge,"DigitalBridge Partners II, LP",sizeNativeCurrency,null,"""USD""",HIGH,https://ir.digitalbridge.com/news-releases/news-release-details/digitalbridge-surpasses-target-close-second-flagship-fund-83; https://ir.digitalbridge.com/node/11786/html
2026-08-03-lineage-production-v2,161c1a51044fe6a7e4f7f342b273709bf195dbbb9d61bc95322b7bcf824d8693,CREATE,FUND-166,DigitalBridge,"DigitalBridge Partners II, LP",sizeUsdMm,null,8300,HIGH,https://ir.digitalbridge.com/news-releases/news-release-details/digitalbridge-surpasses-target-close-second-flagship-fund-83; https://ir.digitalbridge.com/node/11786/html
2026-08-03-lineage-production-v2,161c1a51044fe6a7e4f7f342b273709bf195dbbb9d61bc95322b7bcf824d8693,CREATE,FUND-166,DigitalBridge,"DigitalBridge Partners II, LP",sourceUrls,null,"[""https://ir.digitalbridge.com/news-releases/news-release-details/digitalbridge-surpasses-target-close-second-flagship-fund-83"",""https://ir.digitalbridge.com/node/11786/html"",""https://ir.digitalbridge.com/static-files/e9b2a84d-4cd5-46d7-b01e-d19cc58e82f9""]",HIGH,
2026-08-03-lineage-production-v2,161c1a51044fe6a7e4f7f342b273709bf195dbbb9d61bc95322b7bcf824d8693,CREATE,FUND-166,DigitalBridge,"DigitalBridge Partners II, LP",strategies,null,"[""Value-Add""]",HIGH,https://ir.digitalbridge.com/news-releases/news-release-details/digitalbridge-surpasses-target-close-second-flagship-fund-83; https://ir.digitalbridge.com/node/11786/html
2026-08-03-lineage-production-v2,161c1a51044fe6a7e4f7f342b273709bf195dbbb9d61bc95322b7bcf824d8693,CREATE,FUND-166,DigitalBridge,"DigitalBridge Partners II, LP",strategyUrl,null,"""https://ir.digitalbridge.com/news-releases/news-release-details/digitalbridge-surpasses-target-close-second-flagship-fund-83""",HIGH,
2026-08-03-lineage-production-v2,161c1a51044fe6a7e4f7f342b273709bf195dbbb9d61bc95322b7bcf824d8693,CREATE,FUND-166,DigitalBridge,"DigitalBridge Partners II, LP",structure,null,"""Closed-End""",HIGH,https://ir.digitalbridge.com/news-releases/news-release-details/digitalbridge-surpasses-target-close-second-flagship-fund-83; https://ir.digitalbridge.com/node/11786/html
2026-08-03-lineage-production-v2,161c1a51044fe6a7e4f7f342b273709bf195dbbb9d61bc95322b7bcf824d8693,CREATE,FUND-166,DigitalBridge,"DigitalBridge Partners II, LP",vintage,null,"""2020""",HIGH,https://ir.digitalbridge.com/news-releases/news-release-details/digitalbridge-surpasses-target-close-second-flagship-fund-83; https://ir.digitalbridge.com/node/11786/html
2026-08-03-lineage-production-v2,161c1a51044fe6a7e4f7f342b273709bf195dbbb9d61bc95322b7bcf824d8693,CREATE,FUND-167,DigitalBridge,"DigitalBridge Partners, LP",fundName,null,"""DigitalBridge Partners, LP""",HIGH,https://ir.digitalbridge.com/node/12381/html; https://ir.digitalbridge.com/static-files/9e7ef26e-8303-4476-bcba-65eb1e479c06; https://ir.digitalbridge.com/static-files/e9b2a84d-4cd5-46d7-b01e-d19cc58e82f9
2026-08-03-lineage-production-v2,161c1a51044fe6a7e4f7f342b273709bf195dbbb9d61bc95322b7bcf824d8693,CREATE,FUND-167,DigitalBridge,"DigitalBridge Partners, LP",fundStatus,null,"""Financial Close""",HIGH,https://ir.digitalbridge.com/node/12381/html; https://ir.digitalbridge.com/static-files/9e7ef26e-8303-4476-bcba-65eb1e479c06; https://ir.digitalbridge.com/static-files/e9b2a84d-4cd5-46d7-b01e-d19cc58e82f9
2026-08-03-lineage-production-v2,161c1a51044fe6a7e4f7f342b273709bf195dbbb9d61bc95322b7bcf824d8693,CREATE,FUND-167,DigitalBridge,"DigitalBridge Partners, LP",investmentStrategy,null,"""Flagship value-add digital infrastructure fund investing across connectivity, towers, fiber and data-center platforms.""",HIGH,https://ir.digitalbridge.com/node/12381/html; https://ir.digitalbridge.com/static-files/9e7ef26e-8303-4476-bcba-65eb1e479c06
2026-08-03-lineage-production-v2,161c1a51044fe6a7e4f7f342b273709bf195dbbb9d61bc95322b7bcf824d8693,CREATE,FUND-167,DigitalBridge,"DigitalBridge Partners, LP",legacyId,null,"""FUND-167""",HIGH,
2026-08-03-lineage-production-v2,161c1a51044fe6a7e4f7f342b273709bf195dbbb9d61bc95322b7bcf824d8693,CREATE,FUND-167,DigitalBridge,"DigitalBridge Partners, LP",managerName,null,"""DigitalBridge""",HIGH,https://ir.digitalbridge.com/node/12381/html; https://ir.digitalbridge.com/static-files/9e7ef26e-8303-4476-bcba-65eb1e479c06; https://ir.digitalbridge.com/static-files/e9b2a84d-4cd5-46d7-b01e-d19cc58e82f9
2026-08-03-lineage-production-v2,161c1a51044fe6a7e4f7f342b273709bf195dbbb9d61bc95322b7bcf824d8693,CREATE,FUND-167,DigitalBridge,"DigitalBridge Partners, LP",regions,null,"[""Global"",""North America""]",HIGH,https://ir.digitalbridge.com/static-files/9e7ef26e-8303-4476-bcba-65eb1e479c06
2026-08-03-lineage-production-v2,161c1a51044fe6a7e4f7f342b273709bf195dbbb9d61bc95322b7bcf824d8693,CREATE,FUND-167,DigitalBridge,"DigitalBridge Partners, LP",sectors,null,"[""Digital""]",HIGH,https://ir.digitalbridge.com/static-files/9e7ef26e-8303-4476-bcba-65eb1e479c06
2026-08-03-lineage-production-v2,161c1a51044fe6a7e4f7f342b273709bf195dbbb9d61bc95322b7bcf824d8693,CREATE,FUND-167,DigitalBridge,"DigitalBridge Partners, LP",size,null,"""$4.059B final close""",HIGH,https://ir.digitalbridge.com/static-files/9e7ef26e-8303-4476-bcba-65eb1e479c06
2026-08-03-lineage-production-v2,161c1a51044fe6a7e4f7f342b273709bf195dbbb9d61bc95322b7bcf824d8693,CREATE,FUND-167,DigitalBridge,"DigitalBridge Partners, LP",sizeAsOf,null,"""2019-12-31""",HIGH,https://ir.digitalbridge.com/static-files/9e7ef26e-8303-4476-bcba-65eb1e479c06
2026-08-03-lineage-production-v2,161c1a51044fe6a7e4f7f342b273709bf195dbbb9d61bc95322b7bcf824d8693,CREATE,FUND-167,DigitalBridge,"DigitalBridge Partners, LP",sizeBasis,null,"""FINAL_CLOSE""",HIGH,https://ir.digitalbridge.com/static-files/9e7ef26e-8303-4476-bcba-65eb1e479c06
2026-08-03-lineage-production-v2,161c1a51044fe6a7e4f7f342b273709bf195dbbb9d61bc95322b7bcf824d8693,CREATE,FUND-167,DigitalBridge,"DigitalBridge Partners, LP",sizeNativeAmount,null,"""4059000000""",HIGH,https://ir.digitalbridge.com/static-files/9e7ef26e-8303-4476-bcba-65eb1e479c06
2026-08-03-lineage-production-v2,161c1a51044fe6a7e4f7f342b273709bf195dbbb9d61bc95322b7bcf824d8693,CREATE,FUND-167,DigitalBridge,"DigitalBridge Partners, LP",sizeNativeCurrency,null,"""USD""",HIGH,https://ir.digitalbridge.com/static-files/9e7ef26e-8303-4476-bcba-65eb1e479c06
2026-08-03-lineage-production-v2,161c1a51044fe6a7e4f7f342b273709bf195dbbb9d61bc95322b7bcf824d8693,CREATE,FUND-167,DigitalBridge,"DigitalBridge Partners, LP",sizeUsdMm,null,4059,HIGH,https://ir.digitalbridge.com/static-files/9e7ef26e-8303-4476-bcba-65eb1e479c06
2026-08-03-lineage-production-v2,161c1a51044fe6a7e4f7f342b273709bf195dbbb9d61bc95322b7bcf824d8693,CREATE,FUND-167,DigitalBridge,"DigitalBridge Partners, LP",sourceUrls,null,"[""https://ir.digitalbridge.com/node/12381/html"",""https://ir.digitalbridge.com/static-files/9e7ef26e-8303-4476-bcba-65eb1e479c06"",""https://ir.digitalbridge.com/static-files/e9b2a84d-4cd5-46d7-b01e-d19cc58e82f9""]",HIGH,
2026-08-03-lineage-production-v2,161c1a51044fe6a7e4f7f342b273709bf195dbbb9d61bc95322b7bcf824d8693,CREATE,FUND-167,DigitalBridge,"DigitalBridge Partners, LP",strategies,null,"[""Value-Add""]",HIGH,https://ir.digitalbridge.com/node/12381/html; https://ir.digitalbridge.com/static-files/9e7ef26e-8303-4476-bcba-65eb1e479c06
2026-08-03-lineage-production-v2,161c1a51044fe6a7e4f7f342b273709bf195dbbb9d61bc95322b7bcf824d8693,CREATE,FUND-167,DigitalBridge,"DigitalBridge Partners, LP",strategyUrl,null,"""https://ir.digitalbridge.com/node/12381/html""",HIGH,
2026-08-03-lineage-production-v2,161c1a51044fe6a7e4f7f342b273709bf195dbbb9d61bc95322b7bcf824d8693,CREATE,FUND-167,DigitalBridge,"DigitalBridge Partners, LP",structure,null,"""Closed-End""",HIGH,https://ir.digitalbridge.com/node/12381/html; https://ir.digitalbridge.com/static-files/9e7ef26e-8303-4476-bcba-65eb1e479c06
2026-08-03-lineage-production-v2,161c1a51044fe6a7e4f7f342b273709bf195dbbb9d61bc95322b7bcf824d8693,CREATE,FUND-167,DigitalBridge,"DigitalBridge Partners, LP",vintage,null,"""2018""",HIGH,https://ir.digitalbridge.com/static-files/9e7ef26e-8303-4476-bcba-65eb1e479c06
2026-08-03-lineage-production-v2,161c1a51044fe6a7e4f7f342b273709bf195dbbb9d61bc95322b7bcf824d8693,CREATE,FUND-169,InfraRed Capital Partners,InfraRed Infrastructure Fund VI,fundName,null,"""InfraRed Infrastructure Fund VI""",HIGH,https://www.ircp.com/news/infrared-capital-partners-announces-1-billion-close-for-sixth-value-add-fund/
2026-08-03-lineage-production-v2,161c1a51044fe6a7e4f7f342b273709bf195dbbb9d61bc95322b7bcf824d8693,CREATE,FUND-169,InfraRed Capital Partners,InfraRed Infrastructure Fund VI,fundStatus,null,"""Financial Close""",HIGH,https://www.ircp.com/news/infrared-capital-partners-announces-1-billion-close-for-sixth-value-add-fund/
2026-08-03-lineage-production-v2,161c1a51044fe6a7e4f7f342b273709bf195dbbb9d61bc95322b7bcf824d8693,CREATE,FUND-169,InfraRed Capital Partners,InfraRed Infrastructure Fund VI,investmentStrategy,null,"""Value-add infrastructure equity strategy targeting energy transition, digital and transport assets across OECD markets including North America.""",HIGH,https://www.ircp.com/news/infrared-capital-partners-announces-1-billion-close-for-sixth-value-add-fund/
2026-08-03-lineage-production-v2,161c1a51044fe6a7e4f7f342b273709bf195dbbb9d61bc95322b7bcf824d8693,CREATE,FUND-169,InfraRed Capital Partners,InfraRed Infrastructure Fund VI,legacyId,null,"""FUND-169""",HIGH,
2026-08-03-lineage-production-v2,161c1a51044fe6a7e4f7f342b273709bf195dbbb9d61bc95322b7bcf824d8693,CREATE,FUND-169,InfraRed Capital Partners,InfraRed Infrastructure Fund VI,managerName,null,"""InfraRed Capital Partners""",HIGH,https://www.ircp.com/news/infrared-capital-partners-announces-1-billion-close-for-sixth-value-add-fund/
2026-08-03-lineage-production-v2,161c1a51044fe6a7e4f7f342b273709bf195dbbb9d61bc95322b7bcf824d8693,CREATE,FUND-169,InfraRed Capital Partners,InfraRed Infrastructure Fund VI,regions,null,"[""Europe"",""North America""]",HIGH,https://www.ircp.com/news/infrared-capital-partners-announces-1-billion-close-for-sixth-value-add-fund/
2026-08-03-lineage-production-v2,161c1a51044fe6a7e4f7f342b273709bf195dbbb9d61bc95322b7bcf824d8693,CREATE,FUND-169,InfraRed Capital Partners,InfraRed Infrastructure Fund VI,sectors,null,"[""Digital"",""Power & ET"",""Transportation""]",HIGH,https://www.ircp.com/news/infrared-capital-partners-announces-1-billion-close-for-sixth-value-add-fund/
2026-08-03-lineage-production-v2,161c1a51044fe6a7e4f7f342b273709bf195dbbb9d61bc95322b7bcf824d8693,CREATE,FUND-169,InfraRed Capital Partners,InfraRed Infrastructure Fund VI,size,null,"""$1.0B+ commitments including co-investment vehicles and SMAs""",HIGH,https://www.ircp.com/news/infrared-capital-partners-announces-1-billion-close-for-sixth-value-add-fund/
2026-08-03-lineage-production-v2,161c1a51044fe6a7e4f7f342b273709bf195dbbb9d61bc95322b7bcf824d8693,CREATE,FUND-169,InfraRed Capital Partners,InfraRed Infrastructure Fund VI,sizeAsOf,null,"""2024-11-20""",HIGH,https://www.ircp.com/news/infrared-capital-partners-announces-1-billion-close-for-sixth-value-add-fund/
2026-08-03-lineage-production-v2,161c1a51044fe6a7e4f7f342b273709bf195dbbb9d61bc95322b7bcf824d8693,CREATE,FUND-169,InfraRed Capital Partners,InfraRed Infrastructure Fund VI,sizeBasis,null,"""COMMITMENTS""",HIGH,https://www.ircp.com/news/infrared-capital-partners-announces-1-billion-close-for-sixth-value-add-fund/
2026-08-03-lineage-production-v2,161c1a51044fe6a7e4f7f342b273709bf195dbbb9d61bc95322b7bcf824d8693,CREATE,FUND-169,InfraRed Capital Partners,InfraRed Infrastructure Fund VI,sizeNativeAmount,null,"""1000000000""",HIGH,https://www.ircp.com/news/infrared-capital-partners-announces-1-billion-close-for-sixth-value-add-fund/
2026-08-03-lineage-production-v2,161c1a51044fe6a7e4f7f342b273709bf195dbbb9d61bc95322b7bcf824d8693,CREATE,FUND-169,InfraRed Capital Partners,InfraRed Infrastructure Fund VI,sizeNativeCurrency,null,"""USD""",HIGH,https://www.ircp.com/news/infrared-capital-partners-announces-1-billion-close-for-sixth-value-add-fund/
2026-08-03-lineage-production-v2,161c1a51044fe6a7e4f7f342b273709bf195dbbb9d61bc95322b7bcf824d8693,CREATE,FUND-169,InfraRed Capital Partners,InfraRed Infrastructure Fund VI,sizeUsdMm,null,1000,HIGH,https://www.ircp.com/news/infrared-capital-partners-announces-1-billion-close-for-sixth-value-add-fund/
2026-08-03-lineage-production-v2,161c1a51044fe6a7e4f7f342b273709bf195dbbb9d61bc95322b7bcf824d8693,CREATE,FUND-169,InfraRed Capital Partners,InfraRed Infrastructure Fund VI,sourceUrls,null,"[""https://www.ircp.com/news/infrared-capital-partners-announces-1-billion-close-for-sixth-value-add-fund/""]",HIGH,
2026-08-03-lineage-production-v2,161c1a51044fe6a7e4f7f342b273709bf195dbbb9d61bc95322b7bcf824d8693,CREATE,FUND-169,InfraRed Capital Partners,InfraRed Infrastructure Fund VI,strategies,null,"[""Value-Add""]",HIGH,https://www.ircp.com/news/infrared-capital-partners-announces-1-billion-close-for-sixth-value-add-fund/
2026-08-03-lineage-production-v2,161c1a51044fe6a7e4f7f342b273709bf195dbbb9d61bc95322b7bcf824d8693,CREATE,FUND-169,InfraRed Capital Partners,InfraRed Infrastructure Fund VI,strategyUrl,null,"""https://www.ircp.com/news/infrared-capital-partners-announces-1-billion-close-for-sixth-value-add-fund/""",HIGH,
2026-08-03-lineage-production-v2,161c1a51044fe6a7e4f7f342b273709bf195dbbb9d61bc95322b7bcf824d8693,CREATE,FUND-169,InfraRed Capital Partners,InfraRed Infrastructure Fund VI,structure,null,"""Closed-End""",HIGH,https://www.ircp.com/news/infrared-capital-partners-announces-1-billion-close-for-sixth-value-add-fund/
2026-08-03-lineage-production-v2,161c1a51044fe6a7e4f7f342b273709bf195dbbb9d61bc95322b7bcf824d8693,CREATE,FUND-169,InfraRed Capital Partners,InfraRed Infrastructure Fund VI,vintage,null,"""2024""",HIGH,https://www.ircp.com/news/infrared-capital-partners-announces-1-billion-close-for-sixth-value-add-fund/
2026-08-03-lineage-production-v2,161c1a51044fe6a7e4f7f342b273709bf195dbbb9d61bc95322b7bcf824d8693,CREATE,FUND-170,Morgan Stanley Infrastructure Partners,North Haven Infrastructure Partners III,fundName,null,"""North Haven Infrastructure Partners III""",HIGH,https://documents.dps.ny.gov/public/Common/ViewDoc.aspx?DocRefId=%7B6A1F5A66-9F45-4E90-9F6A-8A9E0D8C2C4B%7D; https://www.morganstanley.com/im/en-sg/institutional-investor/about-us/newsroom/press-release/ms-nhip-iii-close.html
2026-08-03-lineage-production-v2,161c1a51044fe6a7e4f7f342b273709bf195dbbb9d61bc95322b7bcf824d8693,CREATE,FUND-170,Morgan Stanley Infrastructure Partners,North Haven Infrastructure Partners III,fundStatus,null,"""Financial Close""",HIGH,https://www.morganstanley.com/im/en-sg/institutional-investor/about-us/newsroom/press-release/ms-nhip-iii-close.html
2026-08-03-lineage-production-v2,161c1a51044fe6a7e4f7f342b273709bf195dbbb9d61bc95322b7bcf824d8693,CREATE,FUND-170,Morgan Stanley Infrastructure Partners,North Haven Infrastructure Partners III,investmentStrategy,null,"""Global value-add infrastructure equity fund investing in communications, energy, and transport infrastructure.""",HIGH,https://www.morganstanley.com/im/en-sg/institutional-investor/about-us/newsroom/press-release/ms-nhip-iii-close.html
2026-08-03-lineage-production-v2,161c1a51044fe6a7e4f7f342b273709bf195dbbb9d61bc95322b7bcf824d8693,CREATE,FUND-170,Morgan Stanley Infrastructure Partners,North Haven Infrastructure Partners III,legacyId,null,"""FUND-170""",HIGH,
2026-08-03-lineage-production-v2,161c1a51044fe6a7e4f7f342b273709bf195dbbb9d61bc95322b7bcf824d8693,CREATE,FUND-170,Morgan Stanley Infrastructure Partners,North Haven Infrastructure Partners III,managerName,null,"""Morgan Stanley Infrastructure Partners""",HIGH,https://www.morganstanley.com/im/en-sg/institutional-investor/about-us/newsroom/press-release/ms-nhip-iii-close.html
2026-08-03-lineage-production-v2,161c1a51044fe6a7e4f7f342b273709bf195dbbb9d61bc95322b7bcf824d8693,CREATE,FUND-170,Morgan Stanley Infrastructure Partners,North Haven Infrastructure Partners III,regions,null,"[""Global"",""North America""]",HIGH,https://documents.dps.ny.gov/public/Common/ViewDoc.aspx?DocRefId=%7B6A1F5A66-9F45-4E90-9F6A-8A9E0D8C2C4B%7D; https://www.morganstanley.com/im/en-sg/institutional-investor/about-us/newsroom/press-release/ms-nhip-iii-close.html
2026-08-03-lineage-production-v2,161c1a51044fe6a7e4f7f342b273709bf195dbbb9d61bc95322b7bcf824d8693,CREATE,FUND-170,Morgan Stanley Infrastructure Partners,North Haven Infrastructure Partners III,sectors,null,"[""Digital"",""Midstream"",""Power & ET"",""Transportation""]",HIGH,https://documents.dps.ny.gov/public/Common/ViewDoc.aspx?DocRefId=%7B6A1F5A66-9F45-4E90-9F6A-8A9E0D8C2C4B%7D; https://www.morganstanley.com/im/en-sg/institutional-investor/about-us/newsroom/press-release/ms-nhip-iii-close.html
2026-08-03-lineage-production-v2,161c1a51044fe6a7e4f7f342b273709bf195dbbb9d61bc95322b7bcf824d8693,CREATE,FUND-170,Morgan Stanley Infrastructure Partners,North Haven Infrastructure Partners III,size,null,"""$5.5B final close""",HIGH,https://www.morganstanley.com/im/en-sg/institutional-investor/about-us/newsroom/press-release/ms-nhip-iii-close.html
2026-08-03-lineage-production-v2,161c1a51044fe6a7e4f7f342b273709bf195dbbb9d61bc95322b7bcf824d8693,CREATE,FUND-170,Morgan Stanley Infrastructure Partners,North Haven Infrastructure Partners III,sizeAsOf,null,"""2019-12-19""",HIGH,https://www.morganstanley.com/im/en-sg/institutional-investor/about-us/newsroom/press-release/ms-nhip-iii-close.html
2026-08-03-lineage-production-v2,161c1a51044fe6a7e4f7f342b273709bf195dbbb9d61bc95322b7bcf824d8693,CREATE,FUND-170,Morgan Stanley Infrastructure Partners,North Haven Infrastructure Partners III,sizeBasis,null,"""FINAL_CLOSE""",HIGH,https://www.morganstanley.com/im/en-sg/institutional-investor/about-us/newsroom/press-release/ms-nhip-iii-close.html
2026-08-03-lineage-production-v2,161c1a51044fe6a7e4f7f342b273709bf195dbbb9d61bc95322b7bcf824d8693,CREATE,FUND-170,Morgan Stanley Infrastructure Partners,North Haven Infrastructure Partners III,sizeNativeAmount,null,"""5500000000""",HIGH,https://www.morganstanley.com/im/en-sg/institutional-investor/about-us/newsroom/press-release/ms-nhip-iii-close.html
2026-08-03-lineage-production-v2,161c1a51044fe6a7e4f7f342b273709bf195dbbb9d61bc95322b7bcf824d8693,CREATE,FUND-170,Morgan Stanley Infrastructure Partners,North Haven Infrastructure Partners III,sizeNativeCurrency,null,"""USD""",HIGH,https://www.morganstanley.com/im/en-sg/institutional-investor/about-us/newsroom/press-release/ms-nhip-iii-close.html
2026-08-03-lineage-production-v2,161c1a51044fe6a7e4f7f342b273709bf195dbbb9d61bc95322b7bcf824d8693,CREATE,FUND-170,Morgan Stanley Infrastructure Partners,North Haven Infrastructure Partners III,sizeUsdMm,null,5500,HIGH,https://www.morganstanley.com/im/en-sg/institutional-investor/about-us/newsroom/press-release/ms-nhip-iii-close.html
2026-08-03-lineage-production-v2,161c1a51044fe6a7e4f7f342b273709bf195dbbb9d61bc95322b7bcf824d8693,CREATE,FUND-170,Morgan Stanley Infrastructure Partners,North Haven Infrastructure Partners III,sourceUrls,null,"[""https://documents.dps.ny.gov/public/Common/ViewDoc.aspx?DocRefId=%7B6A1F5A66-9F45-4E90-9F6A-8A9E0D8C2C4B%7D"",""https://www.morganstanley.com/im/en-sg/institutional-investor/about-us/newsroom/press-release/ms-nhip-iii-close.html""]",HIGH,
2026-08-03-lineage-production-v2,161c1a51044fe6a7e4f7f342b273709bf195dbbb9d61bc95322b7bcf824d8693,CREATE,FUND-170,Morgan Stanley Infrastructure Partners,North Haven Infrastructure Partners III,strategies,null,"[""Value-Add""]",HIGH,https://www.morganstanley.com/im/en-sg/institutional-investor/about-us/newsroom/press-release/ms-nhip-iii-close.html
2026-08-03-lineage-production-v2,161c1a51044fe6a7e4f7f342b273709bf195dbbb9d61bc95322b7bcf824d8693,CREATE,FUND-170,Morgan Stanley Infrastructure Partners,North Haven Infrastructure Partners III,strategyUrl,null,"""https://www.morganstanley.com/im/en-sg/institutional-investor/about-us/newsroom/press-release/ms-nhip-iii-close.html""",HIGH,
2026-08-03-lineage-production-v2,161c1a51044fe6a7e4f7f342b273709bf195dbbb9d61bc95322b7bcf824d8693,CREATE,FUND-170,Morgan Stanley Infrastructure Partners,North Haven Infrastructure Partners III,structure,null,"""Closed-End""",HIGH,https://www.morganstanley.com/im/en-sg/institutional-investor/about-us/newsroom/press-release/ms-nhip-iii-close.html
2026-08-03-lineage-production-v2,161c1a51044fe6a7e4f7f342b273709bf195dbbb9d61bc95322b7bcf824d8693,CREATE,FUND-170,Morgan Stanley Infrastructure Partners,North Haven Infrastructure Partners III,vintage,null,"""2019""",HIGH,https://www.morganstanley.com/im/en-sg/institutional-investor/about-us/newsroom/press-release/ms-nhip-iii-close.html
2026-08-03-lineage-production-v2,161c1a51044fe6a7e4f7f342b273709bf195dbbb9d61bc95322b7bcf824d8693,CREATE,FUND-171,Stonepeak,Stonepeak Infrastructure Fund IV,fundName,null,"""Stonepeak Infrastructure Fund IV""",HIGH,https://nj.gov/njbonds/treasury/doinvest/pdf/AlternativeInvestments/RealAsset/AgendaItem7c-StonepeakInfrastructureFundIV.pdf; https://stonepeak.com/in-the-news/bloomberg-stonepeak-closes-fourth-north-american-infrastructure-fund-with-14-billion-of-commitments; https://stonepeak.com/wp-content/uploads/2025/04/2025-Mid-Year-Market-and-Firm-Update-Presentation.pdf
2026-08-03-lineage-production-v2,161c1a51044fe6a7e4f7f342b273709bf195dbbb9d61bc95322b7bcf824d8693,CREATE,FUND-171,Stonepeak,Stonepeak Infrastructure Fund IV,fundStatus,null,"""Financial Close""",HIGH,https://stonepeak.com/in-the-news/bloomberg-stonepeak-closes-fourth-north-american-infrastructure-fund-with-14-billion-of-commitments; https://stonepeak.com/wp-content/uploads/2025/04/2025-Mid-Year-Market-and-Firm-Update-Presentation.pdf
2026-08-03-lineage-production-v2,161c1a51044fe6a7e4f7f342b273709bf195dbbb9d61bc95322b7bcf824d8693,CREATE,FUND-171,Stonepeak,Stonepeak Infrastructure Fund IV,investmentStrategy,null,"""Diversified North American infrastructure strategy targeting high-barrier assets across energy, transport, and digital sectors.""",HIGH,https://nj.gov/njbonds/treasury/doinvest/pdf/AlternativeInvestments/RealAsset/AgendaItem7c-StonepeakInfrastructureFundIV.pdf
2026-08-03-lineage-production-v2,161c1a51044fe6a7e4f7f342b273709bf195dbbb9d61bc95322b7bcf824d8693,CREATE,FUND-171,Stonepeak,Stonepeak Infrastructure Fund IV,legacyId,null,"""FUND-171""",HIGH,
2026-08-03-lineage-production-v2,161c1a51044fe6a7e4f7f342b273709bf195dbbb9d61bc95322b7bcf824d8693,CREATE,FUND-171,Stonepeak,Stonepeak Infrastructure Fund IV,managerName,null,"""Stonepeak""",HIGH,https://nj.gov/njbonds/treasury/doinvest/pdf/AlternativeInvestments/RealAsset/AgendaItem7c-StonepeakInfrastructureFundIV.pdf; https://stonepeak.com/in-the-news/bloomberg-stonepeak-closes-fourth-north-american-infrastructure-fund-with-14-billion-of-commitments; https://stonepeak.com/wp-content/uploads/2025/04/2025-Mid-Year-Market-and-Firm-Update-Presentation.pdf
2026-08-03-lineage-production-v2,161c1a51044fe6a7e4f7f342b273709bf195dbbb9d61bc95322b7bcf824d8693,CREATE,FUND-171,Stonepeak,Stonepeak Infrastructure Fund IV,regions,null,"[""North America""]",HIGH,https://nj.gov/njbonds/treasury/doinvest/pdf/AlternativeInvestments/RealAsset/AgendaItem7c-StonepeakInfrastructureFundIV.pdf; https://stonepeak.com/in-the-news/bloomberg-stonepeak-closes-fourth-north-american-infrastructure-fund-with-14-billion-of-commitments
2026-08-03-lineage-production-v2,161c1a51044fe6a7e4f7f342b273709bf195dbbb9d61bc95322b7bcf824d8693,CREATE,FUND-171,Stonepeak,Stonepeak Infrastructure Fund IV,sectors,null,"[""Digital"",""Power & ET"",""Transportation""]",HIGH,https://nj.gov/njbonds/treasury/doinvest/pdf/AlternativeInvestments/RealAsset/AgendaItem7c-StonepeakInfrastructureFundIV.pdf; https://stonepeak.com/wp-content/uploads/2025/04/2025-Mid-Year-Market-and-Firm-Update-Presentation.pdf
2026-08-03-lineage-production-v2,161c1a51044fe6a7e4f7f342b273709bf195dbbb9d61bc95322b7bcf824d8693,CREATE,FUND-171,Stonepeak,Stonepeak Infrastructure Fund IV,size,null,"""$14.0B final close""",HIGH,https://stonepeak.com/in-the-news/bloomberg-stonepeak-closes-fourth-north-american-infrastructure-fund-with-14-billion-of-commitments
2026-08-03-lineage-production-v2,161c1a51044fe6a7e4f7f342b273709bf195dbbb9d61bc95322b7bcf824d8693,CREATE,FUND-171,Stonepeak,Stonepeak Infrastructure Fund IV,sizeAsOf,null,"""2022-02-02""",HIGH,https://stonepeak.com/in-the-news/bloomberg-stonepeak-closes-fourth-north-american-infrastructure-fund-with-14-billion-of-commitments
2026-08-03-lineage-production-v2,161c1a51044fe6a7e4f7f342b273709bf195dbbb9d61bc95322b7bcf824d8693,CREATE,FUND-171,Stonepeak,Stonepeak Infrastructure Fund IV,sizeBasis,null,"""FINAL_CLOSE""",HIGH,https://stonepeak.com/in-the-news/bloomberg-stonepeak-closes-fourth-north-american-infrastructure-fund-with-14-billion-of-commitments
2026-08-03-lineage-production-v2,161c1a51044fe6a7e4f7f342b273709bf195dbbb9d61bc95322b7bcf824d8693,CREATE,FUND-171,Stonepeak,Stonepeak Infrastructure Fund IV,sizeNativeAmount,null,"""14000000000""",HIGH,https://stonepeak.com/in-the-news/bloomberg-stonepeak-closes-fourth-north-american-infrastructure-fund-with-14-billion-of-commitments
2026-08-03-lineage-production-v2,161c1a51044fe6a7e4f7f342b273709bf195dbbb9d61bc95322b7bcf824d8693,CREATE,FUND-171,Stonepeak,Stonepeak Infrastructure Fund IV,sizeNativeCurrency,null,"""USD""",HIGH,https://stonepeak.com/in-the-news/bloomberg-stonepeak-closes-fourth-north-american-infrastructure-fund-with-14-billion-of-commitments
2026-08-03-lineage-production-v2,161c1a51044fe6a7e4f7f342b273709bf195dbbb9d61bc95322b7bcf824d8693,CREATE,FUND-171,Stonepeak,Stonepeak Infrastructure Fund IV,sizeUsdMm,null,14000,HIGH,https://stonepeak.com/in-the-news/bloomberg-stonepeak-closes-fourth-north-american-infrastructure-fund-with-14-billion-of-commitments
2026-08-03-lineage-production-v2,161c1a51044fe6a7e4f7f342b273709bf195dbbb9d61bc95322b7bcf824d8693,CREATE,FUND-171,Stonepeak,Stonepeak Infrastructure Fund IV,sourceUrls,null,"[""https://nj.gov/njbonds/treasury/doinvest/pdf/AlternativeInvestments/RealAsset/AgendaItem7c-StonepeakInfrastructureFundIV.pdf"",""https://stonepeak.com/in-the-news/bloomberg-stonepeak-closes-fourth-north-american-infrastructure-fund-with-14-billion-of-commitments"",""https://stonepeak.com/wp-content/uploads/2025/04/2025-Mid-Year-Market-and-Firm-Update-Presentation.pdf""]",HIGH,
2026-08-03-lineage-production-v2,161c1a51044fe6a7e4f7f342b273709bf195dbbb9d61bc95322b7bcf824d8693,CREATE,FUND-171,Stonepeak,Stonepeak Infrastructure Fund IV,strategies,null,"[""Value-Add""]",HIGH,https://nj.gov/njbonds/treasury/doinvest/pdf/AlternativeInvestments/RealAsset/AgendaItem7c-StonepeakInfrastructureFundIV.pdf; https://stonepeak.com/wp-content/uploads/2025/04/2025-Mid-Year-Market-and-Firm-Update-Presentation.pdf
2026-08-03-lineage-production-v2,161c1a51044fe6a7e4f7f342b273709bf195dbbb9d61bc95322b7bcf824d8693,CREATE,FUND-171,Stonepeak,Stonepeak Infrastructure Fund IV,strategyUrl,null,"""https://stonepeak.com/in-the-news/bloomberg-stonepeak-closes-fourth-north-american-infrastructure-fund-with-14-billion-of-commitments""",HIGH,
2026-08-03-lineage-production-v2,161c1a51044fe6a7e4f7f342b273709bf195dbbb9d61bc95322b7bcf824d8693,CREATE,FUND-171,Stonepeak,Stonepeak Infrastructure Fund IV,structure,null,"""Closed-End""",HIGH,https://nj.gov/njbonds/treasury/doinvest/pdf/AlternativeInvestments/RealAsset/AgendaItem7c-StonepeakInfrastructureFundIV.pdf; https://stonepeak.com/in-the-news/bloomberg-stonepeak-closes-fourth-north-american-infrastructure-fund-with-14-billion-of-commitments
2026-08-03-lineage-production-v2,161c1a51044fe6a7e4f7f342b273709bf195dbbb9d61bc95322b7bcf824d8693,CREATE,FUND-171,Stonepeak,Stonepeak Infrastructure Fund IV,vintage,null,"""2020""",HIGH,https://nj.gov/njbonds/treasury/doinvest/pdf/AlternativeInvestments/RealAsset/AgendaItem7c-StonepeakInfrastructureFundIV.pdf
