fundId,manager,fundName,status,size,sizeUsdMm,vintage,structure,strategies,sectors,regions,sourceId,sourceUrl,sourceTier,scope,evidenceType,evidenceLabel,publishedAt,retrievedAt,supportedFields,confidence,strategyUrl,gaps,recommendedDataEdits
FUND-001,3i Group,3i Infrastructure plc,Evergreen,£3.8B,4940,Evergreen,Listed / Evergreen,Core-Plus,Power & ET | Utilities | Digital | Midstream | Transportation | Social Infra,Europe,fundsrc_b1f80d87aaea2edd37dd,https://www.3i-infrastructure.com/investors/results-reports-presentations/annual-report-2025/,PRIMARY,FUND,Listed vehicle page/report,Evergreen/listed/permanent vehicle context and ongoing strategy verification,,2026-05-09,fundName; fundStatus; investmentStrategy; size; sizeUsdMm; strategies,High,https://www.3i-infrastructure.com/,No material public-evidence gap identified in this pass.,No data edit beyond source coverage from this audit.
FUND-001,3i Group,3i Infrastructure plc,Evergreen,£3.8B,4940,Evergreen,Listed / Evergreen,Core-Plus,Power & ET | Utilities | Digital | Midstream | Transportation | Social Infra,Europe,fundsrc_e5f2508c9e84a291c540,https://www.3i.com/infrastructure/our-funds/,PRIMARY,FUND,Listed vehicle page/report,Evergreen/listed/permanent vehicle context and ongoing strategy verification,,2026-05-09,fundName; fundStatus; investmentStrategy; size; sizeUsdMm; strategies,High,https://www.3i-infrastructure.com/,No material public-evidence gap identified in this pass.,No data edit beyond source coverage from this audit.
FUND-002,3i Group,3i NA Infrastructure Fund,Financial Close,$739M,739,2022,Closed-End,Core-Plus,Digital | Transportation | Social Infra,North America,fundsrc_e5f2508c9e84a291c540,https://www.3i.com/infrastructure/our-funds/,PRIMARY,FUND,Official manager/program page,"Final close, size, vintage, and/or vehicle existence verification",,2026-05-09,fundName; fundStatus; investmentStrategy; size; sizeUsdMm; strategies; vintage,High,https://www.3i-infrastructure.com/,No material public-evidence gap identified in this pass.,No data edit beyond source coverage from this audit.
FUND-003,Abu Dhabi Investment Authority (ADIA),ADIA Direct Infrastructure,Evergreen,—,,Evergreen,Permanent Capital,Core,Power & ET | Utilities | Digital | Transportation,Global,fundsrc_920f268de1ce3f8a5df9,https://www.adia.ae/en/investments/infrastructure,INSTITUTIONAL,PROGRAM_EXCEPTION,Official manager/program page,Program context / direct platform verification,,2026-05-09,investmentStrategy; managerName; regions; sectors; strategies,Medium,https://www.adia.ae/en/investments/infrastructure,Program-level evidence only; no named vehicle document found or expected publicly for this direct/sovereign/pension platform.,Keep program-level row; do not treat manager source as fund-specific evidence.
FUND-004,AIMCo,AIMCo Direct Infrastructure Investment,Evergreen,>C$100B,74000,Evergreen,Permanent Capital,Core,Power & ET | Utilities | Midstream | Transportation,Global,fundsrc_66e4fd9f61f4031680bc,https://www.aimco.ca/what-we-do/asset-classes/infrastructure-renewable-resources/,INSTITUTIONAL,PROGRAM_EXCEPTION,Official manager/program page,Program context / direct platform verification,,2026-05-09,investmentStrategy; managerName; regions; sectors; strategies,Medium,https://www.aimco.ca/what-we-do/asset-classes/infrastructure-renewable-resources/,Program-level evidence only; no named vehicle document found or expected publicly for this direct/sovereign/pension platform.,Keep program-level row; do not treat manager source as fund-specific evidence.
FUND-005,Amber Infrastructure Group,International Public Partnerships (INPP),Evergreen,£3.0B,3900,Evergreen,Listed / Evergreen,Core,Power & ET | Utilities | Digital | Transportation | Social Infra,Europe,fundsrc_33a6596ae06291cd37a2,https://www.internationalpublicpartnerships.com/,PRIMARY,FUND,Listed vehicle page/report,Evergreen/listed/permanent vehicle context and ongoing strategy verification,,2026-05-09,fundName; fundStatus; investmentStrategy; size; sizeUsdMm; strategies,High,https://www.internationalpublicpartnerships.com/,No material public-evidence gap identified in this pass.,No data edit beyond source coverage from this audit.
FUND-006,Ancala Partners,Ancala Infrastructure Fund III,Financial Close,€1.4B,1540,2022,Closed-End,Core-Plus,Power & ET | Utilities | Digital | Midstream | Transportation | Social Infra,Europe,fundsrc_dda2213d6992fd9cc45a,https://ancala.com/ancala-announces-final-close-of-third-flagship-infrastructure-fund/,PRIMARY,FUND,Official manager/program page,"Final close, size, vintage, and/or vehicle existence verification",,2026-05-09,fundName; fundStatus; investmentStrategy; size; sizeUsdMm; strategies; vintage,High,https://www.ancala.com/,No material public-evidence gap identified in this pass.,No data edit beyond source coverage from this audit.
FUND-006A,Antin Infrastructure Partners,Antin Flagship Fund III,Financial Close,€3.6B,3960,2016,Closed-End,Value-Add,Power & ET | Utilities | Digital | Transportation | Social Infra,Europe | North America,,,Missing evidence record,,Unreconciled baseline,Evidence required before verification or application,,,,Unverified,https://www.antin-ip.com/,No migrated evidence record; reconcile this fund individually.,Do not publish or modify from automation until reviewed evidence is added.
FUND-006B,Antin Infrastructure Partners,Antin Fund III-B,Financial Close,€1.2B,1320,2020,Closed-End,Value-Add,Digital | Transportation | Social Infra,Europe | North America,,,Missing evidence record,,Unreconciled baseline,Evidence required before verification or application,,,,Unverified,https://www.antin-ip.com/,No migrated evidence record; reconcile this fund individually.,Do not publish or modify from automation until reviewed evidence is added.
FUND-006C,Antin Infrastructure Partners,Antin Flagship Fund IV,Financial Close,€6.5B,7150,2019,Closed-End,Value-Add,Power & ET | Utilities | Digital | Transportation | Social Infra,Europe | North America,,,Missing evidence record,,Unreconciled baseline,Evidence required before verification or application,,,,Unverified,https://www.antin-ip.com/,No migrated evidence record; reconcile this fund individually.,Do not publish or modify from automation until reviewed evidence is added.
FUND-007,Antin Infrastructure Partners,Antin Flagship Fund V,Financial Close,€10.2B,11220,2022,Closed-End,Value-Add,Power & ET | Utilities | Digital | Midstream | Transportation | Social Infra,Europe | North America,fundsrc_81a44d0fc915ccf9d77d,https://www.antin-ip.com/media/our-news/antin-infrastructure-partners-closes-flagship-fund-v-above-e10-billion-target,PRIMARY,FUND,Manager official release/fund page,"Final close, size, vintage, and/or vehicle existence verification",,2026-05-09,fundName; fundStatus; investmentStrategy; size; sizeUsdMm; strategies; vintage,High,https://www.antin-ip.com/,No material public-evidence gap identified in this pass.,No data edit beyond source coverage from this audit.
FUND-008,Antin Infrastructure Partners,Antin Mid Cap Fund I,Financial Close,€2.2B,2420,2021,Closed-End,Value-Add,Digital | Transportation | Social Infra,Europe | North America,fundsrc_9d4458a40372bf2449ed,https://www.antin-ip.com/media/our-news/antin-infrastructure-partners-closes-inaugural-mid-cap-fund-e22-billion-hard-cap,PRIMARY,FUND,Manager official release/fund page,"Final close, size, vintage, and/or vehicle existence verification",,2026-05-09,fundName; fundStatus; investmentStrategy; size; sizeUsdMm; strategies; vintage,High,https://www.antin-ip.com/,No material public-evidence gap identified in this pass.,No data edit beyond source coverage from this audit.
FUND-009,Antin Infrastructure Partners,Antin NextGen Fund I,Financial Close,€1.2B,1320,2021,Closed-End,Opportunistic,Power & ET | Transportation | Social Infra,Europe | North America,fundsrc_2c13161b6109448c4e17,https://www.antin-ip.com/media/our-news/antin-holds-final-close-on-inaugural-nextgen-fund-at-e1-2-billion-target,PRIMARY,FUND,Manager official release/fund page,"Final close, size, vintage, and/or vehicle existence verification",,2026-05-09,fundName; fundStatus; investmentStrategy; size; sizeUsdMm; strategies; vintage,High,https://www.antin-ip.com/,No material public-evidence gap identified in this pass.,No data edit beyond source coverage from this audit.
FUND-010,APG Asset Management,APG Direct Infrastructure Pool,Evergreen,€33.0B,36300,Evergreen,Permanent Capital,Core,Power & ET | Utilities | Digital | Midstream | Transportation | Social Infra,Global,fundsrc_24cdbd2e9b73b7fed00a,https://assetmanagement.apg.nl/infrastructure/,INSTITUTIONAL,PROGRAM_EXCEPTION,Official manager/program page,Program context / direct platform verification,,2026-05-09,investmentStrategy; managerName; regions; sectors; strategies,Medium,https://assetmanagement.apg.nl/infrastructure/,Program-level evidence only; no named vehicle document found or expected publicly for this direct/sovereign/pension platform.,Keep program-level row; do not treat manager source as fund-specific evidence.
FUND-010A,Apollo Global Management,Apollo Infrastructure Opportunities Fund II,Financial Close,$2.54B,2540,2022,Closed-End,Value-Add,Power & ET | Utilities | Digital | Transportation,North America | Europe,,,Missing evidence record,,Unreconciled baseline,Evidence required before verification or application,,,,Unverified,https://www.apollo.com/strategies/asset-management/real-assets/infrastructure,No migrated evidence record; reconcile this fund individually.,Do not publish or modify from automation until reviewed evidence is added.
FUND-011,Apollo Global Management,Apollo Infrastructure Company (AIC),Evergreen,$1.7B,1700,Evergreen,Open-End,Retail Act '40,Power & ET | Utilities | Digital | Midstream | Transportation,Global,fundsrc_b2b572820204414ae2e9,https://www.apollo.com/wealth/strategies/products/apollo-infrastructure-company,PRIMARY,FUND,Manager official release/fund page,Evergreen/listed/permanent vehicle context and ongoing strategy verification,,2026-05-09,fundName; fundStatus; investmentStrategy; size; sizeUsdMm; strategies,High,https://www.apollo.com/strategies/asset-management/real-assets/infrastructure,No material public-evidence gap identified in this pass.,No data edit beyond source coverage from this audit.
FUND-012,Apollo Global Management,Apollo Clean Transition Equity Partners I,Financial Close,$4.0B,4000,2023,Closed-End,Opportunistic,Power & ET | Utilities | Digital,Global,fundsrc_e16639f86bf4ed76f60e,https://www.apollo.com/institutional/insights-news/pressreleases/2023/04/apollo-launches-clean-transition-capital-strategy-to-support-firmwide-target-to-deploy-50-billion-by-2027-2654978,PRIMARY,FUND,Manager official release/fund page,"Final close, size, vintage, and/or vehicle existence verification",,2026-05-09,fundName; fundStatus; investmentStrategy; size; sizeUsdMm; strategies; vintage,High,https://www.apollo.com/strategies/asset-management/real-assets/infrastructure,No material public-evidence gap identified in this pass.,No data edit beyond source coverage from this audit.
FUND-013,Apollo Global Management,Apollo Clean Transition Equity Partners II,Raising,[TBD],,2024,Closed-End,Opportunistic,Power & ET | Utilities | Digital,Global,fundsrc_7223d3d4619dad90058c,https://www.sec.gov/Archives/edgar/data/2002112/000095014224002977/xslFormDX01/primary_doc.xml,INSTITUTIONAL,FUND,SEC/Form D or public-company filing,"Fundraising status, target/filing, or launch verification",,2026-05-09,fundName; investmentStrategy; strategies; vintage,High,https://www.apollo.com/strategies/asset-management/real-assets/infrastructure,"Confirm latest fundraising total/final close when manager release, Form D amendment, or LP memo becomes public.",No data edit beyond source coverage from this audit.
FUND-014,Apollo Global Management,Apollo Infrastructure Opportunities Fund III,Financial Close,$2.4B,2400,2023,Closed-End,Value-Add,Power & ET | Utilities | Digital | Transportation | Social Infra,North America | Europe,fundsrc_20aed6faa4a0cef9f5fc,https://www.sec.gov/Archives/edgar/data/1961489/000095014225001711/xslFormDX01/primary_doc.xml,INSTITUTIONAL,FUND,SEC/Form D or public-company filing,"Final close, size, vintage, and/or vehicle existence verification",,2026-05-09,fundName; fundStatus; investmentStrategy; size; sizeUsdMm; strategies; vintage,High,https://www.apollo.com/strategies/asset-management/real-assets/infrastructure,No material public-evidence gap identified in this pass.,No data edit beyond source coverage from this audit.
FUND-015,Ara Partners,Ara Fund III,Financial Close,$2.8B,2800,2023,Closed-End,Opportunistic,Power & ET | Social Infra,North America | Europe,fundsrc_99cbf4a0412d71c74ffb,https://www.prnewswire.com/news-releases/ara-partners-closes-over-3-billion-of-new-capital-commitments-302013579.html,REPUTABLE_SECONDARY,FUND,Manager release via wire service; Manager official release/fund page,"Final close, size, vintage, and/or vehicle existence verification",,2026-05-09,fundName; fundStatus; investmentStrategy; size; sizeUsdMm; strategies; vintage,Medium,https://www.arapartners.com/what-we-do/strategies/infrastructure/,No material public-evidence gap identified in this pass.,No data edit beyond source coverage from this audit.
FUND-016,Ara Partners,Ara Energy Decarbonization Fund I,Raising,$1.5B,1500,2026,Closed-End,Value-Add,Power & ET | Utilities | Midstream | Transportation,North America,fundsrc_ca1281556825d3634f6d,https://www.arapartners.com/what-we-do/strategies/energy/,PRIMARY,FUND,Manager official release/fund page,"Fundraising status, target/filing, or launch verification",,2026-05-09,fundName; investmentStrategy; size; sizeUsdMm; strategies; vintage,High,https://www.arapartners.com/what-we-do/strategies/infrastructure/,"Monitor for final close, updated Form D, LP memo, or official target/commitment disclosure.",No data edit beyond source coverage from this audit.
FUND-017,Ara Partners,Ara Infrastructure Fund I,Financial Close,$800M,800,2025,Closed-End,Value-Add,Power & ET | Digital | Midstream | Social Infra,North America | Europe,fundsrc_c8bc9613ce240998e369,https://www.arapartners.com/news/ara-partners-reaches-final-close-for-inaugural-infrastructure-fund-surpassing-target/,PRIMARY,FUND,Manager official release/fund page,"Final close, size, vintage, and/or vehicle existence verification",,2026-05-09,fundName; fundStatus; investmentStrategy; size; sizeUsdMm; strategies; vintage,High,https://www.arapartners.com/what-we-do/strategies/infrastructure/,No material public-evidence gap identified in this pass.,"Implemented: status set to Financial Close, regions include Europe, and Ara final-close source added."
FUND-018,ArcLight Capital Partners,ArcLight Infrastructure Partners Fund VIII,Financial Close,$3.9B,3900,2026,Closed-End,Opportunistic,Power & ET | Utilities | Digital | Midstream,North America,fundsrc_146d106b10e58c827212,https://www.prnewswire.com/news-releases/arclight-announces-final-fund-viii-close-of-3-9-billion-302734967.html,REPUTABLE_SECONDARY,FUND,Manager release via wire service,"Final close, size, vintage, and/or vehicle existence verification",,2026-05-09,fundName; fundStatus; investmentStrategy; size; sizeUsdMm; strategies; vintage,Medium,https://www.arclight.com/,No material public-evidence gap identified in this pass.,Implemented: renamed to ArcLight Infrastructure Partners Fund VIII; status/size/vintage updated to April 2026 final close evidence.
FUND-018A,Ardian,Ardian Americas Infrastructure Fund IV (AAIF IV),Financial Close,$0.8B,800,2018,Closed-End,Core-Plus,Power & ET | Midstream | Transportation,North America,,,Missing evidence record,,Unreconciled baseline,Evidence required before verification or application,,,,Unverified,https://www.ardian.com/infrastructure,No migrated evidence record; reconcile this fund individually.,Do not publish or modify from automation until reviewed evidence is added.
FUND-019,Ardian,Ardian Americas Infrastructure Fund V (AAIF V),Financial Close,$2.1B,2100,2022,Closed-End,Core-Plus,Power & ET | Utilities | Digital | Midstream | Transportation,North America,fundsrc_f16f6232fe0c3a8f2cdf,https://www.ardian.com/press-releases/ardian-closes-its-second-generation-americas-infrastructure-fund-us21bn,PRIMARY,FUND,Manager official release/fund page,"Final close, size, vintage, and/or vehicle existence verification",,2026-05-09,fundName; fundStatus; investmentStrategy; size; sizeUsdMm; strategies; vintage,High,https://www.ardian.com/infrastructure,No material public-evidence gap identified in this pass.,No data edit beyond source coverage from this audit.
FUND-020,Ardian,Ardian Infrastructure Fund VI,Financial Close,€11.5B,12650,2023,Closed-End,Core-Plus,Power & ET | Utilities | Digital | Midstream | Transportation | Social Infra,Europe | North America,fundsrc_255024cdc21de563b244,https://www.ardian.com/news-insights/press-releases/ardian-raises-20bn-power-essential-european-infrastructure,PRIMARY,FUND,Manager official release/fund page,"Final close, size, vintage, and/or vehicle existence verification",,2026-05-09,fundName; fundStatus; investmentStrategy; size; sizeUsdMm; strategies; vintage,High,https://www.ardian.com/infrastructure,No material public-evidence gap identified in this pass.,No data edit beyond source coverage from this audit.
FUND-021,Ares Management,Ares Core Infrastructure Fund (ACI),Evergreen,$3.9B,3900,Evergreen,Open-End,Retail Act '40,Power & ET | Utilities | Digital | Midstream,Global,fundsrc_882b04fe4941dad52eb0,https://www.areswms.com/solutions/aci,PRIMARY,FUND,Manager official release/fund page,Evergreen/listed/permanent vehicle context and ongoing strategy verification,,2026-05-09,fundName; fundStatus; investmentStrategy; size; sizeUsdMm; strategies,High,https://www.aresmgmt.com/our-business/infrastructure,No material public-evidence gap identified in this pass.,No data edit beyond source coverage from this audit.
FUND-022,Ares Management,Ares Climate Infrastructure Partners II,Raising,[$3.0B],3000,Raising,Closed-End,Opportunistic,Power & ET | Utilities | Digital,North America | Europe,fundsrc_82554dbd81863a3a8f68,https://www.sec.gov/Archives/edgar/data/1970645/000092963824004318/xslFormDX01/primary_doc.xml,INSTITUTIONAL,FUND,SEC/Form D or public-company filing,"Fundraising status, target/filing, or launch verification",,2026-05-09,fundName; investmentStrategy; size; sizeUsdMm; strategies; vintage,High,https://www.aresmgmt.com/our-business/infrastructure,"Monitor for final close, updated Form D, LP memo, or official target/commitment disclosure.",No data edit beyond source coverage from this audit.
FUND-023,Argo Infrastructure Partners,Argo Series 3,Financial Close,$2.0B,2000,2021,Closed-End,Core,Power & ET | Utilities | Digital | Transportation | Social Infra,North America,fundsrc_6e6761dae438f727fe0e,https://www.apollo.com/institutional/insights-news/pressreleases/2025/01/apollo-to-acquire-argo-infrastructure-partners-3008446,PRIMARY,FUND,Manager official release/fund page,"Final close, size, vintage, and/or vehicle existence verification",,2026-05-09,fundName; fundStatus; investmentStrategy; size; sizeUsdMm; strategies; vintage,High,https://www.argoip.com/,No material public-evidence gap identified in this pass.,No data edit beyond source coverage from this audit.
FUND-024,Astatine Investment Partners,Alinda Infrastructure Fund III,Financial Close,$1.0B,1000,2018,Closed-End,Value-Add,Power & ET | Utilities | Digital | Midstream | Transportation | Social Infra,North America | Europe,fundsrc_08c03e10a701eeda748d,https://astatineip.com/2020/06/10/alinda-fund-iii-has-strong-gain-on-first-exit/,PRIMARY,FUND,Official manager/program page,"Final close, size, vintage, and/or vehicle existence verification",,2026-05-09,fundName; fundStatus; investmentStrategy; size; sizeUsdMm; strategies; vintage,High,https://www.astatineip.com/,No material public-evidence gap identified in this pass.,No data edit beyond source coverage from this audit.
FUND-025,Astatine Investment Partners,Alinda Infrastructure Fund IV,Financial Close,$586M,586,2021,Closed-End,Value-Add,Power & ET | Utilities | Digital | Midstream | Transportation | Social Infra,North America | Europe,fundsrc_91acaf68610e9fb265bd,https://www.sec.gov/Archives/edgar/data/1831477/000183147720000001/xslFormDX01/primary_doc.xml,INSTITUTIONAL,FUND,SEC/Form D or public-company filing,"Final close, size, vintage, and/or vehicle existence verification",,2026-05-09,fundName; fundStatus; investmentStrategy; size; sizeUsdMm; strategies; vintage,High,https://www.astatineip.com/,No material public-evidence gap identified in this pass.,No data edit beyond source coverage from this audit.
FUND-026,AustralianSuper,AustralianSuper Infrastructure Portfolio,Evergreen,>$30.0B,30000,Evergreen,Permanent Capital,Core-Plus,Power & ET | Utilities | Digital | Transportation,Global | Asia-Pacific,fundsrc_faaffd8d65c046c2cba4,https://www.australiansuper.com/global-investors/capabilities/portfolio-asset-class-capabilities,INSTITUTIONAL,PROGRAM_EXCEPTION,Official manager/program page,Program context / direct platform verification,,2026-05-09,investmentStrategy; managerName; regions; sectors; strategies,Medium,https://www.australiansuper.com/global-investors/capabilities/portfolio-asset-class-capabilities,Program-level evidence only; no named vehicle document found or expected publicly for this direct/sovereign/pension platform.,Keep program-level row; do not treat manager source as fund-specific evidence.
FUND-027,Axium Infrastructure,AxInfra Fund I-IV,Evergreen,[TBD],,Evergreen,Evergreen,Core,Power & ET | Utilities | Transportation | Social Infra,North America | Europe,fundsrc_84f394cb9e9d75036f47,https://axiuminfra.com/,PRIMARY,PROGRAM_EXCEPTION,Official manager/program page,Manager strategy fallback pending fund-specific support,,2026-05-09,investmentStrategy; strategies,Low,https://axiuminfra.com/,No fund-specific public primary source found in this pass; retain conservative values and re-check SEC/LP packets before promotion.,Implemented: size moved to TBD; keep flagged for deeper follow-up because source coverage remains insufficient for named-fund facts.
FUND-028,Basalt Infrastructure Partners,Basalt BIP IV,Financial Close,$4.0B,4000,2024,Closed-End,Core-Plus,Power & ET | Utilities | Digital | Midstream | Transportation | Social Infra,Europe | North America,fundsrc_dc0f530698012e96a782,https://www.basaltinfra.com/wp-content/uploads/2026/01/Public-Full-Transparency-Report-Basalt-Infrastructure-Partners-2.pdf,PRIMARY,FUND,Official manager/program page,"Final close, size, vintage, and/or vehicle existence verification",,2026-05-09,fundName; fundStatus; investmentStrategy; size; sizeUsdMm; strategies; vintage,High,https://www.basaltinfra.com/,No material public-evidence gap identified in this pass.,No data edit beyond source coverage from this audit.
FUND-029,Basalt Infrastructure Partners,Basalt BIP V,Raising,—,,Raising,Closed-End,Core-Plus,Power & ET | Utilities | Digital | Midstream | Transportation | Social Infra,Europe | North America,fundsrc_ed6088836e8857844892,https://find-and-update.company-information.service.gov.uk/company/LP024280,INSTITUTIONAL,FUND,Public LP/regulatory filing,"Fundraising status, target/filing, or launch verification",,2026-05-09,fundName; investmentStrategy; strategies; vintage,High,https://www.basaltinfra.com/,"Confirm latest fundraising total/final close when manager release, Form D amendment, or LP memo becomes public.",No data edit beyond source coverage from this audit.
FUND-030,BCI,Infrastructure & Renewable Resources,Evergreen,~C$32B,23680,Evergreen,Permanent Capital,Core,Power & ET | Utilities | Digital | Transportation | Social Infra,Global,fundsrc_ee00a1ba82b81037347b,https://www.bci.ca/investments/infrastructure-renewable-resources/,INSTITUTIONAL,PROGRAM_EXCEPTION,Official manager/program page,Program context / direct platform verification,,2026-05-09,investmentStrategy; managerName; regions; sectors; strategies,Medium,https://www.bci.ca/investments/infrastructure-renewable-resources/,Program-level evidence only; no named vehicle document found or expected publicly for this direct/sovereign/pension platform.,Keep program-level row; do not treat manager source as fund-specific evidence.
FUND-031,Bernhard Capital Partners,BCP Fund III,Financial Close,$1.5B,1500,2022,Closed-End,Opportunistic,Power & ET | Utilities | Transportation | Social Infra,North America,fundsrc_458d2a98f2a693f78b38,https://www.sec.gov/Archives/edgar/data/1936264/000193626423000001/xslFormDX01/primary_doc.xml,INSTITUTIONAL,FUND,SEC/Form D or public-company filing,"Final close, size, vintage, and/or vehicle existence verification",,2026-05-09,fundName; fundStatus; investmentStrategy; size; sizeUsdMm; strategies; vintage,High,https://www.bernhardcapital.com/,No material public-evidence gap identified in this pass.,No data edit beyond source coverage from this audit.
FUND-032,BlackRock,BlackRock GIF IV,Financial Close,$6.1B,6100,2024,Closed-End,Core-Plus,Power & ET | Utilities | Digital | Midstream | Transportation | Social Infra,Global,fundsrc_8d9bffaf7653ac2f1b8c,https://www.businesswire.com/news/home/20221024005921/en/BlackRock-Global-Infrastructure-Fund-IV-Raises-US%244.5-Billion-at-First-Close,REPUTABLE_SECONDARY,FUND,Manager release via wire service; Manager official release/fund page,"Final close, size, vintage, and/or vehicle existence verification",,2026-05-09,fundName; fundStatus; investmentStrategy; size; sizeUsdMm; strategies; vintage,Medium,https://www.blackrock.com/institutions/en-us/strategies/alternatives/infrastructure,No material public-evidence gap identified in this pass.,No data edit beyond source coverage from this audit.
FUND-033,BlackRock,BlackRock Global Renewable Power Fund IV (GRP IV),Financial Close,[$7.0B],7000,2024,Closed-End,Core-Plus,Power & ET,Global,fundsrc_9e1bd61016a0f5b907e3,https://www.sec.gov/Archives/edgar/data/2003071/000204912525000006/xslFormDX01/primary_doc.xml,INSTITUTIONAL,FUND,SEC/Form D or public-company filing,"Final close, size, vintage, and/or vehicle existence verification",,2026-05-09,fundName; fundStatus; investmentStrategy; size; sizeUsdMm; strategies; vintage,High,https://www.blackrock.com/institutions/en-us/strategies/alternatives/infrastructure,No material public-evidence gap identified in this pass.,No data edit beyond source coverage from this audit.
FUND-033A,BlackRock,Evergreen Infrastructure Fund,Evergreen,$1.0B+,1000,Evergreen,Open-End,Core-Plus,Power & ET,North America | Europe,,,Missing evidence record,,Unreconciled baseline,Evidence required before verification or application,,,,Unverified,https://www.blackrock.com/institutions/en-us/strategies/alternatives/infrastructure,No migrated evidence record; reconcile this fund individually.,Do not publish or modify from automation until reviewed evidence is added.
FUND-034,BlackRock (GIP),GIP Core Fund,Evergreen,[$5.0B],5000,Evergreen,Evergreen,Core,Power & ET | Utilities | Digital | Transportation | Social Infra,Global,fundsrc_3b44783a38811497c292,https://www.global-infra.com/about/,PRIMARY,FUND,Official manager/program page,Evergreen/listed/permanent vehicle context and ongoing strategy verification,,2026-05-09,fundName; fundStatus; investmentStrategy; size; sizeUsdMm; strategies,High,https://www.global-infra.com/,No material public-evidence gap identified in this pass.,No data edit beyond source coverage from this audit.
FUND-035,BlackRock (GIP),GIP Mid-Market Fund V,Raising,[$7.0B],7000,2026,Closed-End,Core-Plus,Power & ET | Utilities | Midstream | Transportation | Social Infra,Global,fundsrc_8d3189f60beb6cd85b83,https://www.sec.gov/Archives/edgar/data/2077639/000207763925000001/xslFormDX01/primary_doc.xml,INSTITUTIONAL,FUND,SEC/Form D or public-company filing,"Fundraising status, target/filing, or launch verification",,2026-05-09,fundName; investmentStrategy; size; sizeUsdMm; strategies; vintage,High,https://www.global-infra.com/,"Monitor for final close, updated Form D, LP memo, or official target/commitment disclosure.",No data edit beyond source coverage from this audit.
FUND-036,BlackRock (GIP),GIP V,Financial Close,$25.2B,25200,2022,Closed-End,Core-Plus,Power & ET | Utilities | Digital | Midstream | Transportation | Social Infra,Global,fundsrc_dcb3576c629bf0fd47ee,https://www.sec.gov/Archives/edgar/data/1950567/000195056725000002/xslFormDX01/primary_doc.xml,INSTITUTIONAL,FUND,SEC/Form D or public-company filing,"Final close, size, vintage, and/or vehicle existence verification",,2026-05-09,fundName; fundStatus; investmentStrategy; size; sizeUsdMm; strategies; vintage,High,https://www.global-infra.com/,No material public-evidence gap identified in this pass.,No data edit beyond source coverage from this audit.
FUND-037,BlackRock (GIP),GIP Transition Fund,Raising,[$10.0B],10000,2025,Closed-End,Value-Add,Power & ET | Utilities | Midstream,Global,fundsrc_38369ccb60a441f600f1,https://www.sec.gov/Archives/edgar/data/2087294/000208729425000001/xslFormDX01/primary_doc.xml,INSTITUTIONAL,FUND,SEC/Form D or public-company filing,"Fundraising status, target/filing, or launch verification",,2026-05-09,fundName; investmentStrategy; size; sizeUsdMm; strategies; vintage,High,https://www.global-infra.com/,"Monitor for final close, updated Form D, LP memo, or official target/commitment disclosure.",No data edit beyond source coverage from this audit.
FUND-038,BlackRock (GIP),Global AI Infrastructure Investment Partnership (GAIIP),Raising,[$30.0B],30000,2024,Closed-End,Core-Plus,Power & ET | Utilities | Digital,Global,fundsrc_8a49b5b1f12a000fc312,https://www.blackrock.com/corporate/newsroom/press-releases/article/corporate-one/press-releases/blackrock-global-infrastructure-partners-microsoft-and-mgx-launch-new-ai,PRIMARY,FUND,Manager official release/fund page,"Fundraising status, target/filing, or launch verification",,2026-05-09,fundName; investmentStrategy; size; sizeUsdMm; strategies; vintage,High,https://www.global-infra.com/,"Monitor for final close, updated Form D, LP memo, or official target/commitment disclosure.",Implemented: reassigned from unsupported Blackstone AI row to BlackRock/GIP Global AI Infrastructure Investment Partnership.
FUND-039,Blackstone,Blackstone Infrastructure Partners (BIP),Evergreen,$77.0B,77000,Evergreen,Permanent Capital,Core-Plus,Power & ET | Utilities | Digital | Midstream | Transportation | Social Infra,Global,fundsrc_978aac09a9c1bda79cfc,https://www.sec.gov/Archives/edgar/data/1735632/000173563225000001/xslFormDX01/primary_doc.xml,INSTITUTIONAL,FUND,SEC/Form D or public-company filing,Evergreen/listed/permanent vehicle context and ongoing strategy verification,,2026-05-09,fundName; fundStatus; investmentStrategy; size; sizeUsdMm; strategies,High,https://www.blackstone.com/our-businesses/infrastructure/,No material public-evidence gap identified in this pass.,No data edit beyond source coverage from this audit.
FUND-040,Blackstone,BXINFRA,Evergreen,$4.1B,4100,Evergreen,Open-End,Retail Act '40,Digital | Midstream | Transportation | Social Infra,Global,fundsrc_e2f4f6abcf7fc84f52f4,https://www.blackstone.com/fund/blackstone-infrastructure-strategies-eltif-bxinfra/,PRIMARY,FUND,Manager official release/fund page,Evergreen/listed/permanent vehicle context and ongoing strategy verification,,2026-05-09,fundName; fundStatus; investmentStrategy; size; sizeUsdMm; strategies,High,https://www.blackstone.com/our-businesses/infrastructure/,No material public-evidence gap identified in this pass.,No data edit beyond source coverage from this audit.
FUND-041,Blackstone,Blackstone Energy Transition Partners IV (BETP IV),Financial Close,$5.6B,5600,2025,Closed-End,Opportunistic,Power & ET | Utilities | Midstream | Social Infra,North America | Europe,fundsrc_dcae00c985b5339e90b3,https://www.blackstone.com/news/press/blackstone-announces-5-6-billion-final-close-for-blackstone-energy-transition-partners-iv-at-hard-cap/,PRIMARY,FUND,Manager official release/fund page,"Final close, size, vintage, and/or vehicle existence verification",,2026-05-09,fundName; fundStatus; investmentStrategy; size; sizeUsdMm; strategies; vintage,High,https://www.blackstone.com/our-businesses/infrastructure/,No material public-evidence gap identified in this pass.,Implemented: Financial Close evidence added for Blackstone BETP IV final close.
FUND-042,Blackstone,Blackstone Energy Transition Partners V (BETP V),Raising,[TBD],,2026,Closed-End,Opportunistic,Power & ET | Utilities | Midstream | Social Infra,North America | Europe,fundsrc_08d7aba433f05467b86c,https://www.sec.gov/Archives/edgar/data/2112720/000211272026000001/xslFormDX01/primary_doc.xml,INSTITUTIONAL,FUND,SEC/Form D or public-company filing,"Fundraising status, target/filing, or launch verification",,2026-05-09,fundName; investmentStrategy; strategies; vintage,High,https://www.blackstone.com/our-businesses/infrastructure/,"Confirm latest fundraising total/final close when manager release, Form D amendment, or LP memo becomes public.",No data edit beyond source coverage from this audit.
FUND-043,Blue Owl Capital,Blue Owl ODI III,Financial Close,$7.0B,7000,2024,Closed-End,Value-Add,Digital,North America | Europe,fundsrc_78e2440dad4ddda1e040,https://ir.blueowl.com/Investors/news/news-details/2025/Blue-Owl-Capital-Announces-7-Billion-Final-Close-for-Digital-Infrastructure-Fund/default.aspx,PRIMARY,FUND,Manager official release/fund page,"Final close, size, vintage, and/or vehicle existence verification",,2026-05-09,fundName; fundStatus; investmentStrategy; size; sizeUsdMm; strategies; vintage,High,https://www.blueowl.com/real-assets,No material public-evidence gap identified in this pass.,No data edit beyond source coverage from this audit.
FUND-044,Brookfield,Brookfield Artificial Intelligence Infrastructure Fund (BAIIF),Raising,[$10.0B],10000,2025,Closed-End,Value-Add,Power & ET | Utilities | Digital,Global,fundsrc_db5335ade6f47d318a68,https://bam.brookfield.com/press-releases/brookfield-launches-100-billion-ai-infrastructure-program,PRIMARY,FUND,Manager official release/fund page,"Fundraising status, target/filing, or launch verification",,2026-05-09,fundName; investmentStrategy; size; sizeUsdMm; strategies; vintage,High,https://www.brookfield.com/our-businesses/infrastructure,"Monitor for final close, updated Form D, LP memo, or official target/commitment disclosure.",Implemented: renamed to Brookfield Artificial Intelligence Infrastructure Fund (BAIIF); target-size style retained with launch commitments context.
FUND-044A,Brookfield,Brookfield Global Transition Fund I (BGTF I),Financial Close,$15.0B,15000,2022,Closed-End,Core-Plus,Power & ET | Utilities | Social Infra,Global,,,Missing evidence record,,Unreconciled baseline,Evidence required before verification or application,,,,Unverified,https://www.brookfield.com/our-businesses/infrastructure,No migrated evidence record; reconcile this fund individually.,Do not publish or modify from automation until reviewed evidence is added.
FUND-045,Brookfield,Brookfield Global Transition Fund II (BGTF II),Financial Close,$20.0B,20000,2023,Closed-End,Core-Plus,Power & ET | Utilities | Social Infra,Global,fundsrc_4ad2d8912dcf4f5b41e2,https://bam.brookfield.com/press-releases/brookfield-raises-20-billion-record-transition-fund,PRIMARY,FUND,Manager official release/fund page,"Final close, size, vintage, and/or vehicle existence verification",,2026-05-09,fundName; fundStatus; investmentStrategy; size; sizeUsdMm; strategies; vintage,High,https://www.brookfield.com/our-businesses/infrastructure,No material public-evidence gap identified in this pass.,No data edit beyond source coverage from this audit.
FUND-046,Brookfield,Brookfield BIF V,Financial Close,$28.0B,28000,2022,Closed-End,Core-Plus,Power & ET | Utilities | Digital | Midstream | Transportation,Global,fundsrc_5da21390b6730b4bf040,https://bam.brookfield.com/press-releases/brookfield-raises-record-30-billion-flagship-infrastructure-strategy,PRIMARY,FUND,Manager official release/fund page,"Final close, size, vintage, and/or vehicle existence verification",,2026-05-09,fundName; fundStatus; investmentStrategy; size; sizeUsdMm; strategies; vintage,High,https://www.brookfield.com/our-businesses/infrastructure,No material public-evidence gap identified in this pass.,No data edit beyond source coverage from this audit.
FUND-047,Brookfield,Brookfield BII,Evergreen,$5.1B,5100,Evergreen,Open-End,Retail Act '40,Power & ET | Utilities | Digital | Midstream | Transportation,Global,fundsrc_b88d99624495d91c35d6,https://privatewealth.brookfield.com/fund/brookfield-infrastructure-income-fund-0,PRIMARY,FUND,Manager official release/fund page,Evergreen/listed/permanent vehicle context and ongoing strategy verification,,2026-05-09,fundName; fundStatus; investmentStrategy; size; sizeUsdMm; strategies,High,https://www.brookfield.com/our-businesses/infrastructure,No material public-evidence gap identified in this pass.,No data edit beyond source coverage from this audit.
FUND-048,Brookfield,Brookfield BISS,Financial Close,$1.0B,1000,2024,Closed-End,Value-Add,Power & ET | Digital | Transportation,Global,fundsrc_359abe4ccea224f92ca0,https://www.globenewswire.com/news-release/2025/03/11/3040401/0/en/Brookfield-Closes-Infrastructure-Structured-Solutions-Fund.html,REPUTABLE_SECONDARY,FUND,Manager release via wire service; Manager official release/fund page,"Final close, size, vintage, and/or vehicle existence verification",,2026-05-09,fundName; fundStatus; investmentStrategy; size; sizeUsdMm; strategies; vintage,Medium,https://www.brookfield.com/our-businesses/infrastructure,No material public-evidence gap identified in this pass.,No data edit beyond source coverage from this audit.
FUND-049,Brookfield,Brookfield Americas Infrastructure Fund,Financial Close,$2.7B,2700,2010,Closed-End,Value-Add,Power & ET | Utilities | Midstream | Transportation,North America,fundsrc_ec0a72a33ffa6ee84137,https://www.sec.gov/Archives/edgar/data/1470924/000146064610000002/xslFormDX01/primary_doc.xml,INSTITUTIONAL,FUND,SEC/Form D or public-company filing,"Final close, size, vintage, and/or vehicle existence verification",,2026-05-09,fundName; fundStatus; investmentStrategy; size; sizeUsdMm; strategies; vintage,High,https://www.brookfield.com/our-businesses/infrastructure,No material public-evidence gap identified in this pass.,No data edit beyond source coverage from this audit.
FUND-050,Brookfield,Brookfield Super-Core Infrastructure Partners,Evergreen,$13.2B,13200,Evergreen,Permanent Capital,Core,Power & ET | Utilities,Global,fundsrc_af8accc601c60cf9b5aa,https://www.sec.gov/Archives/edgar/data/1742013/000174201325000002/xslFormDX01/primary_doc.xml,INSTITUTIONAL,FUND,SEC/Form D or public-company filing,Evergreen/listed/permanent vehicle context and ongoing strategy verification,,2026-05-09,fundName; fundStatus; investmentStrategy; size; sizeUsdMm; strategies,High,https://www.brookfield.com/our-businesses/infrastructure,No material public-evidence gap identified in this pass.,No data edit beyond source coverage from this audit.
FUND-051,Carlyle Group,Carlyle Global Infrastructure Opportunity Fund,Financial Close,$2.2B,2200,2019,Closed-End,Value-Add,Power & ET | Digital | Midstream | Transportation | Social Infra,North America | Europe,fundsrc_11bcb9f4532d6f3fca9f,https://www.carlyle.com/media-room/news-release-archive/carlyle-group-raises-22-billion-global-infrastructure-opportunity,PRIMARY,FUND,Official manager/program page,"Final close, size, vintage, and/or vehicle existence verification",,2026-05-09,fundName; fundStatus; investmentStrategy; size; sizeUsdMm; strategies; vintage,High,https://www.carlyle.com/our-business/global-investment-solutions/infrastructure,No material public-evidence gap identified in this pass.,No data edit beyond source coverage from this audit.
FUND-052,Carlyle Group,Carlyle CGI Fund II,Raising,TBD,,2026,Closed-End,Value-Add,Power & ET | Digital | Midstream | Transportation,North America | Europe,fundsrc_7598099d0b2fbb2fb45d,https://www.sec.gov/Archives/edgar/data/2075288/000207528825000001/xslFormDX01/primary_doc.xml,INSTITUTIONAL,FUND,SEC/Form D or public-company filing,"Fundraising status, target/filing, or launch verification",,2026-05-09,fundName; investmentStrategy; strategies; vintage,High,https://www.carlyle.com/our-business/global-investment-solutions/infrastructure,"Confirm latest fundraising total/final close when manager release, Form D amendment, or LP memo becomes public.",No data edit beyond source coverage from this audit.
FUND-053A,Carlyle Group,Carlyle Renewable & Sustainable Energy Fund,Financial Close,—,,2019,Closed-End,Value-Add,Power & ET,North America | Europe,,,Missing evidence record,,Unreconciled baseline,Evidence required before verification or application,,,,Unverified,https://www.carlyle.com/our-business/global-investment-solutions/infrastructure,No migrated evidence record; reconcile this fund individually.,Do not publish or modify from automation until reviewed evidence is added.
FUND-053,Carlyle Group,Carlyle CRSEF II,Financial Close,$2.0B,2000,2022,Closed-End,Value-Add,Power & ET,North America | Europe,fundsrc_66600de86c2d4193e199,https://www.sec.gov/Archives/edgar/data/1933884/000193388423000002/xslFormDX01/primary_doc.xml,INSTITUTIONAL,FUND,SEC/Form D or public-company filing,"Final close, size, vintage, and/or vehicle existence verification",,2026-05-09,fundName; fundStatus; investmentStrategy; size; sizeUsdMm; strategies; vintage,High,https://www.carlyle.com/our-business/global-investment-solutions/infrastructure,No material public-evidence gap identified in this pass.,No data edit beyond source coverage from this audit.
FUND-054,CBRE Investment Management,CBRE GIF,Evergreen,$3.3B,3300,Evergreen,Evergreen,Core-Plus,Power & ET | Digital,Global,fundsrc_d337d7905e126d852fd6,https://www.cbreim.com/strategies-and-solutions/investment/private-infrastructure,PRIMARY,FUND,Official manager/program page,Evergreen/listed/permanent vehicle context and ongoing strategy verification,,2026-05-09,fundName; fundStatus; investmentStrategy; size; sizeUsdMm; strategies,High,https://www.cbreim.com/strategies-and-solutions/investment/private-infrastructure,No material public-evidence gap identified in this pass.,No data edit beyond source coverage from this audit.
FUND-055,CIM Group,CIM Infrastructure Fund III,Financial Close,$1.8B,1800,2021,Closed-End,Value-Add,Power & ET | Digital | Transportation | Social Infra,North America,fundsrc_24ce62d1eeda1b32b77b,https://www.sec.gov/Archives/edgar/data/1900624/000190062423000003/xslFormDX01/primary_doc.xml,INSTITUTIONAL,FUND,SEC/Form D or public-company filing,"Final close, size, vintage, and/or vehicle existence verification",,2026-05-09,fundName; fundStatus; investmentStrategy; size; sizeUsdMm; strategies; vintage,High,https://www.cimgroup.com/investment-platforms/infrastructure,No material public-evidence gap identified in this pass.,No data edit beyond source coverage from this audit.
FUND-056A,Copenhagen Infrastructure Partners,Copenhagen Infrastructure IV (CI IV),Financial Close,€7.0B,7700,2020,Closed-End,Core-Plus,Power & ET | Utilities,Global,,,Missing evidence record,,Unreconciled baseline,Evidence required before verification or application,,,,Unverified,https://www.cip.com/,No migrated evidence record; reconcile this fund individually.,Do not publish or modify from automation until reviewed evidence is added.
FUND-056,Copenhagen Infrastructure Partners,Copenhagen Infrastructure V (CI V),Financial Close,€12.0B,13200,2023,Closed-End,Core-Plus,Power & ET | Utilities,Global,fundsrc_da722280eaaa6b527e68,https://www.cip.com/funds/flagship-funds/,PRIMARY,FUND,Official manager/program page,"Final close, size, vintage, and/or vehicle existence verification",,2026-05-09,fundName; fundStatus; investmentStrategy; size; sizeUsdMm; strategies; vintage,High,https://www.cip.com/,No material public-evidence gap identified in this pass.,No data edit beyond source coverage from this audit.
FUND-057,"Connor, Clark & Lunn",CCL Private Client Infrastructure Portfolio,Evergreen,~C$7.0B,5180,Evergreen,Evergreen,Core-Plus,Power & ET | Transportation | Social Infra,North America,fundsrc_0d83aeb5d5015b1c7867,https://cclinfrastructure.cclgroup.com/,PRIMARY,FUND,Official manager/program page,Evergreen/listed/permanent vehicle context and ongoing strategy verification,,2026-05-09,fundName; fundStatus; investmentStrategy; size; sizeUsdMm; strategies,High,https://cclprivatecapital.com/,No material public-evidence gap identified in this pass.,No data edit beyond source coverage from this audit.
FUND-058,CPP Investments,CPP Investments Infrastructure,Evergreen,—,,Evergreen,Permanent Capital,Core-Plus,Power & ET | Utilities | Digital | Midstream | Transportation | Social Infra,Global,fundsrc_7cbf9900ea750157b058,https://www.cppinvestments.com/the-fund/our-investments/real-assets/infrastructure/,INSTITUTIONAL,PROGRAM_EXCEPTION,Official manager/program page,Program context / direct platform verification,,2026-05-09,investmentStrategy; managerName; regions; sectors; strategies,Medium,https://www.cppinvestments.com/the-fund/our-investments/real-assets/infrastructure/,Program-level evidence only; no named vehicle document found or expected publicly for this direct/sovereign/pension platform.,Keep program-level row; do not treat manager source as fund-specific evidence.
FUND-059A,CVC DIF,DIF CIF II,Financial Close,€1.0B,1100,2021,Closed-End,Value-Add,Digital | Midstream | Transportation | Social Infra,Europe | North America,,,Missing evidence record,,Unreconciled baseline,Evidence required before verification or application,,,,Unverified,https://www.cvcdif.com/,No migrated evidence record; reconcile this fund individually.,Do not publish or modify from automation until reviewed evidence is added.
FUND-059,CVC DIF,DIF CIF III,Financial Close,€1.6B,1760,2022,Closed-End,Value-Add,Digital | Midstream | Transportation | Social Infra,Europe | North America,fundsrc_a0fee8f78c042719d930,https://www.cvcdif.com/news-insights/dif-capital-partners-raises-eur-68-billion-for-its-latest-infrastructure-funds,PRIMARY,FUND,Manager official release/fund page,"Final close, size, vintage, and/or vehicle existence verification",,2026-05-09,fundName; fundStatus; investmentStrategy; size; sizeUsdMm; strategies; vintage,High,https://www.cvcdif.com/,No material public-evidence gap identified in this pass.,No data edit beyond source coverage from this audit.
FUND-059B,CVC DIF,DIF Infrastructure IV,Financial Close,€1.15B,1265,2015,Closed-End,Core-Plus,Power & ET | Utilities | Transportation | Social Infra,Europe | North America,,,Missing evidence record,,Unreconciled baseline,Evidence required before verification or application,,,,Unverified,https://www.cvcdif.com/,No migrated evidence record; reconcile this fund individually.,Do not publish or modify from automation until reviewed evidence is added.
FUND-059C,CVC DIF,DIF Infrastructure V,Financial Close,€1.9B,2090,2018,Closed-End,Core-Plus,Power & ET | Utilities | Transportation | Social Infra,Europe | North America,,,Missing evidence record,,Unreconciled baseline,Evidence required before verification or application,,,,Unverified,https://www.cvcdif.com/,No migrated evidence record; reconcile this fund individually.,Do not publish or modify from automation until reviewed evidence is added.
FUND-059D,CVC DIF,DIF Infrastructure VI,Financial Close,€3.0B,3300,2020,Closed-End,Core-Plus,Power & ET | Utilities | Transportation | Social Infra,Europe | North America,,,Missing evidence record,,Unreconciled baseline,Evidence required before verification or application,,,,Unverified,https://www.cvcdif.com/,No migrated evidence record; reconcile this fund individually.,Do not publish or modify from automation until reviewed evidence is added.
FUND-060,CVC DIF,DIF Infrastructure VII,Financial Close,€4.4B,4840,2022,Closed-End,Core-Plus,Power & ET | Utilities | Digital | Transportation | Social Infra,Europe | North America,fundsrc_a0fee8f78c042719d930,https://www.cvcdif.com/news-insights/dif-capital-partners-raises-eur-68-billion-for-its-latest-infrastructure-funds,PRIMARY,FUND,Manager official release/fund page,"Final close, size, vintage, and/or vehicle existence verification",,2026-05-09,fundName; fundStatus; investmentStrategy; size; sizeUsdMm; strategies; vintage,High,https://www.cvcdif.com/,No material public-evidence gap identified in this pass.,No data edit beyond source coverage from this audit.
FUND-061,CVC DIF,DIF Infrastructure VIII,Raising,[€6.0B],6600,2025,Closed-End,Core-Plus,Power & ET | Utilities | Transportation,Europe | North America,fundsrc_e04b7901b09e8f8f5c9b,https://nj.gov/njbonds/treasury/doinvest/pdf/AlternativeInvestments/RealAsset/DIF_Infrastructure_VIII_SCSp.pdf,INSTITUTIONAL,FUND,Public LP/regulatory filing; Manager official release/fund page,"Fundraising status, target/filing, or launch verification",,2026-05-09,fundName; investmentStrategy; size; sizeUsdMm; strategies; vintage,High,https://www.cvcdif.com/,"Monitor for final close, updated Form D, LP memo, or official target/commitment disclosure.",Implemented: target size corrected to EUR 6.0B and LP/source support added.
FUND-061,CVC DIF,DIF Infrastructure VIII,Raising,[€6.0B],6600,2025,Closed-End,Core-Plus,Power & ET | Utilities | Transportation,Europe | North America,fundsrc_ed4be17871bee359c56f,https://www.cvc.com/media/news/2026/full-year-2025-activity-update/,PRIMARY,FUND,Public LP/regulatory filing; Manager official release/fund page,"Fundraising status, target/filing, or launch verification",,2026-05-09,fundName; investmentStrategy; size; sizeUsdMm; strategies; vintage,High,https://www.cvcdif.com/,"Monitor for final close, updated Form D, LP memo, or official target/commitment disclosure.",Implemented: target size corrected to EUR 6.0B and LP/source support added.
FUND-061,CVC DIF,DIF Infrastructure VIII,Raising,[€6.0B],6600,2025,Closed-End,Core-Plus,Power & ET | Utilities | Transportation,Europe | North America,fundsrc_6732f0f170336afccf93,https://www.pa.gov/content/dam/copapwp-pagov/en/psers/documents/board3/resolutions/2025/2025-58%20pserb%20resolution%20dif%20infrastructure%20fund%20viii%20scsp.pdf,INSTITUTIONAL,FUND,Public LP/regulatory filing; Manager official release/fund page,"Fundraising status, target/filing, or launch verification",,2026-05-09,fundName; investmentStrategy; size; sizeUsdMm; strategies; vintage,High,https://www.cvcdif.com/,"Monitor for final close, updated Form D, LP memo, or official target/commitment disclosure.",Implemented: target size corrected to EUR 6.0B and LP/source support added.
FUND-062,CVC DIF,CVC DIF Value-Add IV,Raising,[€2.0B],2200,2025,Closed-End,Value-Add,Digital | Midstream | Transportation | Social Infra,Europe | North America,fundsrc_ed4be17871bee359c56f,https://www.cvc.com/media/news/2026/full-year-2025-activity-update/,PRIMARY,FUND,Manager official release/fund page,"Fundraising status, target/filing, or launch verification",,2026-05-09,fundName; investmentStrategy; size; sizeUsdMm; strategies; vintage,High,https://www.cvcdif.com/,"Monitor for final close, updated Form D, LP memo, or official target/commitment disclosure.",Implemented: status kept Raising with target-style size and CVC activity-update source.
FUND-063,DigitalBridge,DigitalBridge Fund III,Financial Close,$7.2B,7200,2024,Closed-End,Value-Add,Digital,North America | Europe | Asia-Pacific,fundsrc_f008507f0b6aa5b69ea0,https://www.digitalbridge.com/press,PRIMARY,FUND,Manager official release/fund page,"Final close, size, vintage, and/or vehicle existence verification",,2026-05-09,fundName; fundStatus; investmentStrategy; size; sizeUsdMm; strategies; vintage,High,https://www.digitalbridge.com/,No material public-evidence gap identified in this pass.,No data edit beyond source coverage from this audit.
FUND-064,Duration Capital Partners,Duration Core-plus Infrastructure Fund,Financial Close,~$3.0B,3000,2022,Closed-End,Core-Plus,Transportation,North America,fundsrc_2bb8068b52c59445e224,https://durationcapital.com/,PRIMARY,FUND,Official manager/program page,"Final close, size, vintage, and/or vehicle existence verification",,2026-05-09,fundName; fundStatus; investmentStrategy; size; sizeUsdMm; strategies; vintage,High,https://durationcapital.com/,No material public-evidence gap identified in this pass.,No data edit beyond source coverage from this audit.
FUND-065,DWS,DWS PEIF III,Financial Close,€3.1B,3410,2021,Closed-End,Value-Add,Power & ET | Utilities | Digital | Transportation | Social Infra,Europe | North America,fundsrc_8990837382847f93049d,https://www.dws.com/AssetDownload/Index?assetGuid=0612b36b-92ef-428c-9981-9c75ed30a267&consumer=E-Library,PRIMARY,FUND,Official manager/program page,"Final close, size, vintage, and/or vehicle existence verification",,2026-05-09,fundName; fundStatus; investmentStrategy; size; sizeUsdMm; strategies; vintage,High,https://www.dws.com/en-gb/capabilities/alternatives/infrastructure/,No material public-evidence gap identified in this pass.,"Implemented: DWS PEIF III set to Financial Close, vintage corrected to 2021, and official/EIB sources added."
FUND-065,DWS,DWS PEIF III,Financial Close,€3.1B,3410,2021,Closed-End,Value-Add,Power & ET | Utilities | Digital | Transportation | Social Infra,Europe | North America,fundsrc_eaef77f1027a07ba832c,https://www.eib.org/en/products/equity/funds/pan-european-infrastructure-3,INSTITUTIONAL,FUND,Official manager/program page,"Final close, size, vintage, and/or vehicle existence verification",,2026-05-09,fundName; fundStatus; investmentStrategy; size; sizeUsdMm; strategies; vintage,High,https://www.dws.com/en-gb/capabilities/alternatives/infrastructure/,No material public-evidence gap identified in this pass.,"Implemented: DWS PEIF III set to Financial Close, vintage corrected to 2021, and official/EIB sources added."
FUND-066,Energy Capital Partners,ECP Fund V,Financial Close,$4.4B,4400,2022,Closed-End,Opportunistic,Power & ET | Utilities | Midstream | Social Infra,North America,fundsrc_9758fb0a020dc38c8eff,https://www.ecpgp.com/about/news-and-insights/press-releases/2024/energy-capital-partners-ecp-completes-67-billion-fundraise,PRIMARY,FUND,Official manager/program page,"Final close, size, vintage, and/or vehicle existence verification",,2026-05-09,fundName; fundStatus; investmentStrategy; size; sizeUsdMm; strategies; vintage,High,https://www.ecpgp.com/about/,No material public-evidence gap identified in this pass.,No data edit beyond source coverage from this audit.
FUND-067,Energy Capital Partners,ECP Fund VI,Raising,[TBD],,2025,Closed-End,Opportunistic,Power & ET | Utilities | Midstream | Social Infra,North America,fundsrc_d4daabfe9d20b5c85e0e,https://www.ecpgp.com/about/,PRIMARY,PROGRAM_EXCEPTION,Official manager/program page,Manager strategy fallback pending fund-specific support,,2026-05-09,investmentStrategy; strategies,Low,https://www.ecpgp.com/about/,No fund-specific public primary source found in this pass; retain conservative values and re-check SEC/LP packets before promotion.,Implemented: size moved to TBD; keep flagged for deeper follow-up because source coverage remains insufficient for named-fund facts.
FUND-068,EIG,EIG Fund XVII,Financial Close,[$3.0B],3000,2022,Closed-End,Opportunistic,Power & ET | Utilities | Midstream | Transportation,Global,fundsrc_adef5f1fd85307b41331,https://www.sec.gov/Archives/edgar/data/1712778/000171277818000003/xslFormDX01/primary_doc.xml,INSTITUTIONAL,FUND,SEC/Form D or public-company filing,"Final close, size, vintage, and/or vehicle existence verification",,2026-05-09,fundName; fundStatus; investmentStrategy; size; sizeUsdMm; strategies; vintage,High,https://www.eigpartners.com/,No material public-evidence gap identified in this pass.,No data edit beyond source coverage from this audit.
FUND-069,Energy Infrastructure Partners,EIP III,Raising,€1.5B,1650,2022,Closed-End,Core-Plus,Power & ET | Utilities | Midstream,Europe | North America,fundsrc_7ca30401419571f00fae,https://energy-infrastructure-partners.com/products/,PRIMARY,FUND,Official manager/program page,"Fundraising status, target/filing, or launch verification",,2026-05-09,fundName; investmentStrategy; size; sizeUsdMm; strategies; vintage,High,https://www.energy-infrastructure-partners.com/,"Monitor for final close, updated Form D, LP memo, or official target/commitment disclosure.",Implemented: EIP III size/vintage/strategy aligned to official product page and open-product AUM context.
FUND-069A,Ember Infrastructure Management,Ember Infrastructure Fund I,Financial Close,$0.34B,340,2022,Closed-End,Opportunistic,Power & ET | Social Infra,North America,,,Missing evidence record,,Unreconciled baseline,Evidence required before verification or application,,,,Unverified,https://www.ember-infra.com/,No migrated evidence record; reconcile this fund individually.,Do not publish or modify from automation until reviewed evidence is added.
FUND-070,Ember Infrastructure Management,Ember Infrastructure Fund II,Financial Close,$0.8B,800,2023,Closed-End,Opportunistic,Power & ET | Social Infra,North America,fundsrc_8ce63172f654eadede71,https://www.sec.gov/Archives/edgar/data/1991445/000199144525000002/xslFormDX01/primary_doc.xml,INSTITUTIONAL,FUND,SEC/Form D or public-company filing,"Final close, size, vintage, and/or vehicle existence verification",,2026-05-09,fundName; fundStatus; investmentStrategy; size; sizeUsdMm; strategies; vintage,High,https://www.ember-infra.com/,No material public-evidence gap identified in this pass.,No data edit beyond source coverage from this audit.
FUND-071,EQT,EQT Active Core I,Evergreen,$3.2B,3200,Evergreen,Evergreen,Core,Power & ET | Utilities | Digital | Transportation,Europe | North America,fundsrc_fc465ea125c214ebea21,https://eqtgroup.com/news/eqt-active-core-infrastructure-fund-holds-final-close-2024-09-24,PRIMARY,FUND,Manager official release/fund page,Evergreen/listed/permanent vehicle context and ongoing strategy verification,,2026-05-09,fundName; fundStatus; investmentStrategy; size; sizeUsdMm; strategies,High,https://eqtgroup.com/en/infrastructure,No material public-evidence gap identified in this pass.,No data edit beyond source coverage from this audit.
FUND-072,EQT,EQT AI Infrastructure Strategy,Evergreen,[TBD],,2026,Open-End,Value-Add,Power & ET | Digital,Global,fundsrc_783ec897fde5c80e760d,https://eqtgroup.com/news/eqt-ab-publ-q1-annoucement-2026-2026-04-22,PRIMARY,FUND,Manager official release/fund page,Evergreen/listed/permanent vehicle context and ongoing strategy verification,,2026-05-09,fundName; fundStatus; investmentStrategy; strategies; vintage,Medium,https://eqtgroup.com/en/infrastructure,"Confirm latest fundraising total/final close when manager release, Form D amendment, or LP memo becomes public.",Implemented conservatively: retained as EQT AI Infrastructure Strategy with 2026 EQT launch evidence and TBD size.
FUND-073,EQT,EQT Infrastructure Fund VI,Financial Close,€21.5B,23650,2023,Closed-End,Value-Add,Power & ET | Utilities | Digital | Midstream | Transportation | Social Infra,Europe | North America,fundsrc_6da5caccd485954bcff6,https://eqtgroup.com/news/eqt-infrastructure-vi-holds-final-close-at-its-hard-cap-raising-eur-215-billion-in-total-commitments-2025-03-28,PRIMARY,FUND,Manager official release/fund page,"Final close, size, vintage, and/or vehicle existence verification",,2026-05-09,fundName; fundStatus; investmentStrategy; size; sizeUsdMm; strategies; vintage,High,https://eqtgroup.com/en/infrastructure,No material public-evidence gap identified in this pass.,No data edit beyond source coverage from this audit.
FUND-074,EQT,EQT Transition Infrastructure,Raising,[TBD],,2024,Closed-End,Opportunistic,Power & ET | Social Infra,Europe | North America | Asia-Pacific,fundsrc_b4a26fac9060f5ad445d,https://eqtgroup.com/infrastructure/eqt-transition-infrastructure,PRIMARY,FUND,Manager official release/fund page,"Fundraising status, target/filing, or launch verification",,2026-05-09,fundName; investmentStrategy; strategies; vintage,Medium,https://eqtgroup.com/en/infrastructure,"Confirm latest fundraising total/final close when manager release, Form D amendment, or LP memo becomes public.",Implemented: retained as Raising and target size changed to TBD absent a primary target-size disclosure.
FUND-074,EQT,EQT Transition Infrastructure,Raising,[TBD],,2024,Closed-End,Opportunistic,Power & ET | Social Infra,Europe | North America | Asia-Pacific,fundsrc_8729d27f7aa1876ac96d,https://eqtgroup.com/news/eqt-introduces-the-eqt-transition-infrastructure-strategy-with-the-acquisition-of-energy-storage-system-developer-and-operator-ju-niz-energy,PRIMARY,FUND,Manager official release/fund page,"Fundraising status, target/filing, or launch verification",,2026-05-09,fundName; investmentStrategy; strategies; vintage,Medium,https://eqtgroup.com/en/infrastructure,"Confirm latest fundraising total/final close when manager release, Form D amendment, or LP memo becomes public.",Implemented: retained as Raising and target size changed to TBD absent a primary target-size disclosure.
FUND-075,Equilibrium,Equilibrium CEFF II,Financial Close,$1.0B,1000,2019,Closed-End,Opportunistic,Social Infra,North America,fundsrc_19ba9babb90e5e70d69a,https://eq-cap.com/development-bank-of-japan-invests-in-equilibrium-capitals-controlled-environment-foods-fund-ii/,PRIMARY,FUND,Official manager/program page,"Final close, size, vintage, and/or vehicle existence verification",,2026-05-09,fundName; fundStatus; investmentStrategy; size; sizeUsdMm; strategies; vintage,High,https://eq-cap.com/,No material public-evidence gap identified in this pass.,No data edit beyond source coverage from this audit.
FUND-075,Equilibrium,Equilibrium CEFF II,Financial Close,$1.0B,1000,2019,Closed-End,Opportunistic,Social Infra,North America,fundsrc_7bb22c27f97d745619e5,https://www.dbj.jp/en/topics/dbj_news/2020/html/20201119_202978.html,INSTITUTIONAL,FUND,Official manager/program page,"Final close, size, vintage, and/or vehicle existence verification",,2026-05-09,fundName; fundStatus; investmentStrategy; size; sizeUsdMm; strategies; vintage,High,https://eq-cap.com/,No material public-evidence gap identified in this pass.,No data edit beyond source coverage from this audit.
FUND-076,Fengate Asset Management,Fengate Infrastructure Fund IV,Financial Close,$1.1B,1100,2021,Closed-End,Core-Plus,Power & ET | Utilities | Digital | Transportation | Social Infra,North America,fundsrc_844fd5ac573bf9d2840c,https://fengate.com/news/fengate-announces-final-close-of-us1-1-billion-flagship-infrastructure-fund-above-target,PRIMARY,FUND,Official manager/program page,"Final close, size, vintage, and/or vehicle existence verification",,2026-05-09,fundName; fundStatus; investmentStrategy; size; sizeUsdMm; strategies; vintage,High,https://fengate.com/infrastructure/,No material public-evidence gap identified in this pass.,No data edit beyond source coverage from this audit.
FUND-077,Fengate Asset Management,Fengate Infrastructure Yield Fund,Evergreen,C$1.2B,888,Evergreen,Evergreen,Core,Digital | Social Infra,North America,fundsrc_844fd5ac573bf9d2840c,https://fengate.com/news/fengate-announces-final-close-of-us1-1-billion-flagship-infrastructure-fund-above-target,PRIMARY,FUND,Official manager/program page,Evergreen/listed/permanent vehicle context and ongoing strategy verification,,2026-05-09,fundName; fundStatus; investmentStrategy; size; sizeUsdMm; strategies,High,https://fengate.com/infrastructure/,No material public-evidence gap identified in this pass.,No data edit beyond source coverage from this audit.
FUND-078,Fiera Infrastructure,Fiera Digital Fund,Financial Close,$0.6B,600,2024,Closed-End,Opportunistic,Digital,Europe,fundsrc_4fb73db106726eb2b645,https://www.fierainfrastructure.com/wp-content/uploads/default/20240529/assetco-successfully-completes-exit-from-infrastructure-asset-management-business-en.pdf,PRIMARY,FUND,Official manager/program page,"Final close, size, vintage, and/or vehicle existence verification",,2026-05-09,fundName; fundStatus; investmentStrategy; size; sizeUsdMm; strategies; vintage,High,https://www.fierainfrastructure.com/,No material public-evidence gap identified in this pass.,No data edit beyond source coverage from this audit.
FUND-079,Fiera Infrastructure,Fiera EagleCrest Infrastructure,Evergreen,C$2.8B,2072,Evergreen,Evergreen,Core-Plus,Power & ET | Digital | Transportation | Social Infra,North America | Europe,fundsrc_851054f90d964ba774f7,https://www.fierainfrastructure.com/en/strategies/eaglecrest-infrastructure/,PRIMARY,FUND,Official manager/program page,Evergreen/listed/permanent vehicle context and ongoing strategy verification,,2026-05-09,fundName; fundStatus; investmentStrategy; size; sizeUsdMm; strategies,High,https://www.fierainfrastructure.com/,No material public-evidence gap identified in this pass.,No data edit beyond source coverage from this audit.
FUND-079A,Fiera Infrastructure,EICLP & EISCSp,Evergreen,—,,Evergreen,Evergreen,Core-Plus,Power & ET | Digital | Transportation | Social Infra,North America | Europe,,,Missing evidence record,,Unreconciled baseline,Evidence required before verification or application,,,,Unverified,https://www.fierainfrastructure.com/,No migrated evidence record; reconcile this fund individually.,Do not publish or modify from automation until reviewed evidence is added.
FUND-079B,Fiera Infrastructure,EICLP,Evergreen,—,,Evergreen,Evergreen,Core-Plus,Power & ET | Social Infra,North America,,,Missing evidence record,,Unreconciled baseline,Evidence required before verification or application,,,,Unverified,https://www.fierainfrastructure.com/,No migrated evidence record; reconcile this fund individually.,Do not publish or modify from automation until reviewed evidence is added.
FUND-080,GCM Grosvenor,GCM Grosvenor IAF II,Financial Close,$1.3B,1300,2023,Closed-End,Core-Plus,Power & ET | Utilities | Digital | Transportation,North America,fundsrc_14539d8cd5ede6578edd,https://www.gcmgrosvenor.com/2025/04/22/gcm-grosvenor-announces-1-3-billion-final-close-for-infrastructure-advantage-fund-ii-a-nearly-50-increase-over-its-predecessor-fund/,PRIMARY,FUND,Official manager/program page,"Final close, size, vintage, and/or vehicle existence verification",,2026-05-09,fundName; fundStatus; investmentStrategy; size; sizeUsdMm; strategies; vintage,High,https://www.gcmgrosvenor.com/investment-strategies/infrastructure/,No material public-evidence gap identified in this pass.,No data edit beyond source coverage from this audit.
FUND-081,Generate Capital,Generate Capital (Permanent Capital),Evergreen,$10.0B,10000,Evergreen,Permanent Capital,Value-Add,Power & ET | Utilities | Digital | Transportation | Social Infra,North America,fundsrc_d10f6be782898bfe43c0,https://generatecapital.com/,PRIMARY,FUND,Official manager/program page,Evergreen/listed/permanent vehicle context and ongoing strategy verification,,2026-05-09,fundName; fundStatus; investmentStrategy; size; sizeUsdMm; strategies,High,https://generatecapital.com/,No material public-evidence gap identified in this pass.,No data edit beyond source coverage from this audit.
FUND-082,GIC,GIC Infrastructure,Evergreen,—,,Evergreen,Permanent Capital,Core-Plus,Power & ET | Utilities | Digital | Transportation | Social Infra,Global,fundsrc_f7d036a799474a48dd9e,https://www.gic.com.sg/what-we-do/investment-groups/infrastructure/,INSTITUTIONAL,PROGRAM_EXCEPTION,Official manager/program page,Program context / direct platform verification,,2026-05-09,investmentStrategy; managerName; regions; sectors; strategies,Medium,https://www.gic.com.sg/what-we-do/investment-groups/infrastructure/,Program-level evidence only; no named vehicle document found or expected publicly for this direct/sovereign/pension platform.,Keep program-level row; do not treat manager source as fund-specific evidence.
FUND-083,Grain Management,Grain GCOF III,Financial Close,$2.25B,2250,2021,Closed-End,Opportunistic,Digital,North America,fundsrc_880ed0e359ee0aee7321,https://graingp.com/about/,PRIMARY,FUND,Official manager/program page,"Final close, size, vintage, and/or vehicle existence verification",,2026-05-09,fundName; fundStatus; investmentStrategy; size; sizeUsdMm; strategies; vintage,High,https://grainmanagement.com/,No material public-evidence gap identified in this pass.,Implemented: Grain GCOF III status/vintage/strategy aligned to 2021 official fund-history evidence.
FUND-084,Grain Management,Grain GCOF IV,Raising,[$4.0B],4000,Raising,Closed-End,Opportunistic,Digital,North America,fundsrc_b92c3c7fd27acb83af63,https://www.sec.gov/Archives/edgar/data/1984790/000095014224001965/xslFormDX01/primary_doc.xml,INSTITUTIONAL,FUND,SEC/Form D or public-company filing,"Fundraising status, target/filing, or launch verification",,2026-05-09,fundName; investmentStrategy; size; sizeUsdMm; strategies; vintage,High,https://grainmanagement.com/,"Monitor for final close, updated Form D, LP memo, or official target/commitment disclosure.",No data edit beyond source coverage from this audit.
FUND-085,Goldman Sachs Alternatives,GS G-INFRA,Evergreen,$0.3B,300,Evergreen,Open-End,Retail Act '40,Power & ET | Digital | Transportation | Social Infra,Global,fundsrc_7521728a756c076c6851,https://am.gs.com/en-int/institutions/news/press-release/2025/g-infra-launch,PRIMARY,FUND,Official manager/program page,Evergreen/listed/permanent vehicle context and ongoing strategy verification,,2026-05-09,fundName; fundStatus; investmentStrategy; size; sizeUsdMm; strategies,High,https://am.gs.com/en-us/advisors/products/infrastructure,No material public-evidence gap identified in this pass.,No data edit beyond source coverage from this audit.
FUND-086,Goldman Sachs Alternatives,GS Horizon Climate I,Financial Close,$1.6B,1600,2021,Closed-End,Opportunistic,Power & ET | Social Infra,Global,fundsrc_05170a40a064a44e874e,https://am.gs.com/en-int/advisors/news/press-release/2023/Goldman-Sachs-Asset-Management-Completes-Final-Close-of-Horizon-Environment-and-Climate-Solutions-I,PRIMARY,FUND,Manager official release/fund page,"Final close, size, vintage, and/or vehicle existence verification",,2026-05-09,fundName; fundStatus; investmentStrategy; size; sizeUsdMm; strategies; vintage,High,https://am.gs.com/en-us/advisors/products/infrastructure,No material public-evidence gap identified in this pass.,No data edit beyond source coverage from this audit.
FUND-087,Goldman Sachs Alternatives,GS WSIP IV,Financial Close,$4.0B,4000,2021,Closed-End,Value-Add,Power & ET | Utilities | Digital | Midstream | Transportation | Social Infra,North America | Europe,fundsrc_b8d3f01dbcafadcd2024,https://am.gs.com/en-us/advisors/news/press-release/2023/goldman-sachs-asset-management-raises-4-billion-for-west-street-infrastructure-partners-iv,PRIMARY,FUND,Manager official release/fund page,"Final close, size, vintage, and/or vehicle existence verification",,2026-05-09,fundName; fundStatus; investmentStrategy; size; sizeUsdMm; strategies; vintage,High,https://am.gs.com/en-us/advisors/products/infrastructure,No material public-evidence gap identified in this pass.,No data edit beyond source coverage from this audit.
FUND-088,Goldman Sachs Alternatives,GS WSIP V,Raising,[$4.0B],4000,2024,Closed-End,Value-Add,Power & ET | Utilities | Digital | Midstream | Transportation | Social Infra,North America | Europe,fundsrc_fc9288b14b2a3769bcb1,https://www.sec.gov/Archives/edgar/data/2081965/000208196525000001/xslFormDX01/primary_doc.xml,INSTITUTIONAL,FUND,SEC/Form D or public-company filing,"Fundraising status, target/filing, or launch verification",,2026-05-09,fundName; investmentStrategy; size; sizeUsdMm; strategies; vintage,High,https://am.gs.com/en-us/advisors/products/infrastructure,"Monitor for final close, updated Form D, LP memo, or official target/commitment disclosure.",No data edit beyond source coverage from this audit.
FUND-089,H.I.G. Capital,H.I.G. Infrastructure Partners Fund I,Financial Close,$1.3B,1300,2021,Closed-End,Value-Add,Power & ET | Digital | Transportation | Social Infra,North America | Europe,fundsrc_73955c5f1c856fe561d6,https://higinfrastructure.com/news/h-i-g-capital-raises-1-3-billion-for-infrastructure-fund/,PRIMARY,FUND,Official manager/program page,"Final close, size, vintage, and/or vehicle existence verification",,2026-05-09,fundName; fundStatus; investmentStrategy; size; sizeUsdMm; strategies; vintage,High,https://higinfrastructure.com/,No material public-evidence gap identified in this pass.,No data edit beyond source coverage from this audit.
FUND-090,Harbert Management Corporation,Harbert HIF VI,Financial Close,$0.9B,900,2020,Closed-End,Core-Plus,Power & ET | Utilities,North America,fundsrc_b06ab0b044f98ed20aca,https://www.globenewswire.com/news-release/2022/10/06/2529666/0/en/harbert-infrastructure-fund-vi-lp-announces-final-close.html,REPUTABLE_SECONDARY,FUND,Manager release via wire service,"Final close, size, vintage, and/or vehicle existence verification",,2026-05-09,fundName; fundStatus; investmentStrategy; size; sizeUsdMm; strategies; vintage,Medium,https://www.harbert.net/investment-strategies/infrastructure/,No material public-evidence gap identified in this pass.,No data edit beyond source coverage from this audit.
FUND-091,Harbert Management Corporation,Harbert HIF VII,Raising,—,,Raising,Closed-End,Core-Plus,Power & ET | Utilities,North America,fundsrc_3e141b7b0c66faf5a9fd,https://www.sec.gov/Archives/edgar/data/2080982/000208098225000001/xslFormDX01/primary_doc.xml,INSTITUTIONAL,FUND,SEC/Form D or public-company filing,"Fundraising status, target/filing, or launch verification",,2026-05-09,fundName; investmentStrategy; strategies; vintage,High,https://www.harbert.net/investment-strategies/infrastructure/,"Confirm latest fundraising total/final close when manager release, Form D amendment, or LP memo becomes public.",No data edit beyond source coverage from this audit.
FUND-092,Harrison Street,Harrison Street Social Infrastructure Fund,Evergreen,$5.3B,5300,Evergreen,Evergreen,Core-Plus,Power & ET | Utilities | Digital | Social Infra,North America,fundsrc_a62646c3eb7144f25be2,https://www.sec.gov/Archives/edgar/data/1744138/000174413825000002/xslFormDX08/primary_doc.xml,INSTITUTIONAL,FUND,SEC/Form D or public-company filing,Evergreen/listed/permanent vehicle context and ongoing strategy verification,,2026-05-09,fundName; fundStatus; investmentStrategy; size; sizeUsdMm; strategies,High,https://harrisonst.com/infrastructure/,No material public-evidence gap identified in this pass.,No data edit beyond source coverage from this audit.
FUND-092,Harrison Street,Harrison Street Social Infrastructure Fund,Evergreen,$5.3B,5300,Evergreen,Evergreen,Core-Plus,Power & ET | Utilities | Digital | Social Infra,North America,fundsrc_3dc6f7ce27c15f62fdee,https://www.sec.gov/Archives/edgar/data/1744140/000174414024000001/xslFormDX01/primary_doc.xml,INSTITUTIONAL,FUND,SEC/Form D or public-company filing,Evergreen/listed/permanent vehicle context and ongoing strategy verification,,2026-05-09,fundName; fundStatus; investmentStrategy; size; sizeUsdMm; strategies,High,https://harrisonst.com/infrastructure/,No material public-evidence gap identified in this pass.,No data edit beyond source coverage from this audit.
FUND-093,I Squared Capital,ISQ Energy Transition Infrastructure Fund,Financial Close,—,,2023,Closed-End,Value-Add,Power & ET | Utilities | Midstream,North America | Europe,fundsrc_693eaa55766a8df39cff,https://isquaredcapital.com/cpt_news/i-squared-capital-accelerates-u-s-energy-transition-with-acquisition-of-oregons-premier-renewable-fuels-terminal/,PRIMARY,FUND,Official manager/program page,"Final close, size, vintage, and/or vehicle existence verification",,2026-05-09,fundName; fundStatus; investmentStrategy; strategies; vintage,Medium,https://isquaredcapital.com/,"Confirm latest fundraising total/final close when manager release, Form D amendment, or LP memo becomes public.",No data edit beyond source coverage from this audit.
FUND-094,I Squared Capital,ISQ Global Infrastructure Fund IV,Raising,[$15.0B],15000,2024,Closed-End,Value-Add,Power & ET | Utilities | Digital | Midstream | Transportation | Social Infra,North America | Europe | Asia-Pacific,fundsrc_37152b4f47fb6bcb56dc,https://www.pa.gov/content/dam/copapwp-pagov/en/psers/documents/board3/resolutions/2025/2025.21%20pserb%20resolution%20i%20squared%20global%20infrastructure%20fund%20iv.pdf,INSTITUTIONAL,FUND,SEC/Form D or public-company filing; Public LP/regulatory filing,"Fundraising status, target/filing, or launch verification",,2026-05-09,fundName; investmentStrategy; size; sizeUsdMm; strategies; vintage,High,https://isquaredcapital.com/,"Monitor for final close, updated Form D, LP memo, or official target/commitment disclosure.",No data edit beyond source coverage from this audit.
FUND-094,I Squared Capital,ISQ Global Infrastructure Fund IV,Raising,[$15.0B],15000,2024,Closed-End,Value-Add,Power & ET | Utilities | Digital | Midstream | Transportation | Social Infra,North America | Europe | Asia-Pacific,fundsrc_96f7b4a44f2516861a35,https://www.sec.gov/Archives/edgar/data/2049770/000204977025000002/xslFormDX01/primary_doc.xml,INSTITUTIONAL,FUND,SEC/Form D or public-company filing; Public LP/regulatory filing,"Fundraising status, target/filing, or launch verification",,2026-05-09,fundName; investmentStrategy; size; sizeUsdMm; strategies; vintage,High,https://isquaredcapital.com/,"Monitor for final close, updated Form D, LP memo, or official target/commitment disclosure.",No data edit beyond source coverage from this audit.
FUND-095,iCON Infrastructure,iCON Infrastructure Fund VII,Raising,$3.7B,3700,Raising,Closed-End,Core-Plus,Power & ET | Utilities | Digital | Midstream | Transportation | Social Infra,Europe | North America,fundsrc_846e622a906ad2138d08,https://www.iconinfrastructure.com/,PRIMARY,FUND,Official manager/program page,"Fundraising status, target/filing, or launch verification",,2026-05-09,fundName; investmentStrategy; size; sizeUsdMm; strategies; vintage,High,https://www.iconinfrastructure.com/,"Monitor for final close, updated Form D, LP memo, or official target/commitment disclosure.",No data edit beyond source coverage from this audit.
FUND-096,IFM Investors,IFM CETF,Evergreen,[TBD],,Evergreen,Evergreen,Value-Add,Power & ET | Midstream,Global,fundsrc_de1a6a84ff8ed6845acc,https://www.ifminvestors.com/capabilities/know-how/,PRIMARY,FUND,Official manager/program page,Evergreen/listed/permanent vehicle context and ongoing strategy verification,,2026-05-09,fundName; fundStatus; investmentStrategy; strategies,Medium,https://www.ifminvestors.com/capabilities/know-how/,"Confirm latest fundraising total/final close when manager release, Form D amendment, or LP memo becomes public.",No data edit beyond source coverage from this audit.
FUND-097,IFM Investors,IFM Global Infrastructure Fund (GIF),Evergreen,$73.6B,73600,Evergreen,Evergreen,Core-Plus,Power & ET | Utilities | Digital | Midstream | Transportation | Social Infra,Global,fundsrc_76dd094f805f623477c9,https://www.green.ch/en/about-green/who-we-are/ifm-investors,PRIMARY,FUND,Official manager/program page,Evergreen/listed/permanent vehicle context and ongoing strategy verification,,2026-05-09,fundName; fundStatus; investmentStrategy; size; sizeUsdMm; strategies,High,https://www.ifminvestors.com/capabilities/know-how/,No material public-evidence gap identified in this pass.,No data edit beyond source coverage from this audit.
FUND-097,IFM Investors,IFM Global Infrastructure Fund (GIF),Evergreen,$73.6B,73600,Evergreen,Evergreen,Core-Plus,Power & ET | Utilities | Digital | Midstream | Transportation | Social Infra,Global,fundsrc_de1a6a84ff8ed6845acc,https://www.ifminvestors.com/capabilities/know-how/,PRIMARY,FUND,Official manager/program page,Evergreen/listed/permanent vehicle context and ongoing strategy verification,,2026-05-09,fundName; fundStatus; investmentStrategy; size; sizeUsdMm; strategies,High,https://www.ifminvestors.com/capabilities/know-how/,No material public-evidence gap identified in this pass.,No data edit beyond source coverage from this audit.
FUND-098,Igneo Infrastructure Partners,Global Diversified Infrastructure Fund (GDIF),Evergreen,$7.5B,7500,Evergreen,Evergreen,Core-Plus,Power & ET | Utilities | Social Infra,Global,fundsrc_fc8abc29d9e4579adbdd,https://www.igneoip.com/australia/en/institutional/news-and-insights/press/igneo-refinances-green-tranche-credit-facility.html,PRIMARY,FUND,Official manager/program page,Evergreen/listed/permanent vehicle context and ongoing strategy verification,,2026-05-09,fundName; fundStatus; investmentStrategy; size; sizeUsdMm; strategies,High,https://www.igneoip.com/,No material public-evidence gap identified in this pass.,No data edit beyond source coverage from this audit.
FUND-099,Igneo Infrastructure Partners,North American Diversified Infrastructure Fund (NADIF),Financial Close,$1.0B,1000,2024,Closed-End,Value-Add,Power & ET | Utilities | Digital | Transportation,North America,fundsrc_0248a04d320d24519220,https://www.sec.gov/Archives/edgar/data/2036260/000203626025000003/xslFormDX01/primary_doc.xml,INSTITUTIONAL,FUND,SEC/Form D or public-company filing,"Final close, size, vintage, and/or vehicle existence verification",,2026-05-09,fundName; fundStatus; investmentStrategy; size; sizeUsdMm; strategies; vintage,High,https://www.igneoip.com/,No material public-evidence gap identified in this pass.,No data edit beyond source coverage from this audit.
FUND-099A,InfraBridge,AMP Capital Global Infrastructure Fund,Financial Close,$2.4B,2400,2016,Closed-End,Core-Plus,Transportation | Digital | Power & ET | Social Infra,Global,,,Missing evidence record,,Unreconciled baseline,Evidence required before verification or application,,,,Unverified,https://www.infrabridge.com/,No migrated evidence record; reconcile this fund individually.,Do not publish or modify from automation until reviewed evidence is added.
FUND-099B,InfraBridge,AMP Capital Global Infrastructure Fund II (GIF II),Financial Close,$3.4B,3400,2019,Closed-End,Core-Plus,Transportation | Digital | Power & ET | Social Infra,Global,,,Missing evidence record,,Unreconciled baseline,Evidence required before verification or application,,,,Unverified,https://www.infrabridge.com/,No migrated evidence record; reconcile this fund individually.,Do not publish or modify from automation until reviewed evidence is added.
FUND-100,InfraBridge,InfraBridge GIF III,Raising,$4.75B,4750,Raising,Closed-End,Value-Add,Power & ET | Utilities | Digital | Transportation | Social Infra,Global,fundsrc_b6b4af01b2f7b500caf6,https://www.infrabridge.com/,PRIMARY,FUND,Manager official release/fund page,"Fundraising status, target/filing, or launch verification",,2026-05-09,fundName; investmentStrategy; size; sizeUsdMm; strategies; vintage,High,https://www.infrabridge.com/,"Monitor for final close, updated Form D, LP memo, or official target/commitment disclosure.",No data edit beyond source coverage from this audit.
FUND-100,InfraBridge,InfraBridge GIF III,Raising,$4.75B,4750,Raising,Closed-End,Value-Add,Power & ET | Utilities | Digital | Transportation | Social Infra,Global,fundsrc_becb82544243aa343b78,https://www.infrabridge.com/news/2023-02-03-digitalbridge-completes-acquisition-of-amp-capital-global-infrastructure-equity-investment-management-business,PRIMARY,FUND,Manager official release/fund page,"Fundraising status, target/filing, or launch verification",,2026-05-09,fundName; investmentStrategy; size; sizeUsdMm; strategies; vintage,High,https://www.infrabridge.com/,"Monitor for final close, updated Form D, LP memo, or official target/commitment disclosure.",No data edit beyond source coverage from this audit.
FUND-101,InfraRed Capital Partners,InfraRed Fund VII,Raising,[£1.5B],1950,2025,Closed-End,Value-Add,Power & ET | Digital | Transportation | Social Infra,Europe | North America,fundsrc_ae9439887079ff1b61f4,https://www.ircp.com/who-we-are/,PRIMARY,FUND,Official manager/program page,"Fundraising status, target/filing, or launch verification",,2026-05-09,fundName; investmentStrategy; size; sizeUsdMm; strategies; vintage,High,https://www.ircp.com/investments/,"Monitor for final close, updated Form D, LP memo, or official target/commitment disclosure.",No data edit beyond source coverage from this audit.
FUND-102,InfraRed Capital Partners,HICL Infrastructure PLC,Evergreen,£2.4B,3120,Evergreen,Listed / Evergreen,Core,Power & ET | Utilities | Digital | Transportation | Social Infra,Europe | North America,fundsrc_5299d853264fea55d658,https://www.hicl.com/,PRIMARY,FUND,Listed vehicle page/report,Evergreen/listed/permanent vehicle context and ongoing strategy verification,,2026-05-09,fundName; fundStatus; investmentStrategy; size; sizeUsdMm; strategies,High,https://www.ircp.com/investments/,No material public-evidence gap identified in this pass.,No data edit beyond source coverage from this audit.
FUND-103,Instar Asset Management,Instar EIF Fund III,Financial Close,[$1.5B],1500,2023,Closed-End,Value-Add,Power & ET | Utilities | Digital | Midstream | Transportation | Social Infra,North America,fundsrc_05afd6e62dff65ff486b,https://www.sec.gov/Archives/edgar/data/1967019/000196701925000002/xslFormDX01/primary_doc.xml,INSTITUTIONAL,FUND,SEC/Form D or public-company filing,"Final close, size, vintage, and/or vehicle existence verification",,2026-05-09,fundName; fundStatus; investmentStrategy; size; sizeUsdMm; strategies; vintage,High,https://instarinvest.com/,No material public-evidence gap identified in this pass.,No data edit beyond source coverage from this audit.
FUND-103,Instar Asset Management,Instar EIF Fund III,Financial Close,[$1.5B],1500,2023,Closed-End,Value-Add,Power & ET | Utilities | Digital | Midstream | Transportation | Social Infra,North America,fundsrc_b56998f6df253b4d6e81,https://www.sec.gov/Archives/edgar/data/2107530/000210753026000001/xslFormDX01/primary_doc.xml,INSTITUTIONAL,FUND,SEC/Form D or public-company filing,"Final close, size, vintage, and/or vehicle existence verification",,2026-05-09,fundName; fundStatus; investmentStrategy; size; sizeUsdMm; strategies; vintage,High,https://instarinvest.com/,No material public-evidence gap identified in this pass.,No data edit beyond source coverage from this audit.
FUND-104,J.P. Morgan Asset Management,Infrastructure Investments Fund (IIF),Evergreen,$41.0B,41000,Evergreen,Evergreen,Core-Plus,Power & ET | Utilities | Midstream | Transportation,Global,fundsrc_6b8db7e71070e66841e4,https://www.nasdaq.com/press-release/south-jersey-industries-inc.-enters-into-agreement-to-be-acquired-by-the,REPUTABLE_SECONDARY,FUND,Official manager/program page,Evergreen/listed/permanent vehicle context and ongoing strategy verification,,2026-05-09,fundName; fundStatus; investmentStrategy; size; sizeUsdMm; strategies,Medium,https://am.jpmorgan.com/us/en/asset-management/adv/funds/alternatives/infrastructure/,No material public-evidence gap identified in this pass.,No data edit beyond source coverage from this audit.
FUND-105,KKR,KKR DCIF,Evergreen,$11.8B,11800,Evergreen,Evergreen,Core,Power & ET | Utilities | Digital,Global,fundsrc_0092946e17a8908ab07f,https://kseries.kkr.com/infrastructure/,PRIMARY,FUND,SEC/Form D or public-company filing,Evergreen/listed/permanent vehicle context and ongoing strategy verification,,2026-05-09,fundName; fundStatus; investmentStrategy; size; sizeUsdMm; strategies,High,https://www.kkr.com/businesses/infrastructure,No material public-evidence gap identified in this pass.,No data edit beyond source coverage from this audit.
FUND-105,KKR,KKR DCIF,Evergreen,$11.8B,11800,Evergreen,Evergreen,Core,Power & ET | Utilities | Digital,Global,fundsrc_33b8456d8f90aae5aa58,https://www.sec.gov/Archives/edgar/data/1933581/000193358126000001/xslFormDX01/primary_doc.xml,INSTITUTIONAL,FUND,SEC/Form D or public-company filing,Evergreen/listed/permanent vehicle context and ongoing strategy verification,,2026-05-09,fundName; fundStatus; investmentStrategy; size; sizeUsdMm; strategies,High,https://www.kkr.com/businesses/infrastructure,No material public-evidence gap identified in this pass.,No data edit beyond source coverage from this audit.
FUND-106,KKR,KKR Global Climate Transition Fund,Raising,$7.0B,7000,Raising,Closed-End,Opportunistic,Power & ET | Transportation,Global,fundsrc_1e68c823d1f79dea0911,https://www.sec.gov/Archives/edgar/data/2015282/000201528325000005/xslFormDX01/primary_doc.xml,INSTITUTIONAL,FUND,SEC/Form D or public-company filing,"Fundraising status, target/filing, or launch verification",,2026-05-09,fundName; investmentStrategy; size; sizeUsdMm; strategies; vintage,High,https://www.kkr.com/businesses/infrastructure,"Monitor for final close, updated Form D, LP memo, or official target/commitment disclosure.",No data edit beyond source coverage from this audit.
FUND-107,KKR,KKR Global Infrastructure Investors V,Raising,[$20.0B],20000,2024,Closed-End,Value-Add,Power & ET | Utilities | Digital | Midstream | Transportation | Social Infra,Global,fundsrc_1aba7c09c7ddf0f62d1d,https://www.sec.gov/Archives/edgar/data/2022923/000202292324000002/xslFormDX01/primary_doc.xml,INSTITUTIONAL,FUND,SEC/Form D or public-company filing,"Fundraising status, target/filing, or launch verification",,2026-05-09,fundName; investmentStrategy; size; sizeUsdMm; strategies; vintage,High,https://www.kkr.com/businesses/infrastructure,"Monitor for final close, updated Form D, LP memo, or official target/commitment disclosure.",No data edit beyond source coverage from this audit.
FUND-107,KKR,KKR Global Infrastructure Investors V,Raising,[$20.0B],20000,2024,Closed-End,Value-Add,Power & ET | Utilities | Digital | Midstream | Transportation | Social Infra,Global,fundsrc_fb14f937d9e7b2a65586,https://www.sec.gov/Archives/edgar/data/2022923/000202292325000001/xslFormDX01/primary_doc.xml,INSTITUTIONAL,FUND,SEC/Form D or public-company filing,"Fundraising status, target/filing, or launch verification",,2026-05-09,fundName; investmentStrategy; size; sizeUsdMm; strategies; vintage,High,https://www.kkr.com/businesses/infrastructure,"Monitor for final close, updated Form D, LP memo, or official target/commitment disclosure.",No data edit beyond source coverage from this audit.
FUND-108,KKR,K-INFRA,Evergreen,$5.3B,5300,Evergreen,Open-End,Retail Act '40,Power & ET | Utilities | Digital | Midstream | Transportation | Social Infra,Global,fundsrc_0092946e17a8908ab07f,https://kseries.kkr.com/infrastructure/,PRIMARY,FUND,Official manager/program page,Evergreen/listed/permanent vehicle context and ongoing strategy verification,,2026-05-09,fundName; fundStatus; investmentStrategy; size; sizeUsdMm; strategies,High,https://www.kkr.com/businesses/infrastructure,No material public-evidence gap identified in this pass.,No data edit beyond source coverage from this audit.
FUND-109,Kuwait Investment Authority (KIA),Wren House Infrastructure,Evergreen,—,,Evergreen,Permanent Capital,Value-Add,Power & ET | Utilities | Digital | Midstream | Transportation | Social Infra,Global,fundsrc_3f2ac7f6a18f25e8e997,https://www.wrenhouseinfra.com/,PRIMARY,FUND,Official manager/program page,Evergreen/listed/permanent vehicle context and ongoing strategy verification,,2026-05-09,fundName; fundStatus; investmentStrategy; strategies,Medium,https://www.wrenhouseinfra.com/,"Confirm latest fundraising total/final close when manager release, Form D amendment, or LP memo becomes public.",No data edit beyond source coverage from this audit.
FUND-110,La Caisse de dépôt (CDPQ),CDPQ Infrastructure,Evergreen,C$75B,55500,Evergreen,Permanent Capital,Core,Power & ET | Utilities | Digital | Midstream | Transportation | Social Infra,Global,fundsrc_15edcb729f3964a17f1e,https://www.cdpq.com/en/investments/infrastructure,INSTITUTIONAL,PROGRAM_EXCEPTION,Official manager/program page,Program context / direct platform verification,,2026-05-09,investmentStrategy; managerName; regions; sectors; strategies,Medium,https://www.cdpq.com/en/investments/infrastructure,Program-level evidence only; no named vehicle document found or expected publicly for this direct/sovereign/pension platform.,Keep program-level row; do not treat manager source as fund-specific evidence.
FUND-111,Macquarie Asset Management,Macquarie Retail Infrastructure Fund,Evergreen,$1.1B,1100,Evergreen,Open-End,Retail Act '40,Power & ET | Utilities | Digital | Transportation | Social Infra,Global,fundsrc_3ea9511d20b9fb598deb,https://www.macquarie.com/au/en/about/company/macquarie-asset-management/financial-advisor/investments/unlisted-infrastructure.html,PRIMARY,FUND,Manager official release/fund page,Evergreen/listed/permanent vehicle context and ongoing strategy verification,,2026-05-09,fundName; fundStatus; investmentStrategy; size; sizeUsdMm; strategies,High,https://www.macquarie.com/us/en/about/company/macquarie-asset-management/institutional-investor/capabilities/Infrastructure.html,No material public-evidence gap identified in this pass.,No data edit beyond source coverage from this audit.
FUND-111A,Macquarie Asset Management,Macquarie Infrastructure Partners III,Financial Close,$3.0B,3000,2014,Closed-End,Core-Plus,Power & ET | Utilities | Digital | Transportation | Social Infra,North America,,,Missing evidence record,,Unreconciled baseline,Evidence required before verification or application,,,,Unverified,https://www.macquarie.com/us/en/about/company/macquarie-asset-management/institutional-investor/capabilities/Infrastructure.html,No migrated evidence record; reconcile this fund individually.,Do not publish or modify from automation until reviewed evidence is added.
FUND-111B,Macquarie Asset Management,Macquarie Infrastructure Partners IV,Financial Close,$5.0B,5000,2018,Closed-End,Core-Plus,Power & ET | Utilities | Digital | Transportation | Social Infra,North America,,,Missing evidence record,,Unreconciled baseline,Evidence required before verification or application,,,,Unverified,https://www.macquarie.com/us/en/about/company/macquarie-asset-management/institutional-investor/capabilities/Infrastructure.html,No migrated evidence record; reconcile this fund individually.,Do not publish or modify from automation until reviewed evidence is added.
FUND-111C,Macquarie Asset Management,Macquarie Infrastructure Partners V,Financial Close,$6.9B,6900,2021,Closed-End,Core-Plus,Power & ET | Utilities | Digital | Transportation | Social Infra,North America,,,Missing evidence record,,Unreconciled baseline,Evidence required before verification or application,,,,Unverified,https://www.macquarie.com/us/en/about/company/macquarie-asset-management/institutional-investor/capabilities/Infrastructure.html,No migrated evidence record; reconcile this fund individually.,Do not publish or modify from automation until reviewed evidence is added.
FUND-112,Macquarie Asset Management,Macquarie MGECO,Evergreen,[TBU],,Evergreen,Evergreen,Core,Power & ET | Social Infra,Global,fundsrc_f4148656d0fd32b00099,https://www.greeninvestmentgroup.com/en/news/2024/macquarie-green-energy-and-climate-opportunities-fund-acquires-p.html,PRIMARY,FUND,Manager official release/fund page,Evergreen/listed/permanent vehicle context and ongoing strategy verification,,2026-05-09,fundName; fundStatus; investmentStrategy; size; sizeUsdMm; strategies,High,https://www.macquarie.com/us/en/about/company/macquarie-asset-management/institutional-investor/capabilities/Infrastructure.html,No material public-evidence gap identified in this pass.,No data edit beyond source coverage from this audit.
FUND-113,Macquarie Asset Management,Macquarie MGETS,Financial Close,$3.0B,3000,2025,Closed-End,Opportunistic,Power & ET | Transportation | Social Infra,Global,fundsrc_7c758615649e7438edde,https://www.macquarie.com/ph/en/about/news/2025/macquarie-asset-management-reaches-us3-billion-close-of-green-energy-transition-solutions-fund-and-co-investment-commitment.html,PRIMARY,FUND,Manager official release/fund page,"Final close, size, vintage, and/or vehicle existence verification",,2026-05-09,fundName; fundStatus; investmentStrategy; size; sizeUsdMm; strategies; vintage,High,https://www.macquarie.com/us/en/about/company/macquarie-asset-management/institutional-investor/capabilities/Infrastructure.html,No material public-evidence gap identified in this pass.,Implemented: Macquarie MGETS vintage/strategy aligned to September 2025 close evidence.
FUND-114,Macquarie Asset Management,Macquarie MGIF,Evergreen,[$4.0B],4000,Evergreen,Evergreen,Core,Power & ET | Utilities | Digital | Transportation,Global,fundsrc_3ea9511d20b9fb598deb,https://www.macquarie.com/au/en/about/company/macquarie-asset-management/financial-advisor/investments/unlisted-infrastructure.html,PRIMARY,FUND,Manager official release/fund page,Evergreen/listed/permanent vehicle context and ongoing strategy verification,,2026-05-09,fundName; fundStatus; investmentStrategy; size; sizeUsdMm; strategies,High,https://www.macquarie.com/us/en/about/company/macquarie-asset-management/institutional-investor/capabilities/Infrastructure.html,No material public-evidence gap identified in this pass.,No data edit beyond source coverage from this audit.
FUND-115,Macquarie Asset Management,Macquarie Infrastructure Partners VI,Financial Close,$6.8B,6800,2022,Closed-End,Core-Plus,Power & ET | Utilities | Digital | Transportation | Social Infra,North America,fundsrc_bf9d1fcaf72c8363b361,https://www.businesswire.com/news/home/20250617787003/en/Macquarie-Asset-Management-Closes-Macquarie-Infrastructure-Partners-VI-With-Over-%24US8-Billion-of-Total-Fund-and-Co-Investment-Commitments,REPUTABLE_SECONDARY,FUND,Manager release via wire service; Manager official release/fund page,"Final close, size, vintage, and/or vehicle existence verification",,2026-05-09,fundName; fundStatus; investmentStrategy; size; sizeUsdMm; strategies; vintage,Medium,https://www.macquarie.com/us/en/about/company/macquarie-asset-management/institutional-investor/capabilities/Infrastructure.html,No material public-evidence gap identified in this pass.,No data edit beyond source coverage from this audit.
FUND-116,Macquarie Asset Management,Macquarie Infrastructure Partners VII,Raising,[$7.0B],7000,2025,Closed-End,Core-Plus,Power & ET | Utilities | Digital | Transportation | Social Infra,North America,fundsrc_30fc893dd5542c1ecb8e,https://www.sec.gov/Archives/edgar/data/2123130/000212313026000001/xslFormDX01/primary_doc.xml,INSTITUTIONAL,FUND,SEC/Form D or public-company filing,"Fundraising status, target/filing, or launch verification",,2026-05-09,fundName; investmentStrategy; size; sizeUsdMm; strategies; vintage,High,https://www.macquarie.com/us/en/about/company/macquarie-asset-management/institutional-investor/capabilities/Infrastructure.html,"Monitor for final close, updated Form D, LP memo, or official target/commitment disclosure.",No data edit beyond source coverage from this audit.
FUND-117A,Manulife Investment Management,Manulife Infrastructure Fund I,Financial Close,—,,2018,Closed-End,Core-Plus,Power & ET | Utilities | Digital | Midstream | Transportation | Social Infra,North America,,,Missing evidence record,,Unreconciled baseline,Evidence required before verification or application,,,,Unverified,https://www.manulifeim.com/institutional/global/en/strategies/private-markets/infrastructure,No migrated evidence record; reconcile this fund individually.,Do not publish or modify from automation until reviewed evidence is added.
FUND-117B,Manulife Investment Management,Manulife Infrastructure Fund II,Financial Close,$4.65B,4650,2021,Closed-End,Core-Plus,Power & ET | Utilities | Digital | Transportation | Social Infra,North America,,,Missing evidence record,,Unreconciled baseline,Evidence required before verification or application,,,,Unverified,https://www.manulifeim.com/institutional/global/en/strategies/private-markets/infrastructure,No migrated evidence record; reconcile this fund individually.,Do not publish or modify from automation until reviewed evidence is added.
FUND-117,Manulife Investment Management,Manulife Infrastructure Fund III,Financial Close,$5.5B,5500,2025,Closed-End,Core-Plus,Power & ET | Utilities | Digital | Midstream | Transportation | Social Infra,North America,fundsrc_6040532a0bbac2691923,https://www.prnewswire.com/news-releases/manulife-investment-managements-infrastructure-fund-iii-reaches-us-5-5-billion-in-an-oversubscribed-close-302578671.html,REPUTABLE_SECONDARY,FUND,Manager release via wire service; Manager official release/fund page,"Final close, size, vintage, and/or vehicle existence verification",,2026-05-09,fundName; fundStatus; investmentStrategy; size; sizeUsdMm; strategies; vintage,Medium,https://www.manulifeim.com/institutional/global/en/strategies/private-markets/infrastructure,No material public-evidence gap identified in this pass.,Implemented: Manulife MIF III vintage/strategy aligned to October 2025 final close.
FUND-118,Meridiam,Meridiam MINA IV,Financial Close,$1.8B,1800,2025,Closed-End,Core-Plus,Digital | Transportation | Social Infra,North America,fundsrc_84ef653bf3f2686bb373,https://www.meridiam.com/news/meridiam-successfully-closes-mina-iv-its-flagship-north-america-infrastructure-fund-raising-more-than-1-8-billion/,PRIMARY,FUND,Manager official release/fund page,"Final close, size, vintage, and/or vehicle existence verification",,2026-05-09,fundName; fundStatus; investmentStrategy; size; sizeUsdMm; strategies; vintage,High,https://www.meridiam.com/,No material public-evidence gap identified in this pass.,Implemented: Meridiam MINA IV status/vintage/strategy aligned to October 2025 final close.
FUND-119,Morgan Stanley Infrastructure Partners,North Haven Infrastructure Partners IV,Financial Close,$4.1B,4100,2025,Closed-End,Value-Add,Power & ET | Utilities | Digital | Midstream | Transportation,North America | Europe,fundsrc_b40728ac19a8f9767bfa,https://www.morganstanley.com/press-releases/msim-closes-fourth-global-infrastructure-fund,PRIMARY,FUND,Manager official release/fund page,"Final close, size, vintage, and/or vehicle existence verification",,2026-05-09,fundName; fundStatus; investmentStrategy; size; sizeUsdMm; strategies; vintage,High,https://www.morganstanley.com/im/en-us/institutional-investor/about-us/investment-teams/real-assets/private-infrastructure-team.html,No material public-evidence gap identified in this pass.,Implemented: North Haven Infrastructure Partners IV vintage/strategy aligned to March 2025 close evidence.
FUND-119A,Morgan Stanley Infrastructure Partners,North Haven Infrastructure Partners II (NHIP II),Financial Close,$3.6B,3600,2018,Closed-End,Value-Add,Midstream,North America,,,Missing evidence record,,Unreconciled baseline,Evidence required before verification or application,,,,Unverified,https://www.morganstanley.com/im/en-us/institutional-investor/about-us/investment-teams/real-assets/private-infrastructure-team.html,No migrated evidence record; reconcile this fund individually.,Do not publish or modify from automation until reviewed evidence is added.
FUND-120,Morrison & Co,Infratil,Evergreen,~$8.0B,8000,Evergreen,Listed / Evergreen,Core,Power & ET | Utilities | Digital | Transportation | Social Infra,Asia-Pacific | North America | Europe,fundsrc_de8c848cdd44c0e0c605,https://infratil.com/,PRIMARY,FUND,Listed vehicle page/report,Evergreen/listed/permanent vehicle context and ongoing strategy verification,,2026-05-09,fundName; fundStatus; investmentStrategy; size; sizeUsdMm; strategies,High,https://morrisonglobal.com/,No material public-evidence gap identified in this pass.,No data edit beyond source coverage from this audit.
FUND-121,Morrison & Co,Morrison MIP,Evergreen,>$3.0B,3000,Evergreen,Evergreen,Core-Plus,Power & ET | Digital,Global,fundsrc_08d73c074278702da27e,https://morrisonglobal.com/,PRIMARY,FUND,Official manager/program page,Evergreen/listed/permanent vehicle context and ongoing strategy verification,,2026-05-09,fundName; fundStatus; investmentStrategy; size; sizeUsdMm; strategies,High,https://morrisonglobal.com/,No material public-evidence gap identified in this pass.,No data edit beyond source coverage from this audit.
FUND-122,Morrison & Co,Morrison MVA II,Raising,[$2.0B],2000,2025,Closed-End,Value-Add,Power & ET | Utilities | Digital | Social Infra,Global,fundsrc_5cebaff3691a9ac7ca20,https://morrisonglobal.com/sites/mn/assets/Form-21-3_Explanatory-Document_B.pdf,PRIMARY,FUND,Official manager/program page,"Fundraising status, target/filing, or launch verification",,2026-05-09,fundName; investmentStrategy; size; sizeUsdMm; strategies; vintage,High,https://morrisonglobal.com/,"Monitor for final close, updated Form D, LP memo, or official target/commitment disclosure.",No data edit beyond source coverage from this audit.
FUND-123,Mubadala Investment Company,Mubadala Infrastructure,Evergreen,—,,Evergreen,Permanent Capital,Value-Add,Power & ET | Utilities | Digital | Midstream | Transportation,Global,fundsrc_4756d1c66a92be8f4765,https://www.mubadala.com/en/what-we-do/investments/real-estate-infrastructure,INSTITUTIONAL,PROGRAM_EXCEPTION,Official manager/program page,Program context / direct platform verification,,2026-05-09,investmentStrategy; managerName; regions; sectors; strategies,Medium,https://www.mubadala.com/en/what-we-do/investments/real-estate-infrastructure,Program-level evidence only; no named vehicle document found or expected publicly for this direct/sovereign/pension platform.,Keep program-level row; do not treat manager source as fund-specific evidence.
FUND-124,Northampton Capital,Northampton Flagship Fund Complex,Raising,[$1.0B],1000,2024,Closed-End,Core-Plus,Power & ET | Digital,North America,fundsrc_0300adcb76ea5ccea7af,https://www.sec.gov/Archives/edgar/data/2043228/000204322825000002/xslFormDX01/primary_doc.xml,INSTITUTIONAL,FUND,SEC/Form D or public-company filing,"Fundraising status, target/filing, or launch verification",,2026-05-09,fundName; investmentStrategy; size; sizeUsdMm; strategies; vintage,High,https://www.northamptonllc.com/,"Monitor for final close, updated Form D, LP memo, or official target/commitment disclosure.",No data edit beyond source coverage from this audit.
FUND-124,Northampton Capital,Northampton Flagship Fund Complex,Raising,[$1.0B],1000,2024,Closed-End,Core-Plus,Power & ET | Digital,North America,fundsrc_49e1843c0849e49ae26f,https://www.sec.gov/Archives/edgar/data/2043231/000204323125000002/xslFormDX01/primary_doc.xml,INSTITUTIONAL,FUND,SEC/Form D or public-company filing,"Fundraising status, target/filing, or launch verification",,2026-05-09,fundName; investmentStrategy; size; sizeUsdMm; strategies; vintage,High,https://www.northamptonllc.com/,"Monitor for final close, updated Form D, LP memo, or official target/commitment disclosure.",No data edit beyond source coverage from this audit.
FUND-125,Northleaf Capital Partners,Northleaf NEIF,Evergreen,>$1.0B,1000,Evergreen,Evergreen,Core,Power & ET | Digital | Transportation,North America,fundsrc_b7279a3ae58f9fc9e8e3,https://www.kirkland.com/news/press-release/2021/11/kirkland-advises-northleaf-on-infra-fund,OTHER_SECONDARY,FUND,Manager official release/fund page,Evergreen/listed/permanent vehicle context and ongoing strategy verification,,2026-05-09,fundName; fundStatus; investmentStrategy; size; sizeUsdMm; strategies,Medium,https://www.northleafcapital.com/infrastructure/,No material public-evidence gap identified in this pass.,No data edit beyond source coverage from this audit.
FUND-126,Northleaf Capital Partners,Northleaf NICP IV,Financial Close,$2.6B,2600,2023,Closed-End,Core-Plus,Power & ET | Utilities | Digital | Midstream | Transportation,North America,fundsrc_3f3039f19098666973c2,https://www.northleafcapital.com/news/northleaf-hits-hard-cap-final-close-its-us26-billion-infrastructure-fund,PRIMARY,FUND,Manager official release/fund page,"Final close, size, vintage, and/or vehicle existence verification",,2026-05-09,fundName; fundStatus; investmentStrategy; size; sizeUsdMm; strategies; vintage,High,https://www.northleafcapital.com/infrastructure/,No material public-evidence gap identified in this pass.,No data edit beyond source coverage from this audit.
FUND-127,OMERS Infrastructure,OMERS Infrastructure,Evergreen,C$33B,24420,Evergreen,Permanent Capital,Core-Plus,Power & ET | Utilities | Digital | Midstream | Transportation | Social Infra,Global,fundsrc_9d6872538ab582f95301,https://www.omersinfrastructure.com/,INSTITUTIONAL,PROGRAM_EXCEPTION,Official manager/program page,Program context / direct platform verification,,2026-05-09,investmentStrategy; managerName; regions; sectors; strategies,Medium,https://www.omersinfrastructure.com/,Program-level evidence only; no named vehicle document found or expected publicly for this direct/sovereign/pension platform.,Keep program-level row; do not treat manager source as fund-specific evidence.
FUND-128,Ontario Teachers' Pension Plan,OTPP Infrastructure,Evergreen,C$32B,23680,Evergreen,Permanent Capital,Core,Power & ET | Utilities | Digital | Transportation | Social Infra,Global,fundsrc_1235ce8084a3b87465e3,https://www.otpp.com/en-ca/investments/our-investments/infrastructure-and-natural-resources/,INSTITUTIONAL,PROGRAM_EXCEPTION,Official manager/program page,Program context / direct platform verification,,2026-05-09,investmentStrategy; managerName; regions; sectors; strategies,Medium,https://www.otpp.com/en-ca/investments/our-investments/infrastructure-and-natural-resources/,Program-level evidence only; no named vehicle document found or expected publicly for this direct/sovereign/pension platform.,Keep program-level row; do not treat manager source as fund-specific evidence.
FUND-150,Partners Group,Partners Group Direct Infrastructure Fund IV,Raising,[$8.0B],8000,2023,Closed-End,Value-Add,Power & ET | Utilities | Digital | Transportation | Social Infra,North America | Europe | Asia-Pacific,fundsrc_ac5e29196fac2079a353,https://irei.com/news/imrf-commits-up-to-25m-to-partners-group-direct-infrastructure-fund-iv/,REPUTABLE_SECONDARY,FUND,SEC/Form D or public-company filing,"Fundraising status, target/filing, or launch verification",,2026-05-09,fundName; investmentStrategy; size; sizeUsdMm; strategies; vintage,Medium,https://www.partnersgroup.com/en/our-investments/infrastructure,"Monitor for final close, updated Form D, LP memo, or official target/commitment disclosure.",No data edit beyond source coverage from this audit.
FUND-150,Partners Group,Partners Group Direct Infrastructure Fund IV,Raising,[$8.0B],8000,2023,Closed-End,Value-Add,Power & ET | Utilities | Digital | Transportation | Social Infra,North America | Europe | Asia-Pacific,fundsrc_2fe6755605d39dcdd632,https://www.partnersgroup.com/~/media/Files/P/Partnersgroup/Universal/in-the-media/20240301-infrastructure-investor-esther-peiner-feb24.pdf,REPUTABLE_SECONDARY,FUND,SEC/Form D or public-company filing,"Fundraising status, target/filing, or launch verification",,2026-05-09,fundName; investmentStrategy; size; sizeUsdMm; strategies; vintage,Medium,https://www.partnersgroup.com/en/our-investments/infrastructure,"Monitor for final close, updated Form D, LP memo, or official target/commitment disclosure.",No data edit beyond source coverage from this audit.
FUND-150,Partners Group,Partners Group Direct Infrastructure Fund IV,Raising,[$8.0B],8000,2023,Closed-End,Value-Add,Power & ET | Utilities | Digital | Transportation | Social Infra,North America | Europe | Asia-Pacific,fundsrc_2c2b58478c85ca20b3bf,https://www.partnersgroup.com/news-and-views/press-releases/corporate-news/detail?news_id=35550643-444b-49c8-9f72-1502c2e822a6,PRIMARY,FUND,SEC/Form D or public-company filing,"Fundraising status, target/filing, or launch verification",,2026-05-09,fundName; investmentStrategy; size; sizeUsdMm; strategies; vintage,High,https://www.partnersgroup.com/en/our-investments/infrastructure,"Monitor for final close, updated Form D, LP memo, or official target/commitment disclosure.",No data edit beyond source coverage from this audit.
FUND-150,Partners Group,Partners Group Direct Infrastructure Fund IV,Raising,[$8.0B],8000,2023,Closed-End,Value-Add,Power & ET | Utilities | Digital | Transportation | Social Infra,North America | Europe | Asia-Pacific,fundsrc_9c910f32a4ee96204d7f,https://www.partnersgroup.com/news-and-views/press-releases/corporate-news/detail?news_id=b968937c-2e81-4691-984d-d8fdd68a0ad7,PRIMARY,FUND,SEC/Form D or public-company filing,"Fundraising status, target/filing, or launch verification",,2026-05-09,fundName; investmentStrategy; size; sizeUsdMm; strategies; vintage,High,https://www.partnersgroup.com/en/our-investments/infrastructure,"Monitor for final close, updated Form D, LP memo, or official target/commitment disclosure.",No data edit beyond source coverage from this audit.
FUND-150,Partners Group,Partners Group Direct Infrastructure Fund IV,Raising,[$8.0B],8000,2023,Closed-End,Value-Add,Power & ET | Utilities | Digital | Transportation | Social Infra,North America | Europe | Asia-Pacific,fundsrc_fa33ab31aa65e925a7c2,https://www.sec.gov/Archives/edgar/data/1971296/000197129625000002/xslFormDX01/primary_doc.xml,INSTITUTIONAL,FUND,SEC/Form D or public-company filing,"Fundraising status, target/filing, or launch verification",,2026-05-09,fundName; investmentStrategy; size; sizeUsdMm; strategies; vintage,High,https://www.partnersgroup.com/en/our-investments/infrastructure,"Monitor for final close, updated Form D, LP memo, or official target/commitment disclosure.",No data edit beyond source coverage from this audit.
FUND-129,Qatar Investment Authority (QIA),QIA Infrastructure,Evergreen,—,,Evergreen,Permanent Capital,Core,Power & ET | Utilities | Digital | Transportation,Global,fundsrc_7c43831951d3d3e50402,https://www.qia.qa/,INSTITUTIONAL,PROGRAM_EXCEPTION,Official manager/program page,Program context / direct platform verification,,2026-05-09,investmentStrategy; managerName; regions; sectors; strategies,Medium,https://www.qia.qa/,Program-level evidence only; no named vehicle document found or expected publicly for this direct/sovereign/pension platform.,Keep program-level row; do not treat manager source as fund-specific evidence.
FUND-130,QIC,QIC QGIF II,Raising,[TBD],,2023,Closed-End,Core-Plus,Power & ET | Utilities | Transportation | Social Infra,Asia-Pacific,fundsrc_32bbffbdb76442ed4c22,https://www.cefc.com.au/media/media-release/cefc-backs-new-qic-infrastructure-investment-to-accelerate-energy-transition/,INSTITUTIONAL,FUND,Public LP/regulatory filing,"Fundraising status, target/filing, or launch verification",,2026-05-09,fundName; investmentStrategy; strategies; vintage,Medium,https://www.qic.com/investment-capabilities/infrastructure,"Confirm latest fundraising total/final close when manager release, Form D amendment, or LP memo becomes public.","Implemented: QGIF II moved to Raising with TBD size because public CEFC source supports launch/commitment, not final close."
FUND-131,Quinbrook Infrastructure Partners,Quinbrook Net Zero Power Fund (NZPF),Financial Close,$3.0B,3000,2024,Closed-End,Value-Add,Power & ET | Utilities | Digital | Social Infra,North America | Europe | Asia-Pacific,fundsrc_d85d6bc18cd183058fe7,https://www.quinbrook.com/news-insights/quinbrook-exceeds-target-for-net-zero-power-strategy-raising-usd-3-billion-in-capital-commitments/,PRIMARY,FUND,Manager official release/fund page,"Final close, size, vintage, and/or vehicle existence verification",,2026-05-09,fundName; fundStatus; investmentStrategy; size; sizeUsdMm; strategies; vintage,High,https://www.quinbrook.com/,No material public-evidence gap identified in this pass.,Implemented: renamed to Quinbrook Net Zero Power Fund (NZPF) and vintage/strategy aligned to August 2024 close evidence.
FUND-132,Ridgewood Infrastructure,Ridgewood Water & Strategic Infrastructure Fund II,Financial Close,$1.2B,1200,2025,Closed-End,Opportunistic,Power & ET | Utilities | Transportation | Social Infra,North America,fundsrc_ee809e3cea150735289c,https://www.prnewswire.com/news-releases/ridgewood-infrastructure-announced-1-2-billion-final-close-for-fund-ii-significantly-surpassing-its-target-302352437.html,REPUTABLE_SECONDARY,FUND,Manager release via wire service; Manager official release/fund page,"Final close, size, vintage, and/or vehicle existence verification",,2026-05-09,fundName; fundStatus; investmentStrategy; size; sizeUsdMm; strategies; vintage,Medium,https://ridgewoodinfrastructure.com/,No material public-evidence gap identified in this pass.,Implemented: vintage/strategy aligned to January 2025 final close.
FUND-133,Sandbrook Capital,Sandbrook Climate Infrastructure Fund II,Raising,[$2.0B],2000,2025,Closed-End,Opportunistic,Power & ET | Utilities | Digital,North America,fundsrc_ca6b6d3d9de4594e6929,https://www.sec.gov/Archives/edgar/data/2075494/000206508925000001/xslFormDX01/primary_doc.xml,INSTITUTIONAL,FUND,SEC/Form D or public-company filing,"Fundraising status, target/filing, or launch verification",,2026-05-09,fundName; investmentStrategy; size; sizeUsdMm; strategies; vintage,High,https://sandbrook.com/,"Monitor for final close, updated Form D, LP memo, or official target/commitment disclosure.",No data edit beyond source coverage from this audit.
FUND-134,SDC Capital Partners,SDC Digital Infrastructure Opportunity Fund IV,Raising,[TBD],,2024,Closed-End,Value-Add,Digital,North America,fundsrc_c65bd231764577f046bd,https://www.sec.gov/Archives/edgar/data/2005226/000200522624000001/xslFormDX01/primary_doc.xml,INSTITUTIONAL,FUND,SEC/Form D or public-company filing,"Fundraising status, target/filing, or launch verification",,2026-05-09,fundName; investmentStrategy; strategies; vintage,High,https://sdccapitalpartners.com/,"Confirm latest fundraising total/final close when manager release, Form D amendment, or LP memo becomes public.",Implemented: renamed to SDC Digital Infrastructure Opportunity Fund IV; moved to Raising/TBD based on SEC evidence.
FUND-135,Searchlight Capital Partners,Searchlight Fiber Alliance,Raising,$1.5B,1500,Raising,Closed-End,Opportunistic,Digital,North America,fundsrc_2e7b17bdedc77568670f,https://searchlightcap.com/news/mainstream-fiber-networks-plans-rapid-expansion-with-strategic-investment-from-searchlight-capital-partners/,PRIMARY,FUND,Official manager/program page,"Fundraising status, target/filing, or launch verification",,2026-05-09,fundName; investmentStrategy; size; sizeUsdMm; strategies; vintage,High,https://www.searchlightcap.com/,"Monitor for final close, updated Form D, LP memo, or official target/commitment disclosure.",No data edit beyond source coverage from this audit.
FUND-135,Searchlight Capital Partners,Searchlight Fiber Alliance,Raising,$1.5B,1500,Raising,Closed-End,Opportunistic,Digital,North America,fundsrc_bb974d121681ea914164,https://www.gic.com.sg/thinkspace/emerging-markets/infrastructure-a-resilient-strategy-in-uncertain-times/,INSTITUTIONAL,FUND,Official manager/program page,"Fundraising status, target/filing, or launch verification",,2026-05-09,fundName; investmentStrategy; size; sizeUsdMm; strategies; vintage,High,https://www.searchlightcap.com/,"Monitor for final close, updated Form D, LP memo, or official target/commitment disclosure.",No data edit beyond source coverage from this audit.
FUND-136,Stonepeak,Stonepeak Core Fund,Evergreen,~$6.0B,6000,Evergreen,Evergreen,Core,Power & ET | Utilities | Digital | Transportation,Global,fundsrc_33199557b799ba092e60,https://www.sec.gov/Archives/edgar/data/2074413/000207441325000001/xslFormDX01/primary_doc.xml,INSTITUTIONAL,FUND,SEC/Form D or public-company filing,Evergreen/listed/permanent vehicle context and ongoing strategy verification,,2026-05-09,fundName; fundStatus; investmentStrategy; size; sizeUsdMm; strategies,High,https://stonepeak.com/,No material public-evidence gap identified in this pass.,No data edit beyond source coverage from this audit.
FUND-137,Stonepeak,Stonepeak Fund V,Raising,[TBD],,2023,Closed-End,Core-Plus,Power & ET | Utilities | Digital | Midstream | Transportation,North America,fundsrc_26820e031ddee42ba8f1,https://www.sec.gov/Archives/edgar/data/2003495/000200349525000001/xslFormDX01/primary_doc.xml,INSTITUTIONAL,FUND,SEC/Form D or public-company filing,"Fundraising status, target/filing, or launch verification",,2026-05-09,fundName; investmentStrategy; strategies; vintage,High,https://stonepeak.com/,"Confirm latest fundraising total/final close when manager release, Form D amendment, or LP memo becomes public.",Implemented: Stonepeak Fund V moved to Raising/TBD because SEC filing supports fundraising but not final close.
FUND-138,Stonepeak,Stonepeak Global Renewables Fund II,Raising,[$5.0B],5000,2024,Closed-End,Core-Plus,Power & ET,Global,fundsrc_de2012e6efed7df0f073,https://www.sec.gov/Archives/edgar/data/2030457/000203045726000001/xslFormDX01/primary_doc.xml,INSTITUTIONAL,FUND,SEC/Form D or public-company filing,"Fundraising status, target/filing, or launch verification",,2026-05-09,fundName; investmentStrategy; size; sizeUsdMm; strategies; vintage,High,https://stonepeak.com/,"Monitor for final close, updated Form D, LP memo, or official target/commitment disclosure.",No data edit beyond source coverage from this audit.
FUND-139,Stonepeak,Stonepeak Opportunities Fund II,Raising,[TBD],,2025,Closed-End,Opportunistic,Power & ET | Utilities | Digital | Midstream | Transportation,North America | Europe,fundsrc_b3a87c9cd6cf3dfca2ae,https://www.sec.gov/Archives/edgar/data/2098508/000209850825000001/xslFormDX01/primary_doc.xml,INSTITUTIONAL,FUND,SEC/Form D or public-company filing,"Fundraising status, target/filing, or launch verification",,2026-05-09,fundName; investmentStrategy; strategies; vintage,High,https://stonepeak.com/,"Confirm latest fundraising total/final close when manager release, Form D amendment, or LP memo becomes public.",Implemented: renamed to Stonepeak Opportunities Fund II and kept Raising/TBD based on SEC evidence.
FUND-140,Swiss Life Asset Managers,SwissLife GIO Growth II,Raising,[€1.0B],1100,2025,Closed-End,Value-Add,Power & ET | Digital | Transportation | Social Infra,Europe,fundsrc_0406f2149acd6c9c7503,https://www.swisslife-am.com/en/home/media/news/switzerland/institutional/2023/0502-infrastructure-fund.html,PRIMARY,FUND,Manager official release/fund page,"Fundraising status, target/filing, or launch verification",,2026-05-09,fundName; investmentStrategy; size; sizeUsdMm; strategies; vintage,High,https://www.swisslife-am.com/en/home/funds-invest/asset-classes/infrastructure.html,"Monitor for final close, updated Form D, LP memo, or official target/commitment disclosure.",No data edit beyond source coverage from this audit.
FUND-141,Swiss Life Asset Managers,SwissLife GIO IV,Raising,[€2.5B],2750,2025,Closed-End,Core,Power & ET | Utilities | Digital | Transportation | Social Infra,Europe,fundsrc_c4f0f39b384105cb6a88,https://www.swisslife-am.com/en/home/media/news/corporate/company-news/2024/0704-gio-4.html,PRIMARY,FUND,Manager official release/fund page,"Fundraising status, target/filing, or launch verification",,2026-05-09,fundName; investmentStrategy; size; sizeUsdMm; strategies; vintage,High,https://www.swisslife-am.com/en/home/funds-invest/asset-classes/infrastructure.html,"Monitor for final close, updated Form D, LP memo, or official target/commitment disclosure.",No data edit beyond source coverage from this audit.
FUND-142,Tallvine Partners,Tallvine Middle Market Infrastructure Fund I,Raising,—,,Raising,Closed-End,Value-Add,Digital | Transportation,North America,fundsrc_56eab949c0e9124444f1,https://www.sec.gov/Archives/edgar/data/2017078/000201707825000003/xslFormDX01/primary_doc.xml,INSTITUTIONAL,FUND,SEC/Form D or public-company filing,"Fundraising status, target/filing, or launch verification",,2026-05-09,fundName; investmentStrategy; strategies; vintage,High,https://www.tallvinepartners.com/,"Confirm latest fundraising total/final close when manager release, Form D amendment, or LP memo becomes public.",No data edit beyond source coverage from this audit.
FUND-143,Temasek,Temasek Infrastructure,Evergreen,—,,Evergreen,Permanent Capital,Value-Add,Power & ET | Utilities | Digital | Transportation,Global | Asia-Pacific,fundsrc_38ec0e0e1970a4436479,https://www.temasek.com.sg/en/our-investments,INSTITUTIONAL,PROGRAM_EXCEPTION,Official manager/program page,Program context / direct platform verification,,2026-05-09,investmentStrategy; managerName; regions; sectors; strategies,Medium,https://www.temasek.com.sg/en/our-investments,Program-level evidence only; no named vehicle document found or expected publicly for this direct/sovereign/pension platform.,Keep program-level row; do not treat manager source as fund-specific evidence.
FUND-143A,Tiger Infrastructure Partners,Tiger Infrastructure Partners Fund I,Financial Close,—,,2011,Closed-End,Value-Add,Power & ET | Utilities | Digital | Transportation,North America,,,Missing evidence record,,Unreconciled baseline,Evidence required before verification or application,,,,Unverified,https://www.tigerinfrastructure.com/,No migrated evidence record; reconcile this fund individually.,Do not publish or modify from automation until reviewed evidence is added.
FUND-143B,Tiger Infrastructure Partners,Tiger Infrastructure Partners Fund II,Financial Close,[$176.5M+],176.5,2017,Closed-End,Value-Add,Power & ET | Utilities | Digital | Transportation,North America | Europe,,,Missing evidence record,,Unreconciled baseline,Evidence required before verification or application,,,,Unverified,https://www.tigerinfrastructure.com/,No migrated evidence record; reconcile this fund individually.,Do not publish or modify from automation until reviewed evidence is added.
FUND-143C,Tiger Infrastructure Partners,Tiger Infrastructure Partners Fund III,Financial Close,$1.25B,1250,2022,Closed-End,Value-Add,Power & ET | Utilities | Digital | Transportation,North America | Europe,,,Missing evidence record,,Unreconciled baseline,Evidence required before verification or application,,,,Unverified,https://www.tigerinfrastructure.com/,No migrated evidence record; reconcile this fund individually.,Do not publish or modify from automation until reviewed evidence is added.
FUND-144,Tiger Infrastructure Partners,Tiger Infrastructure Fund IV,Raising,[$2.0B],2000,2024,Closed-End,Value-Add,Power & ET | Utilities | Digital | Transportation | Social Infra,North America | Europe,fundsrc_aa4463f97359e80173d1,https://www.sec.gov/Archives/edgar/data/1995540/000199554025000003/xslFormDX01/primary_doc.xml,INSTITUTIONAL,FUND,SEC/Form D or public-company filing,"Fundraising status, target/filing, or launch verification",,2026-05-09,fundName; investmentStrategy; size; sizeUsdMm; strategies; vintage,High,https://www.tigerinfrastructure.com/,"Monitor for final close, updated Form D, LP memo, or official target/commitment disclosure.",No data edit beyond source coverage from this audit.
FUND-145,TPG,TPG Peppertree Fund X,Financial Close,$2.0B,2000,2023,Closed-End,Opportunistic,Digital,North America,fundsrc_93b4ce8e2271c24bbeca,https://www.sec.gov/Archives/edgar/data/1880661/000188066126000011/tpg-20251231.htm,INSTITUTIONAL,FUND,SEC/Form D or public-company filing,"Final close, size, vintage, and/or vehicle existence verification",,2026-05-09,fundName; fundStatus; investmentStrategy; size; sizeUsdMm; strategies; vintage,High,https://www.tpg.com/platforms/impact/rise-climate,No material public-evidence gap identified in this pass.,No data edit beyond source coverage from this audit.
FUND-145,TPG,TPG Peppertree Fund X,Financial Close,$2.0B,2000,2023,Closed-End,Opportunistic,Digital,North America,fundsrc_1d6e750fe2a8016b0ad8,https://www.sec.gov/Archives/edgar/data/1985097/000198509724000001/xslFormDX01/primary_doc.xml,INSTITUTIONAL,FUND,SEC/Form D or public-company filing,"Final close, size, vintage, and/or vehicle existence verification",,2026-05-09,fundName; fundStatus; investmentStrategy; size; sizeUsdMm; strategies; vintage,High,https://www.tpg.com/platforms/impact/rise-climate,No material public-evidence gap identified in this pass.,No data edit beyond source coverage from this audit.
FUND-146,TPG,TPG Rise Climate II,Raising,$6.8B,6773,2025,Closed-End,Opportunistic,Power & ET | Utilities | Social Infra,Global,fundsrc_4933d28066cc25f41592,https://www.sec.gov/Archives/edgar/data/1880661/000188066126000033/tpg-20260331.htm,INSTITUTIONAL,FUND,SEC/Form D or public-company filing,"Fundraising status, target/filing, or launch verification",,2026-05-09,fundName; investmentStrategy; size; sizeUsdMm; strategies; vintage,High,https://www.tpg.com/platforms/impact/rise-climate,"Monitor for final close, updated Form D, LP memo, or official target/commitment disclosure.",Implemented conservatively: kept as TPG Rise Climate II with TPG platform and filing evidence; transition-infrastructure split remains a future review item.
FUND-146,TPG,TPG Rise Climate II,Raising,$6.8B,6773,2025,Closed-End,Opportunistic,Power & ET | Utilities | Social Infra,Global,fundsrc_647a5308fa5b8da74fbd,https://www.sec.gov/Archives/edgar/data/2014691/000201469126000001/xslFormDX01/primary_doc.xml,INSTITUTIONAL,FUND,SEC/Form D or public-company filing,"Fundraising status, target/filing, or launch verification",,2026-05-09,fundName; investmentStrategy; size; sizeUsdMm; strategies; vintage,High,https://www.tpg.com/platforms/impact/rise-climate,"Monitor for final close, updated Form D, LP memo, or official target/commitment disclosure.",Implemented conservatively: kept as TPG Rise Climate II with TPG platform and filing evidence; transition-infrastructure split remains a future review item.
FUND-146,TPG,TPG Rise Climate II,Raising,$6.8B,6773,2025,Closed-End,Opportunistic,Power & ET | Utilities | Social Infra,Global,fundsrc_132e821b1e1e3144513d,https://www.tpg.com/platforms/impact/rise-climate,PRIMARY,FUND,SEC/Form D or public-company filing,"Fundraising status, target/filing, or launch verification",,2026-05-09,fundName; investmentStrategy; size; sizeUsdMm; strategies; vintage,High,https://www.tpg.com/platforms/impact/rise-climate,"Monitor for final close, updated Form D, LP memo, or official target/commitment disclosure.",Implemented conservatively: kept as TPG Rise Climate II with TPG platform and filing evidence; transition-infrastructure split remains a future review item.
FUND-147,Ullico,Ullico UIF,Evergreen,$6.7B,6700,Evergreen,Evergreen,Core,Power & ET | Utilities | Digital | Midstream | Transportation | Social Infra,North America,fundsrc_eef8d9a74da3c65b441c,https://www.ullico.com/products/ullico-infrastructure-fund/,PRIMARY,FUND,Manager official release/fund page,Evergreen/listed/permanent vehicle context and ongoing strategy verification,,2026-05-09,fundName; fundStatus; investmentStrategy; size; sizeUsdMm; strategies,High,https://www.ullico.com/products/ullico-infrastructure-fund/,No material public-evidence gap identified in this pass.,Implemented: UIF size aligned to official Ullico AUM disclosure.
FUND-148,Vauban Infrastructure Partners,Vauban CIF IV,Financial Close,€2.2B,2420,2022,Closed-End,Core,Power & ET | Utilities | Digital | Transportation | Social Infra,Europe,fundsrc_35a9c168f555e02b60bb,https://vauban-ip.com/en/about-us,PRIMARY,FUND,Manager official release/fund page,"Final close, size, vintage, and/or vehicle existence verification",,2026-05-09,fundName; fundStatus; investmentStrategy; size; sizeUsdMm; strategies; vintage,High,https://vauban-ip.com/en/about-us,No material public-evidence gap identified in this pass.,No data edit beyond source coverage from this audit.
FUND-148A,Vision Ridge Partners,Sustainable Asset Fund II,Financial Close,$1.25B,1250,2020,Closed-End,Opportunistic,Power & ET | Utilities | Transportation | Social Infra,North America,,,Missing evidence record,,Unreconciled baseline,Evidence required before verification or application,,,,Unverified,https://vision-ridge.com/,No migrated evidence record; reconcile this fund individually.,Do not publish or modify from automation until reviewed evidence is added.
FUND-148B,Vision Ridge Partners,Sustainable Asset Fund III,Financial Close,$0.7B,700,2021,Closed-End,Opportunistic,Power & ET | Utilities | Transportation | Social Infra,North America,,,Missing evidence record,,Unreconciled baseline,Evidence required before verification or application,,,,Unverified,https://vision-ridge.com/,No migrated evidence record; reconcile this fund individually.,Do not publish or modify from automation until reviewed evidence is added.
FUND-149,Vision Ridge Partners,Sustainable Asset Fund IV,Financial Close,$2.4B,2400,2026,Closed-End,Opportunistic,Power & ET | Utilities | Transportation | Social Infra,North America,fundsrc_ccbb032e2dc5f8b0b95c,https://www.streetinsider.com/Business%2BWire/Vision%2BRidge%2BPartners%2BRaises%2B~%242.4%2BBillion%2Bfor%2BFlagship%2BSustainable%2BReal%2BAssets%2BStrategy/25980007.html,REPUTABLE_SECONDARY,FUND,Manager release via wire service,"Final close, size, vintage, and/or vehicle existence verification",,2026-05-09,fundName; fundStatus; investmentStrategy; size; sizeUsdMm; strategies; vintage,Medium,https://vision-ridge.com/,No material public-evidence gap identified in this pass.,Implemented: renamed to Vision Ridge Sustainable Asset Fund IV (SAF IV); vintage/strategy aligned to 2026 close evidence.
