"changeId","action","requestedManager","canonicalManager","legacyId","baselineFundName","proposedFundName","confidence","vehicleType","lifecycle","northAmericaBasis","additionSizeGateBasis","additionSizeGateRationale","field","before","after","rationale","reviewReasons","evidenceUrls"
"ADD-001","CREATE","Antin Infrastructure Partners","Antin Infrastructure Partners","—","—","Antin Mid Cap Fund II","MEDIUM","NAMED_FUND","RAISING","EXPLICIT_NA_MANDATE","NATIVE_EUR_GBP_BILLION_SCALE_INDICATION","€2.5B target; disclosed EUR amount is at least 1B (no USD conversion asserted)","managerName","—","Antin Infrastructure Partners","No repository row matches this actively raising second Mid Cap vintage, while the canonical Antin manager already exists in the repository universe.","CREATE | MEDIUM_CONFIDENCE","https://www.antin-ip.com/wp-content/uploads/2025/12/Antin-FY25-Results-Transcript-1.pdf | https://www.antin-ip.com/wp-content/uploads/2026/05/Antin-1Q26-Activity-Update-PR-VF.pdf | https://www.antin-ip.com/wp-content/uploads/2026/06/Antin-IP-SA-2025-URD.pdf | https://www.antin-ip.com/who-we-are/strategies/mid-cap | https://www.antin-ip.com/regulatory-disclosures"
"ADD-001","CREATE","Antin Infrastructure Partners","Antin Infrastructure Partners","—","—","Antin Mid Cap Fund II","MEDIUM","NAMED_FUND","RAISING","EXPLICIT_NA_MANDATE","NATIVE_EUR_GBP_BILLION_SCALE_INDICATION","€2.5B target; disclosed EUR amount is at least 1B (no USD conversion asserted)","fundName","—","Antin Mid Cap Fund II","No repository row matches this actively raising second Mid Cap vintage, while the canonical Antin manager already exists in the repository universe.","CREATE | MEDIUM_CONFIDENCE","https://www.antin-ip.com/wp-content/uploads/2025/12/Antin-FY25-Results-Transcript-1.pdf | https://www.antin-ip.com/wp-content/uploads/2026/05/Antin-1Q26-Activity-Update-PR-VF.pdf | https://www.antin-ip.com/wp-content/uploads/2026/06/Antin-IP-SA-2025-URD.pdf | https://www.antin-ip.com/who-we-are/strategies/mid-cap | https://www.antin-ip.com/regulatory-disclosures"
"ADD-001","CREATE","Antin Infrastructure Partners","Antin Infrastructure Partners","—","—","Antin Mid Cap Fund II","MEDIUM","NAMED_FUND","RAISING","EXPLICIT_NA_MANDATE","NATIVE_EUR_GBP_BILLION_SCALE_INDICATION","€2.5B target; disclosed EUR amount is at least 1B (no USD conversion asserted)","ticker","—","—","No repository row matches this actively raising second Mid Cap vintage, while the canonical Antin manager already exists in the repository universe.","CREATE | MEDIUM_CONFIDENCE","https://www.antin-ip.com/wp-content/uploads/2025/12/Antin-FY25-Results-Transcript-1.pdf | https://www.antin-ip.com/wp-content/uploads/2026/05/Antin-1Q26-Activity-Update-PR-VF.pdf | https://www.antin-ip.com/wp-content/uploads/2026/06/Antin-IP-SA-2025-URD.pdf | https://www.antin-ip.com/who-we-are/strategies/mid-cap | https://www.antin-ip.com/regulatory-disclosures"
"ADD-001","CREATE","Antin Infrastructure Partners","Antin Infrastructure Partners","—","—","Antin Mid Cap Fund II","MEDIUM","NAMED_FUND","RAISING","EXPLICIT_NA_MANDATE","NATIVE_EUR_GBP_BILLION_SCALE_INDICATION","€2.5B target; disclosed EUR amount is at least 1B (no USD conversion asserted)","investmentStrategy","—","Second dedicated mid cap infrastructure fund pursuing Antin's established-company strategy across Europe and North America through smaller and medium-sized equity investments in energy and environment, digital, transportation, and social infrastructure.","No repository row matches this actively raising second Mid Cap vintage, while the canonical Antin manager already exists in the repository universe.","CREATE | MEDIUM_CONFIDENCE","https://www.antin-ip.com/wp-content/uploads/2025/12/Antin-FY25-Results-Transcript-1.pdf | https://www.antin-ip.com/wp-content/uploads/2026/05/Antin-1Q26-Activity-Update-PR-VF.pdf | https://www.antin-ip.com/wp-content/uploads/2026/06/Antin-IP-SA-2025-URD.pdf | https://www.antin-ip.com/who-we-are/strategies/mid-cap | https://www.antin-ip.com/regulatory-disclosures"
"ADD-001","CREATE","Antin Infrastructure Partners","Antin Infrastructure Partners","—","—","Antin Mid Cap Fund II","MEDIUM","NAMED_FUND","RAISING","EXPLICIT_NA_MANDATE","NATIVE_EUR_GBP_BILLION_SCALE_INDICATION","€2.5B target; disclosed EUR amount is at least 1B (no USD conversion asserted)","size","—","€2.5B target","No repository row matches this actively raising second Mid Cap vintage, while the canonical Antin manager already exists in the repository universe.","CREATE | MEDIUM_CONFIDENCE","https://www.antin-ip.com/wp-content/uploads/2025/12/Antin-FY25-Results-Transcript-1.pdf | https://www.antin-ip.com/wp-content/uploads/2026/05/Antin-1Q26-Activity-Update-PR-VF.pdf | https://www.antin-ip.com/wp-content/uploads/2026/06/Antin-IP-SA-2025-URD.pdf | https://www.antin-ip.com/who-we-are/strategies/mid-cap | https://www.antin-ip.com/regulatory-disclosures"
"ADD-001","CREATE","Antin Infrastructure Partners","Antin Infrastructure Partners","—","—","Antin Mid Cap Fund II","MEDIUM","NAMED_FUND","RAISING","EXPLICIT_NA_MANDATE","NATIVE_EUR_GBP_BILLION_SCALE_INDICATION","€2.5B target; disclosed EUR amount is at least 1B (no USD conversion asserted)","sizeUsdMm","—","—","No repository row matches this actively raising second Mid Cap vintage, while the canonical Antin manager already exists in the repository universe.","CREATE | MEDIUM_CONFIDENCE","https://www.antin-ip.com/wp-content/uploads/2025/12/Antin-FY25-Results-Transcript-1.pdf | https://www.antin-ip.com/wp-content/uploads/2026/05/Antin-1Q26-Activity-Update-PR-VF.pdf | https://www.antin-ip.com/wp-content/uploads/2026/06/Antin-IP-SA-2025-URD.pdf | https://www.antin-ip.com/who-we-are/strategies/mid-cap | https://www.antin-ip.com/regulatory-disclosures"
"ADD-001","CREATE","Antin Infrastructure Partners","Antin Infrastructure Partners","—","—","Antin Mid Cap Fund II","MEDIUM","NAMED_FUND","RAISING","EXPLICIT_NA_MANDATE","NATIVE_EUR_GBP_BILLION_SCALE_INDICATION","€2.5B target; disclosed EUR amount is at least 1B (no USD conversion asserted)","sizeNativeCurrency","—","EUR","No repository row matches this actively raising second Mid Cap vintage, while the canonical Antin manager already exists in the repository universe.","CREATE | MEDIUM_CONFIDENCE","https://www.antin-ip.com/wp-content/uploads/2025/12/Antin-FY25-Results-Transcript-1.pdf | https://www.antin-ip.com/wp-content/uploads/2026/05/Antin-1Q26-Activity-Update-PR-VF.pdf | https://www.antin-ip.com/wp-content/uploads/2026/06/Antin-IP-SA-2025-URD.pdf | https://www.antin-ip.com/who-we-are/strategies/mid-cap | https://www.antin-ip.com/regulatory-disclosures"
"ADD-001","CREATE","Antin Infrastructure Partners","Antin Infrastructure Partners","—","—","Antin Mid Cap Fund II","MEDIUM","NAMED_FUND","RAISING","EXPLICIT_NA_MANDATE","NATIVE_EUR_GBP_BILLION_SCALE_INDICATION","€2.5B target; disclosed EUR amount is at least 1B (no USD conversion asserted)","sizeNativeAmount","—","2500000000","No repository row matches this actively raising second Mid Cap vintage, while the canonical Antin manager already exists in the repository universe.","CREATE | MEDIUM_CONFIDENCE","https://www.antin-ip.com/wp-content/uploads/2025/12/Antin-FY25-Results-Transcript-1.pdf | https://www.antin-ip.com/wp-content/uploads/2026/05/Antin-1Q26-Activity-Update-PR-VF.pdf | https://www.antin-ip.com/wp-content/uploads/2026/06/Antin-IP-SA-2025-URD.pdf | https://www.antin-ip.com/who-we-are/strategies/mid-cap | https://www.antin-ip.com/regulatory-disclosures"
"ADD-001","CREATE","Antin Infrastructure Partners","Antin Infrastructure Partners","—","—","Antin Mid Cap Fund II","MEDIUM","NAMED_FUND","RAISING","EXPLICIT_NA_MANDATE","NATIVE_EUR_GBP_BILLION_SCALE_INDICATION","€2.5B target; disclosed EUR amount is at least 1B (no USD conversion asserted)","sizeBasis","—","TARGET","No repository row matches this actively raising second Mid Cap vintage, while the canonical Antin manager already exists in the repository universe.","CREATE | MEDIUM_CONFIDENCE","https://www.antin-ip.com/wp-content/uploads/2025/12/Antin-FY25-Results-Transcript-1.pdf | https://www.antin-ip.com/wp-content/uploads/2026/05/Antin-1Q26-Activity-Update-PR-VF.pdf | https://www.antin-ip.com/wp-content/uploads/2026/06/Antin-IP-SA-2025-URD.pdf | https://www.antin-ip.com/who-we-are/strategies/mid-cap | https://www.antin-ip.com/regulatory-disclosures"
"ADD-001","CREATE","Antin Infrastructure Partners","Antin Infrastructure Partners","—","—","Antin Mid Cap Fund II","MEDIUM","NAMED_FUND","RAISING","EXPLICIT_NA_MANDATE","NATIVE_EUR_GBP_BILLION_SCALE_INDICATION","€2.5B target; disclosed EUR amount is at least 1B (no USD conversion asserted)","sizeAsOf","—","2026-03-12","No repository row matches this actively raising second Mid Cap vintage, while the canonical Antin manager already exists in the repository universe.","CREATE | MEDIUM_CONFIDENCE","https://www.antin-ip.com/wp-content/uploads/2025/12/Antin-FY25-Results-Transcript-1.pdf | https://www.antin-ip.com/wp-content/uploads/2026/05/Antin-1Q26-Activity-Update-PR-VF.pdf | https://www.antin-ip.com/wp-content/uploads/2026/06/Antin-IP-SA-2025-URD.pdf | https://www.antin-ip.com/who-we-are/strategies/mid-cap | https://www.antin-ip.com/regulatory-disclosures"
"ADD-001","CREATE","Antin Infrastructure Partners","Antin Infrastructure Partners","—","—","Antin Mid Cap Fund II","MEDIUM","NAMED_FUND","RAISING","EXPLICIT_NA_MANDATE","NATIVE_EUR_GBP_BILLION_SCALE_INDICATION","€2.5B target; disclosed EUR amount is at least 1B (no USD conversion asserted)","sizeUsdFxRate","—","—","No repository row matches this actively raising second Mid Cap vintage, while the canonical Antin manager already exists in the repository universe.","CREATE | MEDIUM_CONFIDENCE","https://www.antin-ip.com/wp-content/uploads/2025/12/Antin-FY25-Results-Transcript-1.pdf | https://www.antin-ip.com/wp-content/uploads/2026/05/Antin-1Q26-Activity-Update-PR-VF.pdf | https://www.antin-ip.com/wp-content/uploads/2026/06/Antin-IP-SA-2025-URD.pdf | https://www.antin-ip.com/who-we-are/strategies/mid-cap | https://www.antin-ip.com/regulatory-disclosures"
"ADD-001","CREATE","Antin Infrastructure Partners","Antin Infrastructure Partners","—","—","Antin Mid Cap Fund II","MEDIUM","NAMED_FUND","RAISING","EXPLICIT_NA_MANDATE","NATIVE_EUR_GBP_BILLION_SCALE_INDICATION","€2.5B target; disclosed EUR amount is at least 1B (no USD conversion asserted)","sizeUsdFxDate","—","—","No repository row matches this actively raising second Mid Cap vintage, while the canonical Antin manager already exists in the repository universe.","CREATE | MEDIUM_CONFIDENCE","https://www.antin-ip.com/wp-content/uploads/2025/12/Antin-FY25-Results-Transcript-1.pdf | https://www.antin-ip.com/wp-content/uploads/2026/05/Antin-1Q26-Activity-Update-PR-VF.pdf | https://www.antin-ip.com/wp-content/uploads/2026/06/Antin-IP-SA-2025-URD.pdf | https://www.antin-ip.com/who-we-are/strategies/mid-cap | https://www.antin-ip.com/regulatory-disclosures"
"ADD-001","CREATE","Antin Infrastructure Partners","Antin Infrastructure Partners","—","—","Antin Mid Cap Fund II","MEDIUM","NAMED_FUND","RAISING","EXPLICIT_NA_MANDATE","NATIVE_EUR_GBP_BILLION_SCALE_INDICATION","€2.5B target; disclosed EUR amount is at least 1B (no USD conversion asserted)","vintage","—","2026","No repository row matches this actively raising second Mid Cap vintage, while the canonical Antin manager already exists in the repository universe.","CREATE | MEDIUM_CONFIDENCE","https://www.antin-ip.com/wp-content/uploads/2025/12/Antin-FY25-Results-Transcript-1.pdf | https://www.antin-ip.com/wp-content/uploads/2026/05/Antin-1Q26-Activity-Update-PR-VF.pdf | https://www.antin-ip.com/wp-content/uploads/2026/06/Antin-IP-SA-2025-URD.pdf | https://www.antin-ip.com/who-we-are/strategies/mid-cap | https://www.antin-ip.com/regulatory-disclosures"
"ADD-001","CREATE","Antin Infrastructure Partners","Antin Infrastructure Partners","—","—","Antin Mid Cap Fund II","MEDIUM","NAMED_FUND","RAISING","EXPLICIT_NA_MANDATE","NATIVE_EUR_GBP_BILLION_SCALE_INDICATION","€2.5B target; disclosed EUR amount is at least 1B (no USD conversion asserted)","strategies","—","Value-Add","No repository row matches this actively raising second Mid Cap vintage, while the canonical Antin manager already exists in the repository universe.","CREATE | MEDIUM_CONFIDENCE","https://www.antin-ip.com/wp-content/uploads/2025/12/Antin-FY25-Results-Transcript-1.pdf | https://www.antin-ip.com/wp-content/uploads/2026/05/Antin-1Q26-Activity-Update-PR-VF.pdf | https://www.antin-ip.com/wp-content/uploads/2026/06/Antin-IP-SA-2025-URD.pdf | https://www.antin-ip.com/who-we-are/strategies/mid-cap | https://www.antin-ip.com/regulatory-disclosures"
"ADD-001","CREATE","Antin Infrastructure Partners","Antin Infrastructure Partners","—","—","Antin Mid Cap Fund II","MEDIUM","NAMED_FUND","RAISING","EXPLICIT_NA_MANDATE","NATIVE_EUR_GBP_BILLION_SCALE_INDICATION","€2.5B target; disclosed EUR amount is at least 1B (no USD conversion asserted)","structure","—","Closed-End","No repository row matches this actively raising second Mid Cap vintage, while the canonical Antin manager already exists in the repository universe.","CREATE | MEDIUM_CONFIDENCE","https://www.antin-ip.com/wp-content/uploads/2025/12/Antin-FY25-Results-Transcript-1.pdf | https://www.antin-ip.com/wp-content/uploads/2026/05/Antin-1Q26-Activity-Update-PR-VF.pdf | https://www.antin-ip.com/wp-content/uploads/2026/06/Antin-IP-SA-2025-URD.pdf | https://www.antin-ip.com/who-we-are/strategies/mid-cap | https://www.antin-ip.com/regulatory-disclosures"
"ADD-001","CREATE","Antin Infrastructure Partners","Antin Infrastructure Partners","—","—","Antin Mid Cap Fund II","MEDIUM","NAMED_FUND","RAISING","EXPLICIT_NA_MANDATE","NATIVE_EUR_GBP_BILLION_SCALE_INDICATION","€2.5B target; disclosed EUR amount is at least 1B (no USD conversion asserted)","fundStatus","—","Raising","No repository row matches this actively raising second Mid Cap vintage, while the canonical Antin manager already exists in the repository universe.","CREATE | MEDIUM_CONFIDENCE","https://www.antin-ip.com/wp-content/uploads/2025/12/Antin-FY25-Results-Transcript-1.pdf | https://www.antin-ip.com/wp-content/uploads/2026/05/Antin-1Q26-Activity-Update-PR-VF.pdf | https://www.antin-ip.com/wp-content/uploads/2026/06/Antin-IP-SA-2025-URD.pdf | https://www.antin-ip.com/who-we-are/strategies/mid-cap | https://www.antin-ip.com/regulatory-disclosures"
"ADD-001","CREATE","Antin Infrastructure Partners","Antin Infrastructure Partners","—","—","Antin Mid Cap Fund II","MEDIUM","NAMED_FUND","RAISING","EXPLICIT_NA_MANDATE","NATIVE_EUR_GBP_BILLION_SCALE_INDICATION","€2.5B target; disclosed EUR amount is at least 1B (no USD conversion asserted)","sectors","—","Power & ET | Digital | Transportation | Social Infra","No repository row matches this actively raising second Mid Cap vintage, while the canonical Antin manager already exists in the repository universe.","CREATE | MEDIUM_CONFIDENCE","https://www.antin-ip.com/wp-content/uploads/2025/12/Antin-FY25-Results-Transcript-1.pdf | https://www.antin-ip.com/wp-content/uploads/2026/05/Antin-1Q26-Activity-Update-PR-VF.pdf | https://www.antin-ip.com/wp-content/uploads/2026/06/Antin-IP-SA-2025-URD.pdf | https://www.antin-ip.com/who-we-are/strategies/mid-cap | https://www.antin-ip.com/regulatory-disclosures"
"ADD-001","CREATE","Antin Infrastructure Partners","Antin Infrastructure Partners","—","—","Antin Mid Cap Fund II","MEDIUM","NAMED_FUND","RAISING","EXPLICIT_NA_MANDATE","NATIVE_EUR_GBP_BILLION_SCALE_INDICATION","€2.5B target; disclosed EUR amount is at least 1B (no USD conversion asserted)","regions","—","Europe | North America","No repository row matches this actively raising second Mid Cap vintage, while the canonical Antin manager already exists in the repository universe.","CREATE | MEDIUM_CONFIDENCE","https://www.antin-ip.com/wp-content/uploads/2025/12/Antin-FY25-Results-Transcript-1.pdf | https://www.antin-ip.com/wp-content/uploads/2026/05/Antin-1Q26-Activity-Update-PR-VF.pdf | https://www.antin-ip.com/wp-content/uploads/2026/06/Antin-IP-SA-2025-URD.pdf | https://www.antin-ip.com/who-we-are/strategies/mid-cap | https://www.antin-ip.com/regulatory-disclosures"
"ADD-001","CREATE","Antin Infrastructure Partners","Antin Infrastructure Partners","—","—","Antin Mid Cap Fund II","MEDIUM","NAMED_FUND","RAISING","EXPLICIT_NA_MANDATE","NATIVE_EUR_GBP_BILLION_SCALE_INDICATION","€2.5B target; disclosed EUR amount is at least 1B (no USD conversion asserted)","sourceUrls","—","https://www.antin-ip.com/wp-content/uploads/2025/12/Antin-FY25-Results-Transcript-1.pdf | https://www.antin-ip.com/wp-content/uploads/2026/05/Antin-1Q26-Activity-Update-PR-VF.pdf | https://www.antin-ip.com/wp-content/uploads/2026/06/Antin-IP-SA-2025-URD.pdf | https://www.antin-ip.com/regulatory-disclosures | https://www.antin-ip.com/who-we-are/strategies/mid-cap","No repository row matches this actively raising second Mid Cap vintage, while the canonical Antin manager already exists in the repository universe.","CREATE | MEDIUM_CONFIDENCE","https://www.antin-ip.com/wp-content/uploads/2025/12/Antin-FY25-Results-Transcript-1.pdf | https://www.antin-ip.com/wp-content/uploads/2026/05/Antin-1Q26-Activity-Update-PR-VF.pdf | https://www.antin-ip.com/wp-content/uploads/2026/06/Antin-IP-SA-2025-URD.pdf | https://www.antin-ip.com/who-we-are/strategies/mid-cap | https://www.antin-ip.com/regulatory-disclosures"
"ADD-001","CREATE","Antin Infrastructure Partners","Antin Infrastructure Partners","—","—","Antin Mid Cap Fund II","MEDIUM","NAMED_FUND","RAISING","EXPLICIT_NA_MANDATE","NATIVE_EUR_GBP_BILLION_SCALE_INDICATION","€2.5B target; disclosed EUR amount is at least 1B (no USD conversion asserted)","strategyUrl","—","https://www.antin-ip.com/who-we-are/strategies/mid-cap","No repository row matches this actively raising second Mid Cap vintage, while the canonical Antin manager already exists in the repository universe.","CREATE | MEDIUM_CONFIDENCE","https://www.antin-ip.com/wp-content/uploads/2025/12/Antin-FY25-Results-Transcript-1.pdf | https://www.antin-ip.com/wp-content/uploads/2026/05/Antin-1Q26-Activity-Update-PR-VF.pdf | https://www.antin-ip.com/wp-content/uploads/2026/06/Antin-IP-SA-2025-URD.pdf | https://www.antin-ip.com/who-we-are/strategies/mid-cap | https://www.antin-ip.com/regulatory-disclosures"
"ADD-002","CREATE","ArcLight Capital","ArcLight Capital Partners","—","—","ArcLight Energy Partners Fund V, L.P.","HIGH","NAMED_FUND","CLOSED_ACTIVE","EXPLICIT_NA_MANDATE","DISCLOSED_USD_EQUIVALENT","$3.3B investor commitments; structured USD size is at least $1B","managerName","—","ArcLight Capital Partners","The supplied repository contains only Fund VIII; no Fund V row exists.","CREATE","https://www.prnewswire.com/news-releases/arclight-closes-fund-v-at-33-billion-in-commitments-133075573.html | https://reports.adviserinfo.sec.gov/reports/ADV/161228/PDF/161228.pdf"
"ADD-002","CREATE","ArcLight Capital","ArcLight Capital Partners","—","—","ArcLight Energy Partners Fund V, L.P.","HIGH","NAMED_FUND","CLOSED_ACTIVE","EXPLICIT_NA_MANDATE","DISCLOSED_USD_EQUIVALENT","$3.3B investor commitments; structured USD size is at least $1B","fundName","—","ArcLight Energy Partners Fund V, L.P.","The supplied repository contains only Fund VIII; no Fund V row exists.","CREATE","https://www.prnewswire.com/news-releases/arclight-closes-fund-v-at-33-billion-in-commitments-133075573.html | https://reports.adviserinfo.sec.gov/reports/ADV/161228/PDF/161228.pdf"
"ADD-002","CREATE","ArcLight Capital","ArcLight Capital Partners","—","—","ArcLight Energy Partners Fund V, L.P.","HIGH","NAMED_FUND","CLOSED_ACTIVE","EXPLICIT_NA_MANDATE","DISCLOSED_USD_EQUIVALENT","$3.3B investor commitments; structured USD size is at least $1B","ticker","—","—","The supplied repository contains only Fund VIII; no Fund V row exists.","CREATE","https://www.prnewswire.com/news-releases/arclight-closes-fund-v-at-33-billion-in-commitments-133075573.html | https://reports.adviserinfo.sec.gov/reports/ADV/161228/PDF/161228.pdf"
"ADD-002","CREATE","ArcLight Capital","ArcLight Capital Partners","—","—","ArcLight Energy Partners Fund V, L.P.","HIGH","NAMED_FUND","CLOSED_ACTIVE","EXPLICIT_NA_MANDATE","DISCLOSED_USD_EQUIVALENT","$3.3B investor commitments; structured USD size is at least $1B","investmentStrategy","—","North American value-added energy infrastructure investments across power and midstream assets.","The supplied repository contains only Fund VIII; no Fund V row exists.","CREATE","https://www.prnewswire.com/news-releases/arclight-closes-fund-v-at-33-billion-in-commitments-133075573.html | https://reports.adviserinfo.sec.gov/reports/ADV/161228/PDF/161228.pdf"
"ADD-002","CREATE","ArcLight Capital","ArcLight Capital Partners","—","—","ArcLight Energy Partners Fund V, L.P.","HIGH","NAMED_FUND","CLOSED_ACTIVE","EXPLICIT_NA_MANDATE","DISCLOSED_USD_EQUIVALENT","$3.3B investor commitments; structured USD size is at least $1B","size","—","$3.3B investor commitments","The supplied repository contains only Fund VIII; no Fund V row exists.","CREATE","https://www.prnewswire.com/news-releases/arclight-closes-fund-v-at-33-billion-in-commitments-133075573.html | https://reports.adviserinfo.sec.gov/reports/ADV/161228/PDF/161228.pdf"
"ADD-002","CREATE","ArcLight Capital","ArcLight Capital Partners","—","—","ArcLight Energy Partners Fund V, L.P.","HIGH","NAMED_FUND","CLOSED_ACTIVE","EXPLICIT_NA_MANDATE","DISCLOSED_USD_EQUIVALENT","$3.3B investor commitments; structured USD size is at least $1B","sizeUsdMm","—","3300","The supplied repository contains only Fund VIII; no Fund V row exists.","CREATE","https://www.prnewswire.com/news-releases/arclight-closes-fund-v-at-33-billion-in-commitments-133075573.html | https://reports.adviserinfo.sec.gov/reports/ADV/161228/PDF/161228.pdf"
"ADD-002","CREATE","ArcLight Capital","ArcLight Capital Partners","—","—","ArcLight Energy Partners Fund V, L.P.","HIGH","NAMED_FUND","CLOSED_ACTIVE","EXPLICIT_NA_MANDATE","DISCLOSED_USD_EQUIVALENT","$3.3B investor commitments; structured USD size is at least $1B","sizeNativeCurrency","—","USD","The supplied repository contains only Fund VIII; no Fund V row exists.","CREATE","https://www.prnewswire.com/news-releases/arclight-closes-fund-v-at-33-billion-in-commitments-133075573.html | https://reports.adviserinfo.sec.gov/reports/ADV/161228/PDF/161228.pdf"
"ADD-002","CREATE","ArcLight Capital","ArcLight Capital Partners","—","—","ArcLight Energy Partners Fund V, L.P.","HIGH","NAMED_FUND","CLOSED_ACTIVE","EXPLICIT_NA_MANDATE","DISCLOSED_USD_EQUIVALENT","$3.3B investor commitments; structured USD size is at least $1B","sizeNativeAmount","—","3300000000","The supplied repository contains only Fund VIII; no Fund V row exists.","CREATE","https://www.prnewswire.com/news-releases/arclight-closes-fund-v-at-33-billion-in-commitments-133075573.html | https://reports.adviserinfo.sec.gov/reports/ADV/161228/PDF/161228.pdf"
"ADD-002","CREATE","ArcLight Capital","ArcLight Capital Partners","—","—","ArcLight Energy Partners Fund V, L.P.","HIGH","NAMED_FUND","CLOSED_ACTIVE","EXPLICIT_NA_MANDATE","DISCLOSED_USD_EQUIVALENT","$3.3B investor commitments; structured USD size is at least $1B","sizeBasis","—","COMMITMENTS","The supplied repository contains only Fund VIII; no Fund V row exists.","CREATE","https://www.prnewswire.com/news-releases/arclight-closes-fund-v-at-33-billion-in-commitments-133075573.html | https://reports.adviserinfo.sec.gov/reports/ADV/161228/PDF/161228.pdf"
"ADD-002","CREATE","ArcLight Capital","ArcLight Capital Partners","—","—","ArcLight Energy Partners Fund V, L.P.","HIGH","NAMED_FUND","CLOSED_ACTIVE","EXPLICIT_NA_MANDATE","DISCLOSED_USD_EQUIVALENT","$3.3B investor commitments; structured USD size is at least $1B","sizeAsOf","—","2011-11-02","The supplied repository contains only Fund VIII; no Fund V row exists.","CREATE","https://www.prnewswire.com/news-releases/arclight-closes-fund-v-at-33-billion-in-commitments-133075573.html | https://reports.adviserinfo.sec.gov/reports/ADV/161228/PDF/161228.pdf"
"ADD-002","CREATE","ArcLight Capital","ArcLight Capital Partners","—","—","ArcLight Energy Partners Fund V, L.P.","HIGH","NAMED_FUND","CLOSED_ACTIVE","EXPLICIT_NA_MANDATE","DISCLOSED_USD_EQUIVALENT","$3.3B investor commitments; structured USD size is at least $1B","sizeUsdFxRate","—","—","The supplied repository contains only Fund VIII; no Fund V row exists.","CREATE","https://www.prnewswire.com/news-releases/arclight-closes-fund-v-at-33-billion-in-commitments-133075573.html | https://reports.adviserinfo.sec.gov/reports/ADV/161228/PDF/161228.pdf"
"ADD-002","CREATE","ArcLight Capital","ArcLight Capital Partners","—","—","ArcLight Energy Partners Fund V, L.P.","HIGH","NAMED_FUND","CLOSED_ACTIVE","EXPLICIT_NA_MANDATE","DISCLOSED_USD_EQUIVALENT","$3.3B investor commitments; structured USD size is at least $1B","sizeUsdFxDate","—","—","The supplied repository contains only Fund VIII; no Fund V row exists.","CREATE","https://www.prnewswire.com/news-releases/arclight-closes-fund-v-at-33-billion-in-commitments-133075573.html | https://reports.adviserinfo.sec.gov/reports/ADV/161228/PDF/161228.pdf"
"ADD-002","CREATE","ArcLight Capital","ArcLight Capital Partners","—","—","ArcLight Energy Partners Fund V, L.P.","HIGH","NAMED_FUND","CLOSED_ACTIVE","EXPLICIT_NA_MANDATE","DISCLOSED_USD_EQUIVALENT","$3.3B investor commitments; structured USD size is at least $1B","vintage","—","2011","The supplied repository contains only Fund VIII; no Fund V row exists.","CREATE","https://www.prnewswire.com/news-releases/arclight-closes-fund-v-at-33-billion-in-commitments-133075573.html | https://reports.adviserinfo.sec.gov/reports/ADV/161228/PDF/161228.pdf"
"ADD-002","CREATE","ArcLight Capital","ArcLight Capital Partners","—","—","ArcLight Energy Partners Fund V, L.P.","HIGH","NAMED_FUND","CLOSED_ACTIVE","EXPLICIT_NA_MANDATE","DISCLOSED_USD_EQUIVALENT","$3.3B investor commitments; structured USD size is at least $1B","strategies","—","Value-Add","The supplied repository contains only Fund VIII; no Fund V row exists.","CREATE","https://www.prnewswire.com/news-releases/arclight-closes-fund-v-at-33-billion-in-commitments-133075573.html | https://reports.adviserinfo.sec.gov/reports/ADV/161228/PDF/161228.pdf"
"ADD-002","CREATE","ArcLight Capital","ArcLight Capital Partners","—","—","ArcLight Energy Partners Fund V, L.P.","HIGH","NAMED_FUND","CLOSED_ACTIVE","EXPLICIT_NA_MANDATE","DISCLOSED_USD_EQUIVALENT","$3.3B investor commitments; structured USD size is at least $1B","structure","—","Closed-End","The supplied repository contains only Fund VIII; no Fund V row exists.","CREATE","https://www.prnewswire.com/news-releases/arclight-closes-fund-v-at-33-billion-in-commitments-133075573.html | https://reports.adviserinfo.sec.gov/reports/ADV/161228/PDF/161228.pdf"
"ADD-002","CREATE","ArcLight Capital","ArcLight Capital Partners","—","—","ArcLight Energy Partners Fund V, L.P.","HIGH","NAMED_FUND","CLOSED_ACTIVE","EXPLICIT_NA_MANDATE","DISCLOSED_USD_EQUIVALENT","$3.3B investor commitments; structured USD size is at least $1B","fundStatus","—","Financial Close","The supplied repository contains only Fund VIII; no Fund V row exists.","CREATE","https://www.prnewswire.com/news-releases/arclight-closes-fund-v-at-33-billion-in-commitments-133075573.html | https://reports.adviserinfo.sec.gov/reports/ADV/161228/PDF/161228.pdf"
"ADD-002","CREATE","ArcLight Capital","ArcLight Capital Partners","—","—","ArcLight Energy Partners Fund V, L.P.","HIGH","NAMED_FUND","CLOSED_ACTIVE","EXPLICIT_NA_MANDATE","DISCLOSED_USD_EQUIVALENT","$3.3B investor commitments; structured USD size is at least $1B","sectors","—","Power & ET | Midstream","The supplied repository contains only Fund VIII; no Fund V row exists.","CREATE","https://www.prnewswire.com/news-releases/arclight-closes-fund-v-at-33-billion-in-commitments-133075573.html | https://reports.adviserinfo.sec.gov/reports/ADV/161228/PDF/161228.pdf"
"ADD-002","CREATE","ArcLight Capital","ArcLight Capital Partners","—","—","ArcLight Energy Partners Fund V, L.P.","HIGH","NAMED_FUND","CLOSED_ACTIVE","EXPLICIT_NA_MANDATE","DISCLOSED_USD_EQUIVALENT","$3.3B investor commitments; structured USD size is at least $1B","regions","—","North America","The supplied repository contains only Fund VIII; no Fund V row exists.","CREATE","https://www.prnewswire.com/news-releases/arclight-closes-fund-v-at-33-billion-in-commitments-133075573.html | https://reports.adviserinfo.sec.gov/reports/ADV/161228/PDF/161228.pdf"
"ADD-002","CREATE","ArcLight Capital","ArcLight Capital Partners","—","—","ArcLight Energy Partners Fund V, L.P.","HIGH","NAMED_FUND","CLOSED_ACTIVE","EXPLICIT_NA_MANDATE","DISCLOSED_USD_EQUIVALENT","$3.3B investor commitments; structured USD size is at least $1B","sourceUrls","—","https://www.prnewswire.com/news-releases/arclight-closes-fund-v-at-33-billion-in-commitments-133075573.html | https://reports.adviserinfo.sec.gov/reports/ADV/161228/PDF/161228.pdf | https://arclight.com/wp-content/uploads/2025/10/2025-ArcLight-ESG-Report.pdf | https://arclight.com/investments/","The supplied repository contains only Fund VIII; no Fund V row exists.","CREATE","https://www.prnewswire.com/news-releases/arclight-closes-fund-v-at-33-billion-in-commitments-133075573.html | https://reports.adviserinfo.sec.gov/reports/ADV/161228/PDF/161228.pdf"
"ADD-002","CREATE","ArcLight Capital","ArcLight Capital Partners","—","—","ArcLight Energy Partners Fund V, L.P.","HIGH","NAMED_FUND","CLOSED_ACTIVE","EXPLICIT_NA_MANDATE","DISCLOSED_USD_EQUIVALENT","$3.3B investor commitments; structured USD size is at least $1B","strategyUrl","—","https://www.prnewswire.com/news-releases/arclight-closes-fund-v-at-33-billion-in-commitments-133075573.html","The supplied repository contains only Fund VIII; no Fund V row exists.","CREATE","https://www.prnewswire.com/news-releases/arclight-closes-fund-v-at-33-billion-in-commitments-133075573.html | https://reports.adviserinfo.sec.gov/reports/ADV/161228/PDF/161228.pdf"
"ADD-003","CREATE","ArcLight Capital","ArcLight Capital Partners","—","—","ArcLight Energy Partners Fund VI, L.P.","HIGH","NAMED_FUND","CLOSED_ACTIVE","EXPLICIT_NA_MANDATE","DISCLOSED_USD_EQUIVALENT","$5.575B commitments; structured USD size is at least $1B","managerName","—","ArcLight Capital Partners","The supplied repository contains no Fund VI row.","CREATE","https://www.prnewswire.com/news-releases/arclight-closes-sixth-fund-with-56-billion-in-commitments-300120201.html | https://reports.adviserinfo.sec.gov/reports/ADV/161228/PDF/161228.pdf"
"ADD-003","CREATE","ArcLight Capital","ArcLight Capital Partners","—","—","ArcLight Energy Partners Fund VI, L.P.","HIGH","NAMED_FUND","CLOSED_ACTIVE","EXPLICIT_NA_MANDATE","DISCLOSED_USD_EQUIVALENT","$5.575B commitments; structured USD size is at least $1B","fundName","—","ArcLight Energy Partners Fund VI, L.P.","The supplied repository contains no Fund VI row.","CREATE","https://www.prnewswire.com/news-releases/arclight-closes-sixth-fund-with-56-billion-in-commitments-300120201.html | https://reports.adviserinfo.sec.gov/reports/ADV/161228/PDF/161228.pdf"
"ADD-003","CREATE","ArcLight Capital","ArcLight Capital Partners","—","—","ArcLight Energy Partners Fund VI, L.P.","HIGH","NAMED_FUND","CLOSED_ACTIVE","EXPLICIT_NA_MANDATE","DISCLOSED_USD_EQUIVALENT","$5.575B commitments; structured USD size is at least $1B","ticker","—","—","The supplied repository contains no Fund VI row.","CREATE","https://www.prnewswire.com/news-releases/arclight-closes-sixth-fund-with-56-billion-in-commitments-300120201.html | https://reports.adviserinfo.sec.gov/reports/ADV/161228/PDF/161228.pdf"
"ADD-003","CREATE","ArcLight Capital","ArcLight Capital Partners","—","—","ArcLight Energy Partners Fund VI, L.P.","HIGH","NAMED_FUND","CLOSED_ACTIVE","EXPLICIT_NA_MANDATE","DISCLOSED_USD_EQUIVALENT","$5.575B commitments; structured USD size is at least $1B","investmentStrategy","—","North American value-added energy infrastructure investments across power and midstream assets.","The supplied repository contains no Fund VI row.","CREATE","https://www.prnewswire.com/news-releases/arclight-closes-sixth-fund-with-56-billion-in-commitments-300120201.html | https://reports.adviserinfo.sec.gov/reports/ADV/161228/PDF/161228.pdf"
"ADD-003","CREATE","ArcLight Capital","ArcLight Capital Partners","—","—","ArcLight Energy Partners Fund VI, L.P.","HIGH","NAMED_FUND","CLOSED_ACTIVE","EXPLICIT_NA_MANDATE","DISCLOSED_USD_EQUIVALENT","$5.575B commitments; structured USD size is at least $1B","size","—","$5.575B commitments","The supplied repository contains no Fund VI row.","CREATE","https://www.prnewswire.com/news-releases/arclight-closes-sixth-fund-with-56-billion-in-commitments-300120201.html | https://reports.adviserinfo.sec.gov/reports/ADV/161228/PDF/161228.pdf"
"ADD-003","CREATE","ArcLight Capital","ArcLight Capital Partners","—","—","ArcLight Energy Partners Fund VI, L.P.","HIGH","NAMED_FUND","CLOSED_ACTIVE","EXPLICIT_NA_MANDATE","DISCLOSED_USD_EQUIVALENT","$5.575B commitments; structured USD size is at least $1B","sizeUsdMm","—","5575","The supplied repository contains no Fund VI row.","CREATE","https://www.prnewswire.com/news-releases/arclight-closes-sixth-fund-with-56-billion-in-commitments-300120201.html | https://reports.adviserinfo.sec.gov/reports/ADV/161228/PDF/161228.pdf"
"ADD-003","CREATE","ArcLight Capital","ArcLight Capital Partners","—","—","ArcLight Energy Partners Fund VI, L.P.","HIGH","NAMED_FUND","CLOSED_ACTIVE","EXPLICIT_NA_MANDATE","DISCLOSED_USD_EQUIVALENT","$5.575B commitments; structured USD size is at least $1B","sizeNativeCurrency","—","USD","The supplied repository contains no Fund VI row.","CREATE","https://www.prnewswire.com/news-releases/arclight-closes-sixth-fund-with-56-billion-in-commitments-300120201.html | https://reports.adviserinfo.sec.gov/reports/ADV/161228/PDF/161228.pdf"
"ADD-003","CREATE","ArcLight Capital","ArcLight Capital Partners","—","—","ArcLight Energy Partners Fund VI, L.P.","HIGH","NAMED_FUND","CLOSED_ACTIVE","EXPLICIT_NA_MANDATE","DISCLOSED_USD_EQUIVALENT","$5.575B commitments; structured USD size is at least $1B","sizeNativeAmount","—","5575000000","The supplied repository contains no Fund VI row.","CREATE","https://www.prnewswire.com/news-releases/arclight-closes-sixth-fund-with-56-billion-in-commitments-300120201.html | https://reports.adviserinfo.sec.gov/reports/ADV/161228/PDF/161228.pdf"
"ADD-003","CREATE","ArcLight Capital","ArcLight Capital Partners","—","—","ArcLight Energy Partners Fund VI, L.P.","HIGH","NAMED_FUND","CLOSED_ACTIVE","EXPLICIT_NA_MANDATE","DISCLOSED_USD_EQUIVALENT","$5.575B commitments; structured USD size is at least $1B","sizeBasis","—","COMMITMENTS","The supplied repository contains no Fund VI row.","CREATE","https://www.prnewswire.com/news-releases/arclight-closes-sixth-fund-with-56-billion-in-commitments-300120201.html | https://reports.adviserinfo.sec.gov/reports/ADV/161228/PDF/161228.pdf"
"ADD-003","CREATE","ArcLight Capital","ArcLight Capital Partners","—","—","ArcLight Energy Partners Fund VI, L.P.","HIGH","NAMED_FUND","CLOSED_ACTIVE","EXPLICIT_NA_MANDATE","DISCLOSED_USD_EQUIVALENT","$5.575B commitments; structured USD size is at least $1B","sizeAsOf","—","2015-07-29","The supplied repository contains no Fund VI row.","CREATE","https://www.prnewswire.com/news-releases/arclight-closes-sixth-fund-with-56-billion-in-commitments-300120201.html | https://reports.adviserinfo.sec.gov/reports/ADV/161228/PDF/161228.pdf"
"ADD-003","CREATE","ArcLight Capital","ArcLight Capital Partners","—","—","ArcLight Energy Partners Fund VI, L.P.","HIGH","NAMED_FUND","CLOSED_ACTIVE","EXPLICIT_NA_MANDATE","DISCLOSED_USD_EQUIVALENT","$5.575B commitments; structured USD size is at least $1B","sizeUsdFxRate","—","—","The supplied repository contains no Fund VI row.","CREATE","https://www.prnewswire.com/news-releases/arclight-closes-sixth-fund-with-56-billion-in-commitments-300120201.html | https://reports.adviserinfo.sec.gov/reports/ADV/161228/PDF/161228.pdf"
"ADD-003","CREATE","ArcLight Capital","ArcLight Capital Partners","—","—","ArcLight Energy Partners Fund VI, L.P.","HIGH","NAMED_FUND","CLOSED_ACTIVE","EXPLICIT_NA_MANDATE","DISCLOSED_USD_EQUIVALENT","$5.575B commitments; structured USD size is at least $1B","sizeUsdFxDate","—","—","The supplied repository contains no Fund VI row.","CREATE","https://www.prnewswire.com/news-releases/arclight-closes-sixth-fund-with-56-billion-in-commitments-300120201.html | https://reports.adviserinfo.sec.gov/reports/ADV/161228/PDF/161228.pdf"
"ADD-003","CREATE","ArcLight Capital","ArcLight Capital Partners","—","—","ArcLight Energy Partners Fund VI, L.P.","HIGH","NAMED_FUND","CLOSED_ACTIVE","EXPLICIT_NA_MANDATE","DISCLOSED_USD_EQUIVALENT","$5.575B commitments; structured USD size is at least $1B","vintage","—","2015","The supplied repository contains no Fund VI row.","CREATE","https://www.prnewswire.com/news-releases/arclight-closes-sixth-fund-with-56-billion-in-commitments-300120201.html | https://reports.adviserinfo.sec.gov/reports/ADV/161228/PDF/161228.pdf"
"ADD-003","CREATE","ArcLight Capital","ArcLight Capital Partners","—","—","ArcLight Energy Partners Fund VI, L.P.","HIGH","NAMED_FUND","CLOSED_ACTIVE","EXPLICIT_NA_MANDATE","DISCLOSED_USD_EQUIVALENT","$5.575B commitments; structured USD size is at least $1B","strategies","—","Value-Add","The supplied repository contains no Fund VI row.","CREATE","https://www.prnewswire.com/news-releases/arclight-closes-sixth-fund-with-56-billion-in-commitments-300120201.html | https://reports.adviserinfo.sec.gov/reports/ADV/161228/PDF/161228.pdf"
"ADD-003","CREATE","ArcLight Capital","ArcLight Capital Partners","—","—","ArcLight Energy Partners Fund VI, L.P.","HIGH","NAMED_FUND","CLOSED_ACTIVE","EXPLICIT_NA_MANDATE","DISCLOSED_USD_EQUIVALENT","$5.575B commitments; structured USD size is at least $1B","structure","—","Closed-End","The supplied repository contains no Fund VI row.","CREATE","https://www.prnewswire.com/news-releases/arclight-closes-sixth-fund-with-56-billion-in-commitments-300120201.html | https://reports.adviserinfo.sec.gov/reports/ADV/161228/PDF/161228.pdf"
"ADD-003","CREATE","ArcLight Capital","ArcLight Capital Partners","—","—","ArcLight Energy Partners Fund VI, L.P.","HIGH","NAMED_FUND","CLOSED_ACTIVE","EXPLICIT_NA_MANDATE","DISCLOSED_USD_EQUIVALENT","$5.575B commitments; structured USD size is at least $1B","fundStatus","—","Financial Close","The supplied repository contains no Fund VI row.","CREATE","https://www.prnewswire.com/news-releases/arclight-closes-sixth-fund-with-56-billion-in-commitments-300120201.html | https://reports.adviserinfo.sec.gov/reports/ADV/161228/PDF/161228.pdf"
"ADD-003","CREATE","ArcLight Capital","ArcLight Capital Partners","—","—","ArcLight Energy Partners Fund VI, L.P.","HIGH","NAMED_FUND","CLOSED_ACTIVE","EXPLICIT_NA_MANDATE","DISCLOSED_USD_EQUIVALENT","$5.575B commitments; structured USD size is at least $1B","sectors","—","Power & ET | Midstream","The supplied repository contains no Fund VI row.","CREATE","https://www.prnewswire.com/news-releases/arclight-closes-sixth-fund-with-56-billion-in-commitments-300120201.html | https://reports.adviserinfo.sec.gov/reports/ADV/161228/PDF/161228.pdf"
"ADD-003","CREATE","ArcLight Capital","ArcLight Capital Partners","—","—","ArcLight Energy Partners Fund VI, L.P.","HIGH","NAMED_FUND","CLOSED_ACTIVE","EXPLICIT_NA_MANDATE","DISCLOSED_USD_EQUIVALENT","$5.575B commitments; structured USD size is at least $1B","regions","—","North America","The supplied repository contains no Fund VI row.","CREATE","https://www.prnewswire.com/news-releases/arclight-closes-sixth-fund-with-56-billion-in-commitments-300120201.html | https://reports.adviserinfo.sec.gov/reports/ADV/161228/PDF/161228.pdf"
"ADD-003","CREATE","ArcLight Capital","ArcLight Capital Partners","—","—","ArcLight Energy Partners Fund VI, L.P.","HIGH","NAMED_FUND","CLOSED_ACTIVE","EXPLICIT_NA_MANDATE","DISCLOSED_USD_EQUIVALENT","$5.575B commitments; structured USD size is at least $1B","sourceUrls","—","https://www.prnewswire.com/news-releases/arclight-closes-sixth-fund-with-56-billion-in-commitments-300120201.html | https://reports.adviserinfo.sec.gov/reports/ADV/161228/PDF/161228.pdf | https://arclight.com/wp-content/uploads/2025/10/2025-ArcLight-ESG-Report.pdf | https://arclight.com/investments/","The supplied repository contains no Fund VI row.","CREATE","https://www.prnewswire.com/news-releases/arclight-closes-sixth-fund-with-56-billion-in-commitments-300120201.html | https://reports.adviserinfo.sec.gov/reports/ADV/161228/PDF/161228.pdf"
"ADD-003","CREATE","ArcLight Capital","ArcLight Capital Partners","—","—","ArcLight Energy Partners Fund VI, L.P.","HIGH","NAMED_FUND","CLOSED_ACTIVE","EXPLICIT_NA_MANDATE","DISCLOSED_USD_EQUIVALENT","$5.575B commitments; structured USD size is at least $1B","strategyUrl","—","https://www.prnewswire.com/news-releases/arclight-closes-sixth-fund-with-56-billion-in-commitments-300120201.html","The supplied repository contains no Fund VI row.","CREATE","https://www.prnewswire.com/news-releases/arclight-closes-sixth-fund-with-56-billion-in-commitments-300120201.html | https://reports.adviserinfo.sec.gov/reports/ADV/161228/PDF/161228.pdf"
"ADD-004","CREATE","ArcLight Capital","ArcLight Capital Partners","—","—","ArcLight Energy Partners Fund VII, L.P.","HIGH","NAMED_FUND","CLOSED_ACTIVE","VERIFIED_CURRENT_NA_HOLDING: Infinigen Renewables","DISCLOSED_USD_EQUIVALENT","Approximately $3.4B commitments; structured USD size is at least $1B","managerName","—","ArcLight Capital Partners","The supplied repository contains no Fund VII row.","CREATE","https://www.prnewswire.com/news-releases/arclight-closes-seventh-fund-with-3-4-billion-in-commitments-300997414.html | https://arclight.com/portfolio-services/ | https://reports.adviserinfo.sec.gov/reports/ADV/161228/PDF/161228.pdf"
"ADD-004","CREATE","ArcLight Capital","ArcLight Capital Partners","—","—","ArcLight Energy Partners Fund VII, L.P.","HIGH","NAMED_FUND","CLOSED_ACTIVE","VERIFIED_CURRENT_NA_HOLDING: Infinigen Renewables","DISCLOSED_USD_EQUIVALENT","Approximately $3.4B commitments; structured USD size is at least $1B","fundName","—","ArcLight Energy Partners Fund VII, L.P.","The supplied repository contains no Fund VII row.","CREATE","https://www.prnewswire.com/news-releases/arclight-closes-seventh-fund-with-3-4-billion-in-commitments-300997414.html | https://arclight.com/portfolio-services/ | https://reports.adviserinfo.sec.gov/reports/ADV/161228/PDF/161228.pdf"
"ADD-004","CREATE","ArcLight Capital","ArcLight Capital Partners","—","—","ArcLight Energy Partners Fund VII, L.P.","HIGH","NAMED_FUND","CLOSED_ACTIVE","VERIFIED_CURRENT_NA_HOLDING: Infinigen Renewables","DISCLOSED_USD_EQUIVALENT","Approximately $3.4B commitments; structured USD size is at least $1B","ticker","—","—","The supplied repository contains no Fund VII row.","CREATE","https://www.prnewswire.com/news-releases/arclight-closes-seventh-fund-with-3-4-billion-in-commitments-300997414.html | https://arclight.com/portfolio-services/ | https://reports.adviserinfo.sec.gov/reports/ADV/161228/PDF/161228.pdf"
"ADD-004","CREATE","ArcLight Capital","ArcLight Capital Partners","—","—","ArcLight Energy Partners Fund VII, L.P.","HIGH","NAMED_FUND","CLOSED_ACTIVE","VERIFIED_CURRENT_NA_HOLDING: Infinigen Renewables","DISCLOSED_USD_EQUIVALENT","Approximately $3.4B commitments; structured USD size is at least $1B","investmentStrategy","—","Value-added direct investments in power, renewable and midstream infrastructure.","The supplied repository contains no Fund VII row.","CREATE","https://www.prnewswire.com/news-releases/arclight-closes-seventh-fund-with-3-4-billion-in-commitments-300997414.html | https://arclight.com/portfolio-services/ | https://reports.adviserinfo.sec.gov/reports/ADV/161228/PDF/161228.pdf"
"ADD-004","CREATE","ArcLight Capital","ArcLight Capital Partners","—","—","ArcLight Energy Partners Fund VII, L.P.","HIGH","NAMED_FUND","CLOSED_ACTIVE","VERIFIED_CURRENT_NA_HOLDING: Infinigen Renewables","DISCLOSED_USD_EQUIVALENT","Approximately $3.4B commitments; structured USD size is at least $1B","size","—","Approximately $3.4B commitments","The supplied repository contains no Fund VII row.","CREATE","https://www.prnewswire.com/news-releases/arclight-closes-seventh-fund-with-3-4-billion-in-commitments-300997414.html | https://arclight.com/portfolio-services/ | https://reports.adviserinfo.sec.gov/reports/ADV/161228/PDF/161228.pdf"
"ADD-004","CREATE","ArcLight Capital","ArcLight Capital Partners","—","—","ArcLight Energy Partners Fund VII, L.P.","HIGH","NAMED_FUND","CLOSED_ACTIVE","VERIFIED_CURRENT_NA_HOLDING: Infinigen Renewables","DISCLOSED_USD_EQUIVALENT","Approximately $3.4B commitments; structured USD size is at least $1B","sizeUsdMm","—","3400","The supplied repository contains no Fund VII row.","CREATE","https://www.prnewswire.com/news-releases/arclight-closes-seventh-fund-with-3-4-billion-in-commitments-300997414.html | https://arclight.com/portfolio-services/ | https://reports.adviserinfo.sec.gov/reports/ADV/161228/PDF/161228.pdf"
"ADD-004","CREATE","ArcLight Capital","ArcLight Capital Partners","—","—","ArcLight Energy Partners Fund VII, L.P.","HIGH","NAMED_FUND","CLOSED_ACTIVE","VERIFIED_CURRENT_NA_HOLDING: Infinigen Renewables","DISCLOSED_USD_EQUIVALENT","Approximately $3.4B commitments; structured USD size is at least $1B","sizeNativeCurrency","—","USD","The supplied repository contains no Fund VII row.","CREATE","https://www.prnewswire.com/news-releases/arclight-closes-seventh-fund-with-3-4-billion-in-commitments-300997414.html | https://arclight.com/portfolio-services/ | https://reports.adviserinfo.sec.gov/reports/ADV/161228/PDF/161228.pdf"
"ADD-004","CREATE","ArcLight Capital","ArcLight Capital Partners","—","—","ArcLight Energy Partners Fund VII, L.P.","HIGH","NAMED_FUND","CLOSED_ACTIVE","VERIFIED_CURRENT_NA_HOLDING: Infinigen Renewables","DISCLOSED_USD_EQUIVALENT","Approximately $3.4B commitments; structured USD size is at least $1B","sizeNativeAmount","—","3400000000","The supplied repository contains no Fund VII row.","CREATE","https://www.prnewswire.com/news-releases/arclight-closes-seventh-fund-with-3-4-billion-in-commitments-300997414.html | https://arclight.com/portfolio-services/ | https://reports.adviserinfo.sec.gov/reports/ADV/161228/PDF/161228.pdf"
"ADD-004","CREATE","ArcLight Capital","ArcLight Capital Partners","—","—","ArcLight Energy Partners Fund VII, L.P.","HIGH","NAMED_FUND","CLOSED_ACTIVE","VERIFIED_CURRENT_NA_HOLDING: Infinigen Renewables","DISCLOSED_USD_EQUIVALENT","Approximately $3.4B commitments; structured USD size is at least $1B","sizeBasis","—","COMMITMENTS","The supplied repository contains no Fund VII row.","CREATE","https://www.prnewswire.com/news-releases/arclight-closes-seventh-fund-with-3-4-billion-in-commitments-300997414.html | https://arclight.com/portfolio-services/ | https://reports.adviserinfo.sec.gov/reports/ADV/161228/PDF/161228.pdf"
"ADD-004","CREATE","ArcLight Capital","ArcLight Capital Partners","—","—","ArcLight Energy Partners Fund VII, L.P.","HIGH","NAMED_FUND","CLOSED_ACTIVE","VERIFIED_CURRENT_NA_HOLDING: Infinigen Renewables","DISCLOSED_USD_EQUIVALENT","Approximately $3.4B commitments; structured USD size is at least $1B","sizeAsOf","—","2020-02-03","The supplied repository contains no Fund VII row.","CREATE","https://www.prnewswire.com/news-releases/arclight-closes-seventh-fund-with-3-4-billion-in-commitments-300997414.html | https://arclight.com/portfolio-services/ | https://reports.adviserinfo.sec.gov/reports/ADV/161228/PDF/161228.pdf"
"ADD-004","CREATE","ArcLight Capital","ArcLight Capital Partners","—","—","ArcLight Energy Partners Fund VII, L.P.","HIGH","NAMED_FUND","CLOSED_ACTIVE","VERIFIED_CURRENT_NA_HOLDING: Infinigen Renewables","DISCLOSED_USD_EQUIVALENT","Approximately $3.4B commitments; structured USD size is at least $1B","sizeUsdFxRate","—","—","The supplied repository contains no Fund VII row.","CREATE","https://www.prnewswire.com/news-releases/arclight-closes-seventh-fund-with-3-4-billion-in-commitments-300997414.html | https://arclight.com/portfolio-services/ | https://reports.adviserinfo.sec.gov/reports/ADV/161228/PDF/161228.pdf"
"ADD-004","CREATE","ArcLight Capital","ArcLight Capital Partners","—","—","ArcLight Energy Partners Fund VII, L.P.","HIGH","NAMED_FUND","CLOSED_ACTIVE","VERIFIED_CURRENT_NA_HOLDING: Infinigen Renewables","DISCLOSED_USD_EQUIVALENT","Approximately $3.4B commitments; structured USD size is at least $1B","sizeUsdFxDate","—","—","The supplied repository contains no Fund VII row.","CREATE","https://www.prnewswire.com/news-releases/arclight-closes-seventh-fund-with-3-4-billion-in-commitments-300997414.html | https://arclight.com/portfolio-services/ | https://reports.adviserinfo.sec.gov/reports/ADV/161228/PDF/161228.pdf"
"ADD-004","CREATE","ArcLight Capital","ArcLight Capital Partners","—","—","ArcLight Energy Partners Fund VII, L.P.","HIGH","NAMED_FUND","CLOSED_ACTIVE","VERIFIED_CURRENT_NA_HOLDING: Infinigen Renewables","DISCLOSED_USD_EQUIVALENT","Approximately $3.4B commitments; structured USD size is at least $1B","vintage","—","2020","The supplied repository contains no Fund VII row.","CREATE","https://www.prnewswire.com/news-releases/arclight-closes-seventh-fund-with-3-4-billion-in-commitments-300997414.html | https://arclight.com/portfolio-services/ | https://reports.adviserinfo.sec.gov/reports/ADV/161228/PDF/161228.pdf"
"ADD-004","CREATE","ArcLight Capital","ArcLight Capital Partners","—","—","ArcLight Energy Partners Fund VII, L.P.","HIGH","NAMED_FUND","CLOSED_ACTIVE","VERIFIED_CURRENT_NA_HOLDING: Infinigen Renewables","DISCLOSED_USD_EQUIVALENT","Approximately $3.4B commitments; structured USD size is at least $1B","strategies","—","Value-Add","The supplied repository contains no Fund VII row.","CREATE","https://www.prnewswire.com/news-releases/arclight-closes-seventh-fund-with-3-4-billion-in-commitments-300997414.html | https://arclight.com/portfolio-services/ | https://reports.adviserinfo.sec.gov/reports/ADV/161228/PDF/161228.pdf"
"ADD-004","CREATE","ArcLight Capital","ArcLight Capital Partners","—","—","ArcLight Energy Partners Fund VII, L.P.","HIGH","NAMED_FUND","CLOSED_ACTIVE","VERIFIED_CURRENT_NA_HOLDING: Infinigen Renewables","DISCLOSED_USD_EQUIVALENT","Approximately $3.4B commitments; structured USD size is at least $1B","structure","—","Closed-End","The supplied repository contains no Fund VII row.","CREATE","https://www.prnewswire.com/news-releases/arclight-closes-seventh-fund-with-3-4-billion-in-commitments-300997414.html | https://arclight.com/portfolio-services/ | https://reports.adviserinfo.sec.gov/reports/ADV/161228/PDF/161228.pdf"
"ADD-004","CREATE","ArcLight Capital","ArcLight Capital Partners","—","—","ArcLight Energy Partners Fund VII, L.P.","HIGH","NAMED_FUND","CLOSED_ACTIVE","VERIFIED_CURRENT_NA_HOLDING: Infinigen Renewables","DISCLOSED_USD_EQUIVALENT","Approximately $3.4B commitments; structured USD size is at least $1B","fundStatus","—","Financial Close","The supplied repository contains no Fund VII row.","CREATE","https://www.prnewswire.com/news-releases/arclight-closes-seventh-fund-with-3-4-billion-in-commitments-300997414.html | https://arclight.com/portfolio-services/ | https://reports.adviserinfo.sec.gov/reports/ADV/161228/PDF/161228.pdf"
"ADD-004","CREATE","ArcLight Capital","ArcLight Capital Partners","—","—","ArcLight Energy Partners Fund VII, L.P.","HIGH","NAMED_FUND","CLOSED_ACTIVE","VERIFIED_CURRENT_NA_HOLDING: Infinigen Renewables","DISCLOSED_USD_EQUIVALENT","Approximately $3.4B commitments; structured USD size is at least $1B","sectors","—","Power & ET | Utilities | Midstream","The supplied repository contains no Fund VII row.","CREATE","https://www.prnewswire.com/news-releases/arclight-closes-seventh-fund-with-3-4-billion-in-commitments-300997414.html | https://arclight.com/portfolio-services/ | https://reports.adviserinfo.sec.gov/reports/ADV/161228/PDF/161228.pdf"
"ADD-004","CREATE","ArcLight Capital","ArcLight Capital Partners","—","—","ArcLight Energy Partners Fund VII, L.P.","HIGH","NAMED_FUND","CLOSED_ACTIVE","VERIFIED_CURRENT_NA_HOLDING: Infinigen Renewables","DISCLOSED_USD_EQUIVALENT","Approximately $3.4B commitments; structured USD size is at least $1B","regions","—","North America","The supplied repository contains no Fund VII row.","CREATE","https://www.prnewswire.com/news-releases/arclight-closes-seventh-fund-with-3-4-billion-in-commitments-300997414.html | https://arclight.com/portfolio-services/ | https://reports.adviserinfo.sec.gov/reports/ADV/161228/PDF/161228.pdf"
"ADD-004","CREATE","ArcLight Capital","ArcLight Capital Partners","—","—","ArcLight Energy Partners Fund VII, L.P.","HIGH","NAMED_FUND","CLOSED_ACTIVE","VERIFIED_CURRENT_NA_HOLDING: Infinigen Renewables","DISCLOSED_USD_EQUIVALENT","Approximately $3.4B commitments; structured USD size is at least $1B","sourceUrls","—","https://www.prnewswire.com/news-releases/arclight-closes-seventh-fund-with-3-4-billion-in-commitments-300997414.html | https://arclight.com/portfolio-services/ | https://arclight.com/investments/ | https://reports.adviserinfo.sec.gov/reports/ADV/161228/PDF/161228.pdf","The supplied repository contains no Fund VII row.","CREATE","https://www.prnewswire.com/news-releases/arclight-closes-seventh-fund-with-3-4-billion-in-commitments-300997414.html | https://arclight.com/portfolio-services/ | https://reports.adviserinfo.sec.gov/reports/ADV/161228/PDF/161228.pdf"
"ADD-004","CREATE","ArcLight Capital","ArcLight Capital Partners","—","—","ArcLight Energy Partners Fund VII, L.P.","HIGH","NAMED_FUND","CLOSED_ACTIVE","VERIFIED_CURRENT_NA_HOLDING: Infinigen Renewables","DISCLOSED_USD_EQUIVALENT","Approximately $3.4B commitments; structured USD size is at least $1B","strategyUrl","—","https://www.prnewswire.com/news-releases/arclight-closes-seventh-fund-with-3-4-billion-in-commitments-300997414.html","The supplied repository contains no Fund VII row.","CREATE","https://www.prnewswire.com/news-releases/arclight-closes-seventh-fund-with-3-4-billion-in-commitments-300997414.html | https://arclight.com/portfolio-services/ | https://reports.adviserinfo.sec.gov/reports/ADV/161228/PDF/161228.pdf"
"ADD-005","CREATE","Ares Management","Ares Management","—","—","Ares Climate Infrastructure Partners, L.P.","MEDIUM","NAMED_FUND","CLOSED_ACTIVE","VERIFIED_CURRENT_NA_HOLDING: Apex Clean Energy","DISCLOSED_USD_EQUIVALENT","$1.4B final close; structured USD size is at least $1B","managerName","—","Ares Management","No repository row matches ACIP I. Primary evidence establishes a separately named $1.4 billion commercial fund, and Ares portfolio materials support current North American deployment through Apex at the ACIP complex level. The vehicle is proposed under the existing Ares Management manager, with medium confidence because public materials do not separate the Apex allocation among the main fund, parallel funds and related co-investment accounts.","CREATE | MEDIUM_CONFIDENCE","https://www.businesswire.com/news/home/20211215006088/en/Ares-Management-Corporation-Raises-%242.2-Billion-of-Climate-Infrastructure-Capital | https://www.sec.gov/Archives/edgar/data/1810559/000156761921012462/xslFormDX01/primary_doc.xml | https://www.areswms.com.au/wp-content/uploads/Ares_Sustainability_Report-vF-2021F.pdf | https://www.ares.com/us/who-we-are/our-people/keith-derman-100906"
"ADD-005","CREATE","Ares Management","Ares Management","—","—","Ares Climate Infrastructure Partners, L.P.","MEDIUM","NAMED_FUND","CLOSED_ACTIVE","VERIFIED_CURRENT_NA_HOLDING: Apex Clean Energy","DISCLOSED_USD_EQUIVALENT","$1.4B final close; structured USD size is at least $1B","fundName","—","Ares Climate Infrastructure Partners, L.P.","No repository row matches ACIP I. Primary evidence establishes a separately named $1.4 billion commercial fund, and Ares portfolio materials support current North American deployment through Apex at the ACIP complex level. The vehicle is proposed under the existing Ares Management manager, with medium confidence because public materials do not separate the Apex allocation among the main fund, parallel funds and related co-investment accounts.","CREATE | MEDIUM_CONFIDENCE","https://www.businesswire.com/news/home/20211215006088/en/Ares-Management-Corporation-Raises-%242.2-Billion-of-Climate-Infrastructure-Capital | https://www.sec.gov/Archives/edgar/data/1810559/000156761921012462/xslFormDX01/primary_doc.xml | https://www.areswms.com.au/wp-content/uploads/Ares_Sustainability_Report-vF-2021F.pdf | https://www.ares.com/us/who-we-are/our-people/keith-derman-100906"
"ADD-005","CREATE","Ares Management","Ares Management","—","—","Ares Climate Infrastructure Partners, L.P.","MEDIUM","NAMED_FUND","CLOSED_ACTIVE","VERIFIED_CURRENT_NA_HOLDING: Apex Clean Energy","DISCLOSED_USD_EQUIVALENT","$1.4B final close; structured USD size is at least $1B","ticker","—","—","No repository row matches ACIP I. Primary evidence establishes a separately named $1.4 billion commercial fund, and Ares portfolio materials support current North American deployment through Apex at the ACIP complex level. The vehicle is proposed under the existing Ares Management manager, with medium confidence because public materials do not separate the Apex allocation among the main fund, parallel funds and related co-investment accounts.","CREATE | MEDIUM_CONFIDENCE","https://www.businesswire.com/news/home/20211215006088/en/Ares-Management-Corporation-Raises-%242.2-Billion-of-Climate-Infrastructure-Capital | https://www.sec.gov/Archives/edgar/data/1810559/000156761921012462/xslFormDX01/primary_doc.xml | https://www.areswms.com.au/wp-content/uploads/Ares_Sustainability_Report-vF-2021F.pdf | https://www.ares.com/us/who-we-are/our-people/keith-derman-100906"
"ADD-005","CREATE","Ares Management","Ares Management","—","—","Ares Climate Infrastructure Partners, L.P.","MEDIUM","NAMED_FUND","CLOSED_ACTIVE","VERIFIED_CURRENT_NA_HOLDING: Apex Clean Energy","DISCLOSED_USD_EQUIVALENT","$1.4B final close; structured USD size is at least $1B","investmentStrategy","—","Value-add climate infrastructure strategy directly originating flexible-capital investments in renewable energy, energy efficiency, storage, electric-vehicle infrastructure, transmission and other energy-transition assets and companies.","No repository row matches ACIP I. Primary evidence establishes a separately named $1.4 billion commercial fund, and Ares portfolio materials support current North American deployment through Apex at the ACIP complex level. The vehicle is proposed under the existing Ares Management manager, with medium confidence because public materials do not separate the Apex allocation among the main fund, parallel funds and related co-investment accounts.","CREATE | MEDIUM_CONFIDENCE","https://www.businesswire.com/news/home/20211215006088/en/Ares-Management-Corporation-Raises-%242.2-Billion-of-Climate-Infrastructure-Capital | https://www.sec.gov/Archives/edgar/data/1810559/000156761921012462/xslFormDX01/primary_doc.xml | https://www.areswms.com.au/wp-content/uploads/Ares_Sustainability_Report-vF-2021F.pdf | https://www.ares.com/us/who-we-are/our-people/keith-derman-100906"
"ADD-005","CREATE","Ares Management","Ares Management","—","—","Ares Climate Infrastructure Partners, L.P.","MEDIUM","NAMED_FUND","CLOSED_ACTIVE","VERIFIED_CURRENT_NA_HOLDING: Apex Clean Energy","DISCLOSED_USD_EQUIVALENT","$1.4B final close; structured USD size is at least $1B","size","—","$1.4B final close","No repository row matches ACIP I. Primary evidence establishes a separately named $1.4 billion commercial fund, and Ares portfolio materials support current North American deployment through Apex at the ACIP complex level. The vehicle is proposed under the existing Ares Management manager, with medium confidence because public materials do not separate the Apex allocation among the main fund, parallel funds and related co-investment accounts.","CREATE | MEDIUM_CONFIDENCE","https://www.businesswire.com/news/home/20211215006088/en/Ares-Management-Corporation-Raises-%242.2-Billion-of-Climate-Infrastructure-Capital | https://www.sec.gov/Archives/edgar/data/1810559/000156761921012462/xslFormDX01/primary_doc.xml | https://www.areswms.com.au/wp-content/uploads/Ares_Sustainability_Report-vF-2021F.pdf | https://www.ares.com/us/who-we-are/our-people/keith-derman-100906"
"ADD-005","CREATE","Ares Management","Ares Management","—","—","Ares Climate Infrastructure Partners, L.P.","MEDIUM","NAMED_FUND","CLOSED_ACTIVE","VERIFIED_CURRENT_NA_HOLDING: Apex Clean Energy","DISCLOSED_USD_EQUIVALENT","$1.4B final close; structured USD size is at least $1B","sizeUsdMm","—","1400","No repository row matches ACIP I. Primary evidence establishes a separately named $1.4 billion commercial fund, and Ares portfolio materials support current North American deployment through Apex at the ACIP complex level. The vehicle is proposed under the existing Ares Management manager, with medium confidence because public materials do not separate the Apex allocation among the main fund, parallel funds and related co-investment accounts.","CREATE | MEDIUM_CONFIDENCE","https://www.businesswire.com/news/home/20211215006088/en/Ares-Management-Corporation-Raises-%242.2-Billion-of-Climate-Infrastructure-Capital | https://www.sec.gov/Archives/edgar/data/1810559/000156761921012462/xslFormDX01/primary_doc.xml | https://www.areswms.com.au/wp-content/uploads/Ares_Sustainability_Report-vF-2021F.pdf | https://www.ares.com/us/who-we-are/our-people/keith-derman-100906"
"ADD-005","CREATE","Ares Management","Ares Management","—","—","Ares Climate Infrastructure Partners, L.P.","MEDIUM","NAMED_FUND","CLOSED_ACTIVE","VERIFIED_CURRENT_NA_HOLDING: Apex Clean Energy","DISCLOSED_USD_EQUIVALENT","$1.4B final close; structured USD size is at least $1B","sizeNativeCurrency","—","USD","No repository row matches ACIP I. Primary evidence establishes a separately named $1.4 billion commercial fund, and Ares portfolio materials support current North American deployment through Apex at the ACIP complex level. The vehicle is proposed under the existing Ares Management manager, with medium confidence because public materials do not separate the Apex allocation among the main fund, parallel funds and related co-investment accounts.","CREATE | MEDIUM_CONFIDENCE","https://www.businesswire.com/news/home/20211215006088/en/Ares-Management-Corporation-Raises-%242.2-Billion-of-Climate-Infrastructure-Capital | https://www.sec.gov/Archives/edgar/data/1810559/000156761921012462/xslFormDX01/primary_doc.xml | https://www.areswms.com.au/wp-content/uploads/Ares_Sustainability_Report-vF-2021F.pdf | https://www.ares.com/us/who-we-are/our-people/keith-derman-100906"
"ADD-005","CREATE","Ares Management","Ares Management","—","—","Ares Climate Infrastructure Partners, L.P.","MEDIUM","NAMED_FUND","CLOSED_ACTIVE","VERIFIED_CURRENT_NA_HOLDING: Apex Clean Energy","DISCLOSED_USD_EQUIVALENT","$1.4B final close; structured USD size is at least $1B","sizeNativeAmount","—","1400000000","No repository row matches ACIP I. Primary evidence establishes a separately named $1.4 billion commercial fund, and Ares portfolio materials support current North American deployment through Apex at the ACIP complex level. The vehicle is proposed under the existing Ares Management manager, with medium confidence because public materials do not separate the Apex allocation among the main fund, parallel funds and related co-investment accounts.","CREATE | MEDIUM_CONFIDENCE","https://www.businesswire.com/news/home/20211215006088/en/Ares-Management-Corporation-Raises-%242.2-Billion-of-Climate-Infrastructure-Capital | https://www.sec.gov/Archives/edgar/data/1810559/000156761921012462/xslFormDX01/primary_doc.xml | https://www.areswms.com.au/wp-content/uploads/Ares_Sustainability_Report-vF-2021F.pdf | https://www.ares.com/us/who-we-are/our-people/keith-derman-100906"
"ADD-005","CREATE","Ares Management","Ares Management","—","—","Ares Climate Infrastructure Partners, L.P.","MEDIUM","NAMED_FUND","CLOSED_ACTIVE","VERIFIED_CURRENT_NA_HOLDING: Apex Clean Energy","DISCLOSED_USD_EQUIVALENT","$1.4B final close; structured USD size is at least $1B","sizeBasis","—","FINAL_CLOSE","No repository row matches ACIP I. Primary evidence establishes a separately named $1.4 billion commercial fund, and Ares portfolio materials support current North American deployment through Apex at the ACIP complex level. The vehicle is proposed under the existing Ares Management manager, with medium confidence because public materials do not separate the Apex allocation among the main fund, parallel funds and related co-investment accounts.","CREATE | MEDIUM_CONFIDENCE","https://www.businesswire.com/news/home/20211215006088/en/Ares-Management-Corporation-Raises-%242.2-Billion-of-Climate-Infrastructure-Capital | https://www.sec.gov/Archives/edgar/data/1810559/000156761921012462/xslFormDX01/primary_doc.xml | https://www.areswms.com.au/wp-content/uploads/Ares_Sustainability_Report-vF-2021F.pdf | https://www.ares.com/us/who-we-are/our-people/keith-derman-100906"
"ADD-005","CREATE","Ares Management","Ares Management","—","—","Ares Climate Infrastructure Partners, L.P.","MEDIUM","NAMED_FUND","CLOSED_ACTIVE","VERIFIED_CURRENT_NA_HOLDING: Apex Clean Energy","DISCLOSED_USD_EQUIVALENT","$1.4B final close; structured USD size is at least $1B","sizeAsOf","—","2021-12-16","No repository row matches ACIP I. Primary evidence establishes a separately named $1.4 billion commercial fund, and Ares portfolio materials support current North American deployment through Apex at the ACIP complex level. The vehicle is proposed under the existing Ares Management manager, with medium confidence because public materials do not separate the Apex allocation among the main fund, parallel funds and related co-investment accounts.","CREATE | MEDIUM_CONFIDENCE","https://www.businesswire.com/news/home/20211215006088/en/Ares-Management-Corporation-Raises-%242.2-Billion-of-Climate-Infrastructure-Capital | https://www.sec.gov/Archives/edgar/data/1810559/000156761921012462/xslFormDX01/primary_doc.xml | https://www.areswms.com.au/wp-content/uploads/Ares_Sustainability_Report-vF-2021F.pdf | https://www.ares.com/us/who-we-are/our-people/keith-derman-100906"
"ADD-005","CREATE","Ares Management","Ares Management","—","—","Ares Climate Infrastructure Partners, L.P.","MEDIUM","NAMED_FUND","CLOSED_ACTIVE","VERIFIED_CURRENT_NA_HOLDING: Apex Clean Energy","DISCLOSED_USD_EQUIVALENT","$1.4B final close; structured USD size is at least $1B","sizeUsdFxRate","—","—","No repository row matches ACIP I. Primary evidence establishes a separately named $1.4 billion commercial fund, and Ares portfolio materials support current North American deployment through Apex at the ACIP complex level. The vehicle is proposed under the existing Ares Management manager, with medium confidence because public materials do not separate the Apex allocation among the main fund, parallel funds and related co-investment accounts.","CREATE | MEDIUM_CONFIDENCE","https://www.businesswire.com/news/home/20211215006088/en/Ares-Management-Corporation-Raises-%242.2-Billion-of-Climate-Infrastructure-Capital | https://www.sec.gov/Archives/edgar/data/1810559/000156761921012462/xslFormDX01/primary_doc.xml | https://www.areswms.com.au/wp-content/uploads/Ares_Sustainability_Report-vF-2021F.pdf | https://www.ares.com/us/who-we-are/our-people/keith-derman-100906"
"ADD-005","CREATE","Ares Management","Ares Management","—","—","Ares Climate Infrastructure Partners, L.P.","MEDIUM","NAMED_FUND","CLOSED_ACTIVE","VERIFIED_CURRENT_NA_HOLDING: Apex Clean Energy","DISCLOSED_USD_EQUIVALENT","$1.4B final close; structured USD size is at least $1B","sizeUsdFxDate","—","—","No repository row matches ACIP I. Primary evidence establishes a separately named $1.4 billion commercial fund, and Ares portfolio materials support current North American deployment through Apex at the ACIP complex level. The vehicle is proposed under the existing Ares Management manager, with medium confidence because public materials do not separate the Apex allocation among the main fund, parallel funds and related co-investment accounts.","CREATE | MEDIUM_CONFIDENCE","https://www.businesswire.com/news/home/20211215006088/en/Ares-Management-Corporation-Raises-%242.2-Billion-of-Climate-Infrastructure-Capital | https://www.sec.gov/Archives/edgar/data/1810559/000156761921012462/xslFormDX01/primary_doc.xml | https://www.areswms.com.au/wp-content/uploads/Ares_Sustainability_Report-vF-2021F.pdf | https://www.ares.com/us/who-we-are/our-people/keith-derman-100906"
"ADD-005","CREATE","Ares Management","Ares Management","—","—","Ares Climate Infrastructure Partners, L.P.","MEDIUM","NAMED_FUND","CLOSED_ACTIVE","VERIFIED_CURRENT_NA_HOLDING: Apex Clean Energy","DISCLOSED_USD_EQUIVALENT","$1.4B final close; structured USD size is at least $1B","vintage","—","2018","No repository row matches ACIP I. Primary evidence establishes a separately named $1.4 billion commercial fund, and Ares portfolio materials support current North American deployment through Apex at the ACIP complex level. The vehicle is proposed under the existing Ares Management manager, with medium confidence because public materials do not separate the Apex allocation among the main fund, parallel funds and related co-investment accounts.","CREATE | MEDIUM_CONFIDENCE","https://www.businesswire.com/news/home/20211215006088/en/Ares-Management-Corporation-Raises-%242.2-Billion-of-Climate-Infrastructure-Capital | https://www.sec.gov/Archives/edgar/data/1810559/000156761921012462/xslFormDX01/primary_doc.xml | https://www.areswms.com.au/wp-content/uploads/Ares_Sustainability_Report-vF-2021F.pdf | https://www.ares.com/us/who-we-are/our-people/keith-derman-100906"
"ADD-005","CREATE","Ares Management","Ares Management","—","—","Ares Climate Infrastructure Partners, L.P.","MEDIUM","NAMED_FUND","CLOSED_ACTIVE","VERIFIED_CURRENT_NA_HOLDING: Apex Clean Energy","DISCLOSED_USD_EQUIVALENT","$1.4B final close; structured USD size is at least $1B","strategies","—","Value-Add | Greenfield","No repository row matches ACIP I. Primary evidence establishes a separately named $1.4 billion commercial fund, and Ares portfolio materials support current North American deployment through Apex at the ACIP complex level. The vehicle is proposed under the existing Ares Management manager, with medium confidence because public materials do not separate the Apex allocation among the main fund, parallel funds and related co-investment accounts.","CREATE | MEDIUM_CONFIDENCE","https://www.businesswire.com/news/home/20211215006088/en/Ares-Management-Corporation-Raises-%242.2-Billion-of-Climate-Infrastructure-Capital | https://www.sec.gov/Archives/edgar/data/1810559/000156761921012462/xslFormDX01/primary_doc.xml | https://www.areswms.com.au/wp-content/uploads/Ares_Sustainability_Report-vF-2021F.pdf | https://www.ares.com/us/who-we-are/our-people/keith-derman-100906"
"ADD-005","CREATE","Ares Management","Ares Management","—","—","Ares Climate Infrastructure Partners, L.P.","MEDIUM","NAMED_FUND","CLOSED_ACTIVE","VERIFIED_CURRENT_NA_HOLDING: Apex Clean Energy","DISCLOSED_USD_EQUIVALENT","$1.4B final close; structured USD size is at least $1B","structure","—","Closed-End","No repository row matches ACIP I. Primary evidence establishes a separately named $1.4 billion commercial fund, and Ares portfolio materials support current North American deployment through Apex at the ACIP complex level. The vehicle is proposed under the existing Ares Management manager, with medium confidence because public materials do not separate the Apex allocation among the main fund, parallel funds and related co-investment accounts.","CREATE | MEDIUM_CONFIDENCE","https://www.businesswire.com/news/home/20211215006088/en/Ares-Management-Corporation-Raises-%242.2-Billion-of-Climate-Infrastructure-Capital | https://www.sec.gov/Archives/edgar/data/1810559/000156761921012462/xslFormDX01/primary_doc.xml | https://www.areswms.com.au/wp-content/uploads/Ares_Sustainability_Report-vF-2021F.pdf | https://www.ares.com/us/who-we-are/our-people/keith-derman-100906"
"ADD-005","CREATE","Ares Management","Ares Management","—","—","Ares Climate Infrastructure Partners, L.P.","MEDIUM","NAMED_FUND","CLOSED_ACTIVE","VERIFIED_CURRENT_NA_HOLDING: Apex Clean Energy","DISCLOSED_USD_EQUIVALENT","$1.4B final close; structured USD size is at least $1B","fundStatus","—","Financial Close","No repository row matches ACIP I. Primary evidence establishes a separately named $1.4 billion commercial fund, and Ares portfolio materials support current North American deployment through Apex at the ACIP complex level. The vehicle is proposed under the existing Ares Management manager, with medium confidence because public materials do not separate the Apex allocation among the main fund, parallel funds and related co-investment accounts.","CREATE | MEDIUM_CONFIDENCE","https://www.businesswire.com/news/home/20211215006088/en/Ares-Management-Corporation-Raises-%242.2-Billion-of-Climate-Infrastructure-Capital | https://www.sec.gov/Archives/edgar/data/1810559/000156761921012462/xslFormDX01/primary_doc.xml | https://www.areswms.com.au/wp-content/uploads/Ares_Sustainability_Report-vF-2021F.pdf | https://www.ares.com/us/who-we-are/our-people/keith-derman-100906"
"ADD-005","CREATE","Ares Management","Ares Management","—","—","Ares Climate Infrastructure Partners, L.P.","MEDIUM","NAMED_FUND","CLOSED_ACTIVE","VERIFIED_CURRENT_NA_HOLDING: Apex Clean Energy","DISCLOSED_USD_EQUIVALENT","$1.4B final close; structured USD size is at least $1B","sectors","—","Power & ET | Utilities","No repository row matches ACIP I. Primary evidence establishes a separately named $1.4 billion commercial fund, and Ares portfolio materials support current North American deployment through Apex at the ACIP complex level. The vehicle is proposed under the existing Ares Management manager, with medium confidence because public materials do not separate the Apex allocation among the main fund, parallel funds and related co-investment accounts.","CREATE | MEDIUM_CONFIDENCE","https://www.businesswire.com/news/home/20211215006088/en/Ares-Management-Corporation-Raises-%242.2-Billion-of-Climate-Infrastructure-Capital | https://www.sec.gov/Archives/edgar/data/1810559/000156761921012462/xslFormDX01/primary_doc.xml | https://www.areswms.com.au/wp-content/uploads/Ares_Sustainability_Report-vF-2021F.pdf | https://www.ares.com/us/who-we-are/our-people/keith-derman-100906"
"ADD-005","CREATE","Ares Management","Ares Management","—","—","Ares Climate Infrastructure Partners, L.P.","MEDIUM","NAMED_FUND","CLOSED_ACTIVE","VERIFIED_CURRENT_NA_HOLDING: Apex Clean Energy","DISCLOSED_USD_EQUIVALENT","$1.4B final close; structured USD size is at least $1B","regions","—","North America","No repository row matches ACIP I. Primary evidence establishes a separately named $1.4 billion commercial fund, and Ares portfolio materials support current North American deployment through Apex at the ACIP complex level. The vehicle is proposed under the existing Ares Management manager, with medium confidence because public materials do not separate the Apex allocation among the main fund, parallel funds and related co-investment accounts.","CREATE | MEDIUM_CONFIDENCE","https://www.businesswire.com/news/home/20211215006088/en/Ares-Management-Corporation-Raises-%242.2-Billion-of-Climate-Infrastructure-Capital | https://www.sec.gov/Archives/edgar/data/1810559/000156761921012462/xslFormDX01/primary_doc.xml | https://www.areswms.com.au/wp-content/uploads/Ares_Sustainability_Report-vF-2021F.pdf | https://www.ares.com/us/who-we-are/our-people/keith-derman-100906"
"ADD-005","CREATE","Ares Management","Ares Management","—","—","Ares Climate Infrastructure Partners, L.P.","MEDIUM","NAMED_FUND","CLOSED_ACTIVE","VERIFIED_CURRENT_NA_HOLDING: Apex Clean Energy","DISCLOSED_USD_EQUIVALENT","$1.4B final close; structured USD size is at least $1B","sourceUrls","—","https://www.businesswire.com/news/home/20211215006088/en/Ares-Management-Corporation-Raises-%242.2-Billion-of-Climate-Infrastructure-Capital | https://www.sec.gov/Archives/edgar/data/1810559/000156761921012462/xslFormDX01/primary_doc.xml | https://www.areswms.com.au/wp-content/uploads/Ares_Sustainability_Report-vF-2021F.pdf | https://www.ares.com/us/who-we-are/our-people/keith-derman-100906","No repository row matches ACIP I. Primary evidence establishes a separately named $1.4 billion commercial fund, and Ares portfolio materials support current North American deployment through Apex at the ACIP complex level. The vehicle is proposed under the existing Ares Management manager, with medium confidence because public materials do not separate the Apex allocation among the main fund, parallel funds and related co-investment accounts.","CREATE | MEDIUM_CONFIDENCE","https://www.businesswire.com/news/home/20211215006088/en/Ares-Management-Corporation-Raises-%242.2-Billion-of-Climate-Infrastructure-Capital | https://www.sec.gov/Archives/edgar/data/1810559/000156761921012462/xslFormDX01/primary_doc.xml | https://www.areswms.com.au/wp-content/uploads/Ares_Sustainability_Report-vF-2021F.pdf | https://www.ares.com/us/who-we-are/our-people/keith-derman-100906"
"ADD-005","CREATE","Ares Management","Ares Management","—","—","Ares Climate Infrastructure Partners, L.P.","MEDIUM","NAMED_FUND","CLOSED_ACTIVE","VERIFIED_CURRENT_NA_HOLDING: Apex Clean Energy","DISCLOSED_USD_EQUIVALENT","$1.4B final close; structured USD size is at least $1B","strategyUrl","—","https://www.ares.com/us/businesses-and-products/our-businesses/infrastructure","No repository row matches ACIP I. Primary evidence establishes a separately named $1.4 billion commercial fund, and Ares portfolio materials support current North American deployment through Apex at the ACIP complex level. The vehicle is proposed under the existing Ares Management manager, with medium confidence because public materials do not separate the Apex allocation among the main fund, parallel funds and related co-investment accounts.","CREATE | MEDIUM_CONFIDENCE","https://www.businesswire.com/news/home/20211215006088/en/Ares-Management-Corporation-Raises-%242.2-Billion-of-Climate-Infrastructure-Capital | https://www.sec.gov/Archives/edgar/data/1810559/000156761921012462/xslFormDX01/primary_doc.xml | https://www.areswms.com.au/wp-content/uploads/Ares_Sustainability_Report-vF-2021F.pdf | https://www.ares.com/us/who-we-are/our-people/keith-derman-100906"
"ADD-006","CREATE","Ares Management","Ares Management","—","—","U.S. Power Fund IV, L.P.","HIGH","NAMED_FUND","CLOSED_ACTIVE","EXPLICIT_NA_MANDATE","DISCLOSED_USD_EQUIVALENT","$1.688B commitments; structured USD size is at least $1B","managerName","—","Ares Management","No repository row matches USPF IV. Current Ares reporting confirms that the 2010 fund retains $299 million of unrealized investments, while institutional fund-specific materials establish its control-oriented U.S. power infrastructure mandate.","CREATE","https://www.sec.gov/Archives/edgar/data/1176948/000162828026005596/a2025q4-ex992earningspre.htm | https://www.sec.gov/Archives/edgar/data/1176948/000162828026029083/a2026q1-ex992earningspre.htm | https://nic.nebraska.gov/sites/default/files/doc/2022%20Overview%20of%20Strategies%20DB%2BCBB%20Plans.pdf"
"ADD-006","CREATE","Ares Management","Ares Management","—","—","U.S. Power Fund IV, L.P.","HIGH","NAMED_FUND","CLOSED_ACTIVE","EXPLICIT_NA_MANDATE","DISCLOSED_USD_EQUIVALENT","$1.688B commitments; structured USD size is at least $1B","fundName","—","U.S. Power Fund IV, L.P.","No repository row matches USPF IV. Current Ares reporting confirms that the 2010 fund retains $299 million of unrealized investments, while institutional fund-specific materials establish its control-oriented U.S. power infrastructure mandate.","CREATE","https://www.sec.gov/Archives/edgar/data/1176948/000162828026005596/a2025q4-ex992earningspre.htm | https://www.sec.gov/Archives/edgar/data/1176948/000162828026029083/a2026q1-ex992earningspre.htm | https://nic.nebraska.gov/sites/default/files/doc/2022%20Overview%20of%20Strategies%20DB%2BCBB%20Plans.pdf"
"ADD-006","CREATE","Ares Management","Ares Management","—","—","U.S. Power Fund IV, L.P.","HIGH","NAMED_FUND","CLOSED_ACTIVE","EXPLICIT_NA_MANDATE","DISCLOSED_USD_EQUIVALENT","$1.688B commitments; structured USD size is at least $1B","ticker","—","—","No repository row matches USPF IV. Current Ares reporting confirms that the 2010 fund retains $299 million of unrealized investments, while institutional fund-specific materials establish its control-oriented U.S. power infrastructure mandate.","CREATE","https://www.sec.gov/Archives/edgar/data/1176948/000162828026005596/a2025q4-ex992earningspre.htm | https://www.sec.gov/Archives/edgar/data/1176948/000162828026029083/a2026q1-ex992earningspre.htm | https://nic.nebraska.gov/sites/default/files/doc/2022%20Overview%20of%20Strategies%20DB%2BCBB%20Plans.pdf"
"ADD-006","CREATE","Ares Management","Ares Management","—","—","U.S. Power Fund IV, L.P.","HIGH","NAMED_FUND","CLOSED_ACTIVE","EXPLICIT_NA_MANDATE","DISCLOSED_USD_EQUIVALENT","$1.688B commitments; structured USD size is at least $1B","investmentStrategy","—","Control-oriented U.S. power and energy infrastructure private equity focused on generation, transmission, natural-gas pipelines, storage and related operating or development-stage assets.","No repository row matches USPF IV. Current Ares reporting confirms that the 2010 fund retains $299 million of unrealized investments, while institutional fund-specific materials establish its control-oriented U.S. power infrastructure mandate.","CREATE","https://www.sec.gov/Archives/edgar/data/1176948/000162828026005596/a2025q4-ex992earningspre.htm | https://www.sec.gov/Archives/edgar/data/1176948/000162828026029083/a2026q1-ex992earningspre.htm | https://nic.nebraska.gov/sites/default/files/doc/2022%20Overview%20of%20Strategies%20DB%2BCBB%20Plans.pdf"
"ADD-006","CREATE","Ares Management","Ares Management","—","—","U.S. Power Fund IV, L.P.","HIGH","NAMED_FUND","CLOSED_ACTIVE","EXPLICIT_NA_MANDATE","DISCLOSED_USD_EQUIVALENT","$1.688B commitments; structured USD size is at least $1B","size","—","$1.688B commitments","No repository row matches USPF IV. Current Ares reporting confirms that the 2010 fund retains $299 million of unrealized investments, while institutional fund-specific materials establish its control-oriented U.S. power infrastructure mandate.","CREATE","https://www.sec.gov/Archives/edgar/data/1176948/000162828026005596/a2025q4-ex992earningspre.htm | https://www.sec.gov/Archives/edgar/data/1176948/000162828026029083/a2026q1-ex992earningspre.htm | https://nic.nebraska.gov/sites/default/files/doc/2022%20Overview%20of%20Strategies%20DB%2BCBB%20Plans.pdf"
"ADD-006","CREATE","Ares Management","Ares Management","—","—","U.S. Power Fund IV, L.P.","HIGH","NAMED_FUND","CLOSED_ACTIVE","EXPLICIT_NA_MANDATE","DISCLOSED_USD_EQUIVALENT","$1.688B commitments; structured USD size is at least $1B","sizeUsdMm","—","1688","No repository row matches USPF IV. Current Ares reporting confirms that the 2010 fund retains $299 million of unrealized investments, while institutional fund-specific materials establish its control-oriented U.S. power infrastructure mandate.","CREATE","https://www.sec.gov/Archives/edgar/data/1176948/000162828026005596/a2025q4-ex992earningspre.htm | https://www.sec.gov/Archives/edgar/data/1176948/000162828026029083/a2026q1-ex992earningspre.htm | https://nic.nebraska.gov/sites/default/files/doc/2022%20Overview%20of%20Strategies%20DB%2BCBB%20Plans.pdf"
"ADD-006","CREATE","Ares Management","Ares Management","—","—","U.S. Power Fund IV, L.P.","HIGH","NAMED_FUND","CLOSED_ACTIVE","EXPLICIT_NA_MANDATE","DISCLOSED_USD_EQUIVALENT","$1.688B commitments; structured USD size is at least $1B","sizeNativeCurrency","—","USD","No repository row matches USPF IV. Current Ares reporting confirms that the 2010 fund retains $299 million of unrealized investments, while institutional fund-specific materials establish its control-oriented U.S. power infrastructure mandate.","CREATE","https://www.sec.gov/Archives/edgar/data/1176948/000162828026005596/a2025q4-ex992earningspre.htm | https://www.sec.gov/Archives/edgar/data/1176948/000162828026029083/a2026q1-ex992earningspre.htm | https://nic.nebraska.gov/sites/default/files/doc/2022%20Overview%20of%20Strategies%20DB%2BCBB%20Plans.pdf"
"ADD-006","CREATE","Ares Management","Ares Management","—","—","U.S. Power Fund IV, L.P.","HIGH","NAMED_FUND","CLOSED_ACTIVE","EXPLICIT_NA_MANDATE","DISCLOSED_USD_EQUIVALENT","$1.688B commitments; structured USD size is at least $1B","sizeNativeAmount","—","1688000000","No repository row matches USPF IV. Current Ares reporting confirms that the 2010 fund retains $299 million of unrealized investments, while institutional fund-specific materials establish its control-oriented U.S. power infrastructure mandate.","CREATE","https://www.sec.gov/Archives/edgar/data/1176948/000162828026005596/a2025q4-ex992earningspre.htm | https://www.sec.gov/Archives/edgar/data/1176948/000162828026029083/a2026q1-ex992earningspre.htm | https://nic.nebraska.gov/sites/default/files/doc/2022%20Overview%20of%20Strategies%20DB%2BCBB%20Plans.pdf"
"ADD-006","CREATE","Ares Management","Ares Management","—","—","U.S. Power Fund IV, L.P.","HIGH","NAMED_FUND","CLOSED_ACTIVE","EXPLICIT_NA_MANDATE","DISCLOSED_USD_EQUIVALENT","$1.688B commitments; structured USD size is at least $1B","sizeBasis","—","COMMITMENTS","No repository row matches USPF IV. Current Ares reporting confirms that the 2010 fund retains $299 million of unrealized investments, while institutional fund-specific materials establish its control-oriented U.S. power infrastructure mandate.","CREATE","https://www.sec.gov/Archives/edgar/data/1176948/000162828026005596/a2025q4-ex992earningspre.htm | https://www.sec.gov/Archives/edgar/data/1176948/000162828026029083/a2026q1-ex992earningspre.htm | https://nic.nebraska.gov/sites/default/files/doc/2022%20Overview%20of%20Strategies%20DB%2BCBB%20Plans.pdf"
"ADD-006","CREATE","Ares Management","Ares Management","—","—","U.S. Power Fund IV, L.P.","HIGH","NAMED_FUND","CLOSED_ACTIVE","EXPLICIT_NA_MANDATE","DISCLOSED_USD_EQUIVALENT","$1.688B commitments; structured USD size is at least $1B","sizeAsOf","—","2025-12-31","No repository row matches USPF IV. Current Ares reporting confirms that the 2010 fund retains $299 million of unrealized investments, while institutional fund-specific materials establish its control-oriented U.S. power infrastructure mandate.","CREATE","https://www.sec.gov/Archives/edgar/data/1176948/000162828026005596/a2025q4-ex992earningspre.htm | https://www.sec.gov/Archives/edgar/data/1176948/000162828026029083/a2026q1-ex992earningspre.htm | https://nic.nebraska.gov/sites/default/files/doc/2022%20Overview%20of%20Strategies%20DB%2BCBB%20Plans.pdf"
"ADD-006","CREATE","Ares Management","Ares Management","—","—","U.S. Power Fund IV, L.P.","HIGH","NAMED_FUND","CLOSED_ACTIVE","EXPLICIT_NA_MANDATE","DISCLOSED_USD_EQUIVALENT","$1.688B commitments; structured USD size is at least $1B","sizeUsdFxRate","—","—","No repository row matches USPF IV. Current Ares reporting confirms that the 2010 fund retains $299 million of unrealized investments, while institutional fund-specific materials establish its control-oriented U.S. power infrastructure mandate.","CREATE","https://www.sec.gov/Archives/edgar/data/1176948/000162828026005596/a2025q4-ex992earningspre.htm | https://www.sec.gov/Archives/edgar/data/1176948/000162828026029083/a2026q1-ex992earningspre.htm | https://nic.nebraska.gov/sites/default/files/doc/2022%20Overview%20of%20Strategies%20DB%2BCBB%20Plans.pdf"
"ADD-006","CREATE","Ares Management","Ares Management","—","—","U.S. Power Fund IV, L.P.","HIGH","NAMED_FUND","CLOSED_ACTIVE","EXPLICIT_NA_MANDATE","DISCLOSED_USD_EQUIVALENT","$1.688B commitments; structured USD size is at least $1B","sizeUsdFxDate","—","—","No repository row matches USPF IV. Current Ares reporting confirms that the 2010 fund retains $299 million of unrealized investments, while institutional fund-specific materials establish its control-oriented U.S. power infrastructure mandate.","CREATE","https://www.sec.gov/Archives/edgar/data/1176948/000162828026005596/a2025q4-ex992earningspre.htm | https://www.sec.gov/Archives/edgar/data/1176948/000162828026029083/a2026q1-ex992earningspre.htm | https://nic.nebraska.gov/sites/default/files/doc/2022%20Overview%20of%20Strategies%20DB%2BCBB%20Plans.pdf"
"ADD-006","CREATE","Ares Management","Ares Management","—","—","U.S. Power Fund IV, L.P.","HIGH","NAMED_FUND","CLOSED_ACTIVE","EXPLICIT_NA_MANDATE","DISCLOSED_USD_EQUIVALENT","$1.688B commitments; structured USD size is at least $1B","vintage","—","2010","No repository row matches USPF IV. Current Ares reporting confirms that the 2010 fund retains $299 million of unrealized investments, while institutional fund-specific materials establish its control-oriented U.S. power infrastructure mandate.","CREATE","https://www.sec.gov/Archives/edgar/data/1176948/000162828026005596/a2025q4-ex992earningspre.htm | https://www.sec.gov/Archives/edgar/data/1176948/000162828026029083/a2026q1-ex992earningspre.htm | https://nic.nebraska.gov/sites/default/files/doc/2022%20Overview%20of%20Strategies%20DB%2BCBB%20Plans.pdf"
"ADD-006","CREATE","Ares Management","Ares Management","—","—","U.S. Power Fund IV, L.P.","HIGH","NAMED_FUND","CLOSED_ACTIVE","EXPLICIT_NA_MANDATE","DISCLOSED_USD_EQUIVALENT","$1.688B commitments; structured USD size is at least $1B","strategies","—","Opportunistic | Greenfield","No repository row matches USPF IV. Current Ares reporting confirms that the 2010 fund retains $299 million of unrealized investments, while institutional fund-specific materials establish its control-oriented U.S. power infrastructure mandate.","CREATE","https://www.sec.gov/Archives/edgar/data/1176948/000162828026005596/a2025q4-ex992earningspre.htm | https://www.sec.gov/Archives/edgar/data/1176948/000162828026029083/a2026q1-ex992earningspre.htm | https://nic.nebraska.gov/sites/default/files/doc/2022%20Overview%20of%20Strategies%20DB%2BCBB%20Plans.pdf"
"ADD-006","CREATE","Ares Management","Ares Management","—","—","U.S. Power Fund IV, L.P.","HIGH","NAMED_FUND","CLOSED_ACTIVE","EXPLICIT_NA_MANDATE","DISCLOSED_USD_EQUIVALENT","$1.688B commitments; structured USD size is at least $1B","structure","—","Closed-End","No repository row matches USPF IV. Current Ares reporting confirms that the 2010 fund retains $299 million of unrealized investments, while institutional fund-specific materials establish its control-oriented U.S. power infrastructure mandate.","CREATE","https://www.sec.gov/Archives/edgar/data/1176948/000162828026005596/a2025q4-ex992earningspre.htm | https://www.sec.gov/Archives/edgar/data/1176948/000162828026029083/a2026q1-ex992earningspre.htm | https://nic.nebraska.gov/sites/default/files/doc/2022%20Overview%20of%20Strategies%20DB%2BCBB%20Plans.pdf"
"ADD-006","CREATE","Ares Management","Ares Management","—","—","U.S. Power Fund IV, L.P.","HIGH","NAMED_FUND","CLOSED_ACTIVE","EXPLICIT_NA_MANDATE","DISCLOSED_USD_EQUIVALENT","$1.688B commitments; structured USD size is at least $1B","fundStatus","—","Financial Close","No repository row matches USPF IV. Current Ares reporting confirms that the 2010 fund retains $299 million of unrealized investments, while institutional fund-specific materials establish its control-oriented U.S. power infrastructure mandate.","CREATE","https://www.sec.gov/Archives/edgar/data/1176948/000162828026005596/a2025q4-ex992earningspre.htm | https://www.sec.gov/Archives/edgar/data/1176948/000162828026029083/a2026q1-ex992earningspre.htm | https://nic.nebraska.gov/sites/default/files/doc/2022%20Overview%20of%20Strategies%20DB%2BCBB%20Plans.pdf"
"ADD-006","CREATE","Ares Management","Ares Management","—","—","U.S. Power Fund IV, L.P.","HIGH","NAMED_FUND","CLOSED_ACTIVE","EXPLICIT_NA_MANDATE","DISCLOSED_USD_EQUIVALENT","$1.688B commitments; structured USD size is at least $1B","sectors","—","Power & ET | Utilities | Midstream","No repository row matches USPF IV. Current Ares reporting confirms that the 2010 fund retains $299 million of unrealized investments, while institutional fund-specific materials establish its control-oriented U.S. power infrastructure mandate.","CREATE","https://www.sec.gov/Archives/edgar/data/1176948/000162828026005596/a2025q4-ex992earningspre.htm | https://www.sec.gov/Archives/edgar/data/1176948/000162828026029083/a2026q1-ex992earningspre.htm | https://nic.nebraska.gov/sites/default/files/doc/2022%20Overview%20of%20Strategies%20DB%2BCBB%20Plans.pdf"
"ADD-006","CREATE","Ares Management","Ares Management","—","—","U.S. Power Fund IV, L.P.","HIGH","NAMED_FUND","CLOSED_ACTIVE","EXPLICIT_NA_MANDATE","DISCLOSED_USD_EQUIVALENT","$1.688B commitments; structured USD size is at least $1B","regions","—","North America","No repository row matches USPF IV. Current Ares reporting confirms that the 2010 fund retains $299 million of unrealized investments, while institutional fund-specific materials establish its control-oriented U.S. power infrastructure mandate.","CREATE","https://www.sec.gov/Archives/edgar/data/1176948/000162828026005596/a2025q4-ex992earningspre.htm | https://www.sec.gov/Archives/edgar/data/1176948/000162828026029083/a2026q1-ex992earningspre.htm | https://nic.nebraska.gov/sites/default/files/doc/2022%20Overview%20of%20Strategies%20DB%2BCBB%20Plans.pdf"
"ADD-006","CREATE","Ares Management","Ares Management","—","—","U.S. Power Fund IV, L.P.","HIGH","NAMED_FUND","CLOSED_ACTIVE","EXPLICIT_NA_MANDATE","DISCLOSED_USD_EQUIVALENT","$1.688B commitments; structured USD size is at least $1B","sourceUrls","—","https://www.sec.gov/Archives/edgar/data/1176948/000162828026005596/a2025q4-ex992earningspre.htm | https://www.sec.gov/Archives/edgar/data/1176948/000162828026029083/a2026q1-ex992earningspre.htm | https://nic.nebraska.gov/sites/default/files/doc/2022%20Overview%20of%20Strategies%20DB%2BCBB%20Plans.pdf","No repository row matches USPF IV. Current Ares reporting confirms that the 2010 fund retains $299 million of unrealized investments, while institutional fund-specific materials establish its control-oriented U.S. power infrastructure mandate.","CREATE","https://www.sec.gov/Archives/edgar/data/1176948/000162828026005596/a2025q4-ex992earningspre.htm | https://www.sec.gov/Archives/edgar/data/1176948/000162828026029083/a2026q1-ex992earningspre.htm | https://nic.nebraska.gov/sites/default/files/doc/2022%20Overview%20of%20Strategies%20DB%2BCBB%20Plans.pdf"
"ADD-006","CREATE","Ares Management","Ares Management","—","—","U.S. Power Fund IV, L.P.","HIGH","NAMED_FUND","CLOSED_ACTIVE","EXPLICIT_NA_MANDATE","DISCLOSED_USD_EQUIVALENT","$1.688B commitments; structured USD size is at least $1B","strategyUrl","—","https://www.ares.com/us/businesses-and-products/our-businesses/infrastructure","No repository row matches USPF IV. Current Ares reporting confirms that the 2010 fund retains $299 million of unrealized investments, while institutional fund-specific materials establish its control-oriented U.S. power infrastructure mandate.","CREATE","https://www.sec.gov/Archives/edgar/data/1176948/000162828026005596/a2025q4-ex992earningspre.htm | https://www.sec.gov/Archives/edgar/data/1176948/000162828026029083/a2026q1-ex992earningspre.htm | https://nic.nebraska.gov/sites/default/files/doc/2022%20Overview%20of%20Strategies%20DB%2BCBB%20Plans.pdf"
"ADD-007","CREATE","Argo Infrastructure Partners","Argo Infrastructure Partners","—","—","AIA Energy North America LLC","HIGH","NAMED_FUND","CLOSED_ACTIVE","VERIFIED_CURRENT_NA_HOLDING: Cross-Sound Cable","DISCLOSED_USD_EQUIVALENT","$1,497,903,289 current gross asset value; structured USD size is at least $1B","managerName","—","Argo Infrastructure Partners","No repository fund row matches this separately reported current private infrastructure vehicle; its identity, current gross asset value, and current North American deployment are directly documented.","CREATE","https://reports.adviserinfo.sec.gov/reports/ADV/171246/PDF/171246.pdf | https://documents.dps.ny.gov/public/Common/ViewDoc.aspx?DocRefId=%7B198100FB-C22C-4570-A201-71888F747C84%7D | https://www.businesswire.com/news/home/20260304732241/en/Cross-Sound-Cable-Plans-a-System-Redevelopment-to-Upgrade-Interregional-Connectivity-in-the-Northeast"
"ADD-007","CREATE","Argo Infrastructure Partners","Argo Infrastructure Partners","—","—","AIA Energy North America LLC","HIGH","NAMED_FUND","CLOSED_ACTIVE","VERIFIED_CURRENT_NA_HOLDING: Cross-Sound Cable","DISCLOSED_USD_EQUIVALENT","$1,497,903,289 current gross asset value; structured USD size is at least $1B","fundName","—","AIA Energy North America LLC","No repository fund row matches this separately reported current private infrastructure vehicle; its identity, current gross asset value, and current North American deployment are directly documented.","CREATE","https://reports.adviserinfo.sec.gov/reports/ADV/171246/PDF/171246.pdf | https://documents.dps.ny.gov/public/Common/ViewDoc.aspx?DocRefId=%7B198100FB-C22C-4570-A201-71888F747C84%7D | https://www.businesswire.com/news/home/20260304732241/en/Cross-Sound-Cable-Plans-a-System-Redevelopment-to-Upgrade-Interregional-Connectivity-in-the-Northeast"
"ADD-007","CREATE","Argo Infrastructure Partners","Argo Infrastructure Partners","—","—","AIA Energy North America LLC","HIGH","NAMED_FUND","CLOSED_ACTIVE","VERIFIED_CURRENT_NA_HOLDING: Cross-Sound Cable","DISCLOSED_USD_EQUIVALENT","$1,497,903,289 current gross asset value; structured USD size is at least $1B","ticker","—","—","No repository fund row matches this separately reported current private infrastructure vehicle; its identity, current gross asset value, and current North American deployment are directly documented.","CREATE","https://reports.adviserinfo.sec.gov/reports/ADV/171246/PDF/171246.pdf | https://documents.dps.ny.gov/public/Common/ViewDoc.aspx?DocRefId=%7B198100FB-C22C-4570-A201-71888F747C84%7D | https://www.businesswire.com/news/home/20260304732241/en/Cross-Sound-Cable-Plans-a-System-Redevelopment-to-Upgrade-Interregional-Connectivity-in-the-Northeast"
"ADD-007","CREATE","Argo Infrastructure Partners","Argo Infrastructure Partners","—","—","AIA Energy North America LLC","HIGH","NAMED_FUND","CLOSED_ACTIVE","VERIFIED_CURRENT_NA_HOLDING: Cross-Sound Cable","DISCLOSED_USD_EQUIVALENT","$1,497,903,289 current gross asset value; structured USD size is at least $1B","investmentStrategy","—","Dedicated direct-equity energy-infrastructure vehicle holding regulated and contracted North American transmission assets.","No repository fund row matches this separately reported current private infrastructure vehicle; its identity, current gross asset value, and current North American deployment are directly documented.","CREATE","https://reports.adviserinfo.sec.gov/reports/ADV/171246/PDF/171246.pdf | https://documents.dps.ny.gov/public/Common/ViewDoc.aspx?DocRefId=%7B198100FB-C22C-4570-A201-71888F747C84%7D | https://www.businesswire.com/news/home/20260304732241/en/Cross-Sound-Cable-Plans-a-System-Redevelopment-to-Upgrade-Interregional-Connectivity-in-the-Northeast"
"ADD-007","CREATE","Argo Infrastructure Partners","Argo Infrastructure Partners","—","—","AIA Energy North America LLC","HIGH","NAMED_FUND","CLOSED_ACTIVE","VERIFIED_CURRENT_NA_HOLDING: Cross-Sound Cable","DISCLOSED_USD_EQUIVALENT","$1,497,903,289 current gross asset value; structured USD size is at least $1B","size","—","$1,497,903,289 current gross asset value","No repository fund row matches this separately reported current private infrastructure vehicle; its identity, current gross asset value, and current North American deployment are directly documented.","CREATE","https://reports.adviserinfo.sec.gov/reports/ADV/171246/PDF/171246.pdf | https://documents.dps.ny.gov/public/Common/ViewDoc.aspx?DocRefId=%7B198100FB-C22C-4570-A201-71888F747C84%7D | https://www.businesswire.com/news/home/20260304732241/en/Cross-Sound-Cable-Plans-a-System-Redevelopment-to-Upgrade-Interregional-Connectivity-in-the-Northeast"
"ADD-007","CREATE","Argo Infrastructure Partners","Argo Infrastructure Partners","—","—","AIA Energy North America LLC","HIGH","NAMED_FUND","CLOSED_ACTIVE","VERIFIED_CURRENT_NA_HOLDING: Cross-Sound Cable","DISCLOSED_USD_EQUIVALENT","$1,497,903,289 current gross asset value; structured USD size is at least $1B","sizeUsdMm","—","1497.903289","No repository fund row matches this separately reported current private infrastructure vehicle; its identity, current gross asset value, and current North American deployment are directly documented.","CREATE","https://reports.adviserinfo.sec.gov/reports/ADV/171246/PDF/171246.pdf | https://documents.dps.ny.gov/public/Common/ViewDoc.aspx?DocRefId=%7B198100FB-C22C-4570-A201-71888F747C84%7D | https://www.businesswire.com/news/home/20260304732241/en/Cross-Sound-Cable-Plans-a-System-Redevelopment-to-Upgrade-Interregional-Connectivity-in-the-Northeast"
"ADD-007","CREATE","Argo Infrastructure Partners","Argo Infrastructure Partners","—","—","AIA Energy North America LLC","HIGH","NAMED_FUND","CLOSED_ACTIVE","VERIFIED_CURRENT_NA_HOLDING: Cross-Sound Cable","DISCLOSED_USD_EQUIVALENT","$1,497,903,289 current gross asset value; structured USD size is at least $1B","sizeNativeCurrency","—","USD","No repository fund row matches this separately reported current private infrastructure vehicle; its identity, current gross asset value, and current North American deployment are directly documented.","CREATE","https://reports.adviserinfo.sec.gov/reports/ADV/171246/PDF/171246.pdf | https://documents.dps.ny.gov/public/Common/ViewDoc.aspx?DocRefId=%7B198100FB-C22C-4570-A201-71888F747C84%7D | https://www.businesswire.com/news/home/20260304732241/en/Cross-Sound-Cable-Plans-a-System-Redevelopment-to-Upgrade-Interregional-Connectivity-in-the-Northeast"
"ADD-007","CREATE","Argo Infrastructure Partners","Argo Infrastructure Partners","—","—","AIA Energy North America LLC","HIGH","NAMED_FUND","CLOSED_ACTIVE","VERIFIED_CURRENT_NA_HOLDING: Cross-Sound Cable","DISCLOSED_USD_EQUIVALENT","$1,497,903,289 current gross asset value; structured USD size is at least $1B","sizeNativeAmount","—","1497903289","No repository fund row matches this separately reported current private infrastructure vehicle; its identity, current gross asset value, and current North American deployment are directly documented.","CREATE","https://reports.adviserinfo.sec.gov/reports/ADV/171246/PDF/171246.pdf | https://documents.dps.ny.gov/public/Common/ViewDoc.aspx?DocRefId=%7B198100FB-C22C-4570-A201-71888F747C84%7D | https://www.businesswire.com/news/home/20260304732241/en/Cross-Sound-Cable-Plans-a-System-Redevelopment-to-Upgrade-Interregional-Connectivity-in-the-Northeast"
"ADD-007","CREATE","Argo Infrastructure Partners","Argo Infrastructure Partners","—","—","AIA Energy North America LLC","HIGH","NAMED_FUND","CLOSED_ACTIVE","VERIFIED_CURRENT_NA_HOLDING: Cross-Sound Cable","DISCLOSED_USD_EQUIVALENT","$1,497,903,289 current gross asset value; structured USD size is at least $1B","sizeBasis","—","AUM","No repository fund row matches this separately reported current private infrastructure vehicle; its identity, current gross asset value, and current North American deployment are directly documented.","CREATE","https://reports.adviserinfo.sec.gov/reports/ADV/171246/PDF/171246.pdf | https://documents.dps.ny.gov/public/Common/ViewDoc.aspx?DocRefId=%7B198100FB-C22C-4570-A201-71888F747C84%7D | https://www.businesswire.com/news/home/20260304732241/en/Cross-Sound-Cable-Plans-a-System-Redevelopment-to-Upgrade-Interregional-Connectivity-in-the-Northeast"
"ADD-007","CREATE","Argo Infrastructure Partners","Argo Infrastructure Partners","—","—","AIA Energy North America LLC","HIGH","NAMED_FUND","CLOSED_ACTIVE","VERIFIED_CURRENT_NA_HOLDING: Cross-Sound Cable","DISCLOSED_USD_EQUIVALENT","$1,497,903,289 current gross asset value; structured USD size is at least $1B","sizeAsOf","—","2026-05-08","No repository fund row matches this separately reported current private infrastructure vehicle; its identity, current gross asset value, and current North American deployment are directly documented.","CREATE","https://reports.adviserinfo.sec.gov/reports/ADV/171246/PDF/171246.pdf | https://documents.dps.ny.gov/public/Common/ViewDoc.aspx?DocRefId=%7B198100FB-C22C-4570-A201-71888F747C84%7D | https://www.businesswire.com/news/home/20260304732241/en/Cross-Sound-Cable-Plans-a-System-Redevelopment-to-Upgrade-Interregional-Connectivity-in-the-Northeast"
"ADD-007","CREATE","Argo Infrastructure Partners","Argo Infrastructure Partners","—","—","AIA Energy North America LLC","HIGH","NAMED_FUND","CLOSED_ACTIVE","VERIFIED_CURRENT_NA_HOLDING: Cross-Sound Cable","DISCLOSED_USD_EQUIVALENT","$1,497,903,289 current gross asset value; structured USD size is at least $1B","sizeUsdFxRate","—","—","No repository fund row matches this separately reported current private infrastructure vehicle; its identity, current gross asset value, and current North American deployment are directly documented.","CREATE","https://reports.adviserinfo.sec.gov/reports/ADV/171246/PDF/171246.pdf | https://documents.dps.ny.gov/public/Common/ViewDoc.aspx?DocRefId=%7B198100FB-C22C-4570-A201-71888F747C84%7D | https://www.businesswire.com/news/home/20260304732241/en/Cross-Sound-Cable-Plans-a-System-Redevelopment-to-Upgrade-Interregional-Connectivity-in-the-Northeast"
"ADD-007","CREATE","Argo Infrastructure Partners","Argo Infrastructure Partners","—","—","AIA Energy North America LLC","HIGH","NAMED_FUND","CLOSED_ACTIVE","VERIFIED_CURRENT_NA_HOLDING: Cross-Sound Cable","DISCLOSED_USD_EQUIVALENT","$1,497,903,289 current gross asset value; structured USD size is at least $1B","sizeUsdFxDate","—","—","No repository fund row matches this separately reported current private infrastructure vehicle; its identity, current gross asset value, and current North American deployment are directly documented.","CREATE","https://reports.adviserinfo.sec.gov/reports/ADV/171246/PDF/171246.pdf | https://documents.dps.ny.gov/public/Common/ViewDoc.aspx?DocRefId=%7B198100FB-C22C-4570-A201-71888F747C84%7D | https://www.businesswire.com/news/home/20260304732241/en/Cross-Sound-Cable-Plans-a-System-Redevelopment-to-Upgrade-Interregional-Connectivity-in-the-Northeast"
"ADD-007","CREATE","Argo Infrastructure Partners","Argo Infrastructure Partners","—","—","AIA Energy North America LLC","HIGH","NAMED_FUND","CLOSED_ACTIVE","VERIFIED_CURRENT_NA_HOLDING: Cross-Sound Cable","DISCLOSED_USD_EQUIVALENT","$1,497,903,289 current gross asset value; structured USD size is at least $1B","vintage","—","Not disclosed","No repository fund row matches this separately reported current private infrastructure vehicle; its identity, current gross asset value, and current North American deployment are directly documented.","CREATE","https://reports.adviserinfo.sec.gov/reports/ADV/171246/PDF/171246.pdf | https://documents.dps.ny.gov/public/Common/ViewDoc.aspx?DocRefId=%7B198100FB-C22C-4570-A201-71888F747C84%7D | https://www.businesswire.com/news/home/20260304732241/en/Cross-Sound-Cable-Plans-a-System-Redevelopment-to-Upgrade-Interregional-Connectivity-in-the-Northeast"
"ADD-007","CREATE","Argo Infrastructure Partners","Argo Infrastructure Partners","—","—","AIA Energy North America LLC","HIGH","NAMED_FUND","CLOSED_ACTIVE","VERIFIED_CURRENT_NA_HOLDING: Cross-Sound Cable","DISCLOSED_USD_EQUIVALENT","$1,497,903,289 current gross asset value; structured USD size is at least $1B","strategies","—","Co-Investments","No repository fund row matches this separately reported current private infrastructure vehicle; its identity, current gross asset value, and current North American deployment are directly documented.","CREATE","https://reports.adviserinfo.sec.gov/reports/ADV/171246/PDF/171246.pdf | https://documents.dps.ny.gov/public/Common/ViewDoc.aspx?DocRefId=%7B198100FB-C22C-4570-A201-71888F747C84%7D | https://www.businesswire.com/news/home/20260304732241/en/Cross-Sound-Cable-Plans-a-System-Redevelopment-to-Upgrade-Interregional-Connectivity-in-the-Northeast"
"ADD-007","CREATE","Argo Infrastructure Partners","Argo Infrastructure Partners","—","—","AIA Energy North America LLC","HIGH","NAMED_FUND","CLOSED_ACTIVE","VERIFIED_CURRENT_NA_HOLDING: Cross-Sound Cable","DISCLOSED_USD_EQUIVALENT","$1,497,903,289 current gross asset value; structured USD size is at least $1B","structure","—","Closed-End","No repository fund row matches this separately reported current private infrastructure vehicle; its identity, current gross asset value, and current North American deployment are directly documented.","CREATE","https://reports.adviserinfo.sec.gov/reports/ADV/171246/PDF/171246.pdf | https://documents.dps.ny.gov/public/Common/ViewDoc.aspx?DocRefId=%7B198100FB-C22C-4570-A201-71888F747C84%7D | https://www.businesswire.com/news/home/20260304732241/en/Cross-Sound-Cable-Plans-a-System-Redevelopment-to-Upgrade-Interregional-Connectivity-in-the-Northeast"
"ADD-007","CREATE","Argo Infrastructure Partners","Argo Infrastructure Partners","—","—","AIA Energy North America LLC","HIGH","NAMED_FUND","CLOSED_ACTIVE","VERIFIED_CURRENT_NA_HOLDING: Cross-Sound Cable","DISCLOSED_USD_EQUIVALENT","$1,497,903,289 current gross asset value; structured USD size is at least $1B","fundStatus","—","Financial Close","No repository fund row matches this separately reported current private infrastructure vehicle; its identity, current gross asset value, and current North American deployment are directly documented.","CREATE","https://reports.adviserinfo.sec.gov/reports/ADV/171246/PDF/171246.pdf | https://documents.dps.ny.gov/public/Common/ViewDoc.aspx?DocRefId=%7B198100FB-C22C-4570-A201-71888F747C84%7D | https://www.businesswire.com/news/home/20260304732241/en/Cross-Sound-Cable-Plans-a-System-Redevelopment-to-Upgrade-Interregional-Connectivity-in-the-Northeast"
"ADD-007","CREATE","Argo Infrastructure Partners","Argo Infrastructure Partners","—","—","AIA Energy North America LLC","HIGH","NAMED_FUND","CLOSED_ACTIVE","VERIFIED_CURRENT_NA_HOLDING: Cross-Sound Cable","DISCLOSED_USD_EQUIVALENT","$1,497,903,289 current gross asset value; structured USD size is at least $1B","sectors","—","Power & ET","No repository fund row matches this separately reported current private infrastructure vehicle; its identity, current gross asset value, and current North American deployment are directly documented.","CREATE","https://reports.adviserinfo.sec.gov/reports/ADV/171246/PDF/171246.pdf | https://documents.dps.ny.gov/public/Common/ViewDoc.aspx?DocRefId=%7B198100FB-C22C-4570-A201-71888F747C84%7D | https://www.businesswire.com/news/home/20260304732241/en/Cross-Sound-Cable-Plans-a-System-Redevelopment-to-Upgrade-Interregional-Connectivity-in-the-Northeast"
"ADD-007","CREATE","Argo Infrastructure Partners","Argo Infrastructure Partners","—","—","AIA Energy North America LLC","HIGH","NAMED_FUND","CLOSED_ACTIVE","VERIFIED_CURRENT_NA_HOLDING: Cross-Sound Cable","DISCLOSED_USD_EQUIVALENT","$1,497,903,289 current gross asset value; structured USD size is at least $1B","regions","—","North America","No repository fund row matches this separately reported current private infrastructure vehicle; its identity, current gross asset value, and current North American deployment are directly documented.","CREATE","https://reports.adviserinfo.sec.gov/reports/ADV/171246/PDF/171246.pdf | https://documents.dps.ny.gov/public/Common/ViewDoc.aspx?DocRefId=%7B198100FB-C22C-4570-A201-71888F747C84%7D | https://www.businesswire.com/news/home/20260304732241/en/Cross-Sound-Cable-Plans-a-System-Redevelopment-to-Upgrade-Interregional-Connectivity-in-the-Northeast"
"ADD-007","CREATE","Argo Infrastructure Partners","Argo Infrastructure Partners","—","—","AIA Energy North America LLC","HIGH","NAMED_FUND","CLOSED_ACTIVE","VERIFIED_CURRENT_NA_HOLDING: Cross-Sound Cable","DISCLOSED_USD_EQUIVALENT","$1,497,903,289 current gross asset value; structured USD size is at least $1B","sourceUrls","—","https://reports.adviserinfo.sec.gov/reports/ADV/171246/PDF/171246.pdf | https://documents.dps.ny.gov/public/Common/ViewDoc.aspx?DocRefId=%7B198100FB-C22C-4570-A201-71888F747C84%7D | https://www.businesswire.com/news/home/20260304732241/en/Cross-Sound-Cable-Plans-a-System-Redevelopment-to-Upgrade-Interregional-Connectivity-in-the-Northeast","No repository fund row matches this separately reported current private infrastructure vehicle; its identity, current gross asset value, and current North American deployment are directly documented.","CREATE","https://reports.adviserinfo.sec.gov/reports/ADV/171246/PDF/171246.pdf | https://documents.dps.ny.gov/public/Common/ViewDoc.aspx?DocRefId=%7B198100FB-C22C-4570-A201-71888F747C84%7D | https://www.businesswire.com/news/home/20260304732241/en/Cross-Sound-Cable-Plans-a-System-Redevelopment-to-Upgrade-Interregional-Connectivity-in-the-Northeast"
"ADD-007","CREATE","Argo Infrastructure Partners","Argo Infrastructure Partners","—","—","AIA Energy North America LLC","HIGH","NAMED_FUND","CLOSED_ACTIVE","VERIFIED_CURRENT_NA_HOLDING: Cross-Sound Cable","DISCLOSED_USD_EQUIVALENT","$1,497,903,289 current gross asset value; structured USD size is at least $1B","strategyUrl","—","https://www.argoip.com/","No repository fund row matches this separately reported current private infrastructure vehicle; its identity, current gross asset value, and current North American deployment are directly documented.","CREATE","https://reports.adviserinfo.sec.gov/reports/ADV/171246/PDF/171246.pdf | https://documents.dps.ny.gov/public/Common/ViewDoc.aspx?DocRefId=%7B198100FB-C22C-4570-A201-71888F747C84%7D | https://www.businesswire.com/news/home/20260304732241/en/Cross-Sound-Cable-Plans-a-System-Redevelopment-to-Upgrade-Interregional-Connectivity-in-the-Northeast"
"ADD-008","CREATE","BlackRock","BlackRock","—","—","AI Infrastructure Partnership","MEDIUM","PROGRAM_EXCEPTION","RAISING","VERIFIED_CURRENT_NA_HOLDING: Aligned Data Centers","DISCLOSED_USD_EQUIVALENT","$30.0B equity target; structured USD size is at least $1B","managerName","—","BlackRock","The repository has no row for this separately named direct-investment partnership. It is counted once as a program exception and not merged into GIF IV, GRP IV, Evergreen, or a GIP flagship fund.","CREATE | MEDIUM_CONFIDENCE | PROGRAM_EXCEPTION","https://news.microsoft.com/2024/09/17/blackrock-global-infrastructure-partners-microsoft-and-mgx-launch-new-ai-partnership-to-invest-in-data-centers-and-supporting-power-infrastructure/ | https://www.blackrock.com/corporate/newsroom/press-releases/article/corporate-one/press-releases/ai-infrastructure-partnership-to-acquire-aligned-data-centers"
"ADD-008","CREATE","BlackRock","BlackRock","—","—","AI Infrastructure Partnership","MEDIUM","PROGRAM_EXCEPTION","RAISING","VERIFIED_CURRENT_NA_HOLDING: Aligned Data Centers","DISCLOSED_USD_EQUIVALENT","$30.0B equity target; structured USD size is at least $1B","fundName","—","AI Infrastructure Partnership","The repository has no row for this separately named direct-investment partnership. It is counted once as a program exception and not merged into GIF IV, GRP IV, Evergreen, or a GIP flagship fund.","CREATE | MEDIUM_CONFIDENCE | PROGRAM_EXCEPTION","https://news.microsoft.com/2024/09/17/blackrock-global-infrastructure-partners-microsoft-and-mgx-launch-new-ai-partnership-to-invest-in-data-centers-and-supporting-power-infrastructure/ | https://www.blackrock.com/corporate/newsroom/press-releases/article/corporate-one/press-releases/ai-infrastructure-partnership-to-acquire-aligned-data-centers"
"ADD-008","CREATE","BlackRock","BlackRock","—","—","AI Infrastructure Partnership","MEDIUM","PROGRAM_EXCEPTION","RAISING","VERIFIED_CURRENT_NA_HOLDING: Aligned Data Centers","DISCLOSED_USD_EQUIVALENT","$30.0B equity target; structured USD size is at least $1B","ticker","—","—","The repository has no row for this separately named direct-investment partnership. It is counted once as a program exception and not merged into GIF IV, GRP IV, Evergreen, or a GIP flagship fund.","CREATE | MEDIUM_CONFIDENCE | PROGRAM_EXCEPTION","https://news.microsoft.com/2024/09/17/blackrock-global-infrastructure-partners-microsoft-and-mgx-launch-new-ai-partnership-to-invest-in-data-centers-and-supporting-power-infrastructure/ | https://www.blackrock.com/corporate/newsroom/press-releases/article/corporate-one/press-releases/ai-infrastructure-partnership-to-acquire-aligned-data-centers"
"ADD-008","CREATE","BlackRock","BlackRock","—","—","AI Infrastructure Partnership","MEDIUM","PROGRAM_EXCEPTION","RAISING","VERIFIED_CURRENT_NA_HOLDING: Aligned Data Centers","DISCLOSED_USD_EQUIVALENT","$30.0B equity target; structured USD size is at least $1B","investmentStrategy","—","Direct-equity AI infrastructure partnership investing in data centers and supporting energy and grid infrastructure, initially focused on the United States and partner countries.","The repository has no row for this separately named direct-investment partnership. It is counted once as a program exception and not merged into GIF IV, GRP IV, Evergreen, or a GIP flagship fund.","CREATE | MEDIUM_CONFIDENCE | PROGRAM_EXCEPTION","https://news.microsoft.com/2024/09/17/blackrock-global-infrastructure-partners-microsoft-and-mgx-launch-new-ai-partnership-to-invest-in-data-centers-and-supporting-power-infrastructure/ | https://www.blackrock.com/corporate/newsroom/press-releases/article/corporate-one/press-releases/ai-infrastructure-partnership-to-acquire-aligned-data-centers"
"ADD-008","CREATE","BlackRock","BlackRock","—","—","AI Infrastructure Partnership","MEDIUM","PROGRAM_EXCEPTION","RAISING","VERIFIED_CURRENT_NA_HOLDING: Aligned Data Centers","DISCLOSED_USD_EQUIVALENT","$30.0B equity target; structured USD size is at least $1B","size","—","$30.0B equity target","The repository has no row for this separately named direct-investment partnership. It is counted once as a program exception and not merged into GIF IV, GRP IV, Evergreen, or a GIP flagship fund.","CREATE | MEDIUM_CONFIDENCE | PROGRAM_EXCEPTION","https://news.microsoft.com/2024/09/17/blackrock-global-infrastructure-partners-microsoft-and-mgx-launch-new-ai-partnership-to-invest-in-data-centers-and-supporting-power-infrastructure/ | https://www.blackrock.com/corporate/newsroom/press-releases/article/corporate-one/press-releases/ai-infrastructure-partnership-to-acquire-aligned-data-centers"
"ADD-008","CREATE","BlackRock","BlackRock","—","—","AI Infrastructure Partnership","MEDIUM","PROGRAM_EXCEPTION","RAISING","VERIFIED_CURRENT_NA_HOLDING: Aligned Data Centers","DISCLOSED_USD_EQUIVALENT","$30.0B equity target; structured USD size is at least $1B","sizeUsdMm","—","30000","The repository has no row for this separately named direct-investment partnership. It is counted once as a program exception and not merged into GIF IV, GRP IV, Evergreen, or a GIP flagship fund.","CREATE | MEDIUM_CONFIDENCE | PROGRAM_EXCEPTION","https://news.microsoft.com/2024/09/17/blackrock-global-infrastructure-partners-microsoft-and-mgx-launch-new-ai-partnership-to-invest-in-data-centers-and-supporting-power-infrastructure/ | https://www.blackrock.com/corporate/newsroom/press-releases/article/corporate-one/press-releases/ai-infrastructure-partnership-to-acquire-aligned-data-centers"
"ADD-008","CREATE","BlackRock","BlackRock","—","—","AI Infrastructure Partnership","MEDIUM","PROGRAM_EXCEPTION","RAISING","VERIFIED_CURRENT_NA_HOLDING: Aligned Data Centers","DISCLOSED_USD_EQUIVALENT","$30.0B equity target; structured USD size is at least $1B","sizeNativeCurrency","—","USD","The repository has no row for this separately named direct-investment partnership. It is counted once as a program exception and not merged into GIF IV, GRP IV, Evergreen, or a GIP flagship fund.","CREATE | MEDIUM_CONFIDENCE | PROGRAM_EXCEPTION","https://news.microsoft.com/2024/09/17/blackrock-global-infrastructure-partners-microsoft-and-mgx-launch-new-ai-partnership-to-invest-in-data-centers-and-supporting-power-infrastructure/ | https://www.blackrock.com/corporate/newsroom/press-releases/article/corporate-one/press-releases/ai-infrastructure-partnership-to-acquire-aligned-data-centers"
"ADD-008","CREATE","BlackRock","BlackRock","—","—","AI Infrastructure Partnership","MEDIUM","PROGRAM_EXCEPTION","RAISING","VERIFIED_CURRENT_NA_HOLDING: Aligned Data Centers","DISCLOSED_USD_EQUIVALENT","$30.0B equity target; structured USD size is at least $1B","sizeNativeAmount","—","30000000000","The repository has no row for this separately named direct-investment partnership. It is counted once as a program exception and not merged into GIF IV, GRP IV, Evergreen, or a GIP flagship fund.","CREATE | MEDIUM_CONFIDENCE | PROGRAM_EXCEPTION","https://news.microsoft.com/2024/09/17/blackrock-global-infrastructure-partners-microsoft-and-mgx-launch-new-ai-partnership-to-invest-in-data-centers-and-supporting-power-infrastructure/ | https://www.blackrock.com/corporate/newsroom/press-releases/article/corporate-one/press-releases/ai-infrastructure-partnership-to-acquire-aligned-data-centers"
"ADD-008","CREATE","BlackRock","BlackRock","—","—","AI Infrastructure Partnership","MEDIUM","PROGRAM_EXCEPTION","RAISING","VERIFIED_CURRENT_NA_HOLDING: Aligned Data Centers","DISCLOSED_USD_EQUIVALENT","$30.0B equity target; structured USD size is at least $1B","sizeBasis","—","TARGET","The repository has no row for this separately named direct-investment partnership. It is counted once as a program exception and not merged into GIF IV, GRP IV, Evergreen, or a GIP flagship fund.","CREATE | MEDIUM_CONFIDENCE | PROGRAM_EXCEPTION","https://news.microsoft.com/2024/09/17/blackrock-global-infrastructure-partners-microsoft-and-mgx-launch-new-ai-partnership-to-invest-in-data-centers-and-supporting-power-infrastructure/ | https://www.blackrock.com/corporate/newsroom/press-releases/article/corporate-one/press-releases/ai-infrastructure-partnership-to-acquire-aligned-data-centers"
"ADD-008","CREATE","BlackRock","BlackRock","—","—","AI Infrastructure Partnership","MEDIUM","PROGRAM_EXCEPTION","RAISING","VERIFIED_CURRENT_NA_HOLDING: Aligned Data Centers","DISCLOSED_USD_EQUIVALENT","$30.0B equity target; structured USD size is at least $1B","sizeAsOf","—","2024-09-17","The repository has no row for this separately named direct-investment partnership. It is counted once as a program exception and not merged into GIF IV, GRP IV, Evergreen, or a GIP flagship fund.","CREATE | MEDIUM_CONFIDENCE | PROGRAM_EXCEPTION","https://news.microsoft.com/2024/09/17/blackrock-global-infrastructure-partners-microsoft-and-mgx-launch-new-ai-partnership-to-invest-in-data-centers-and-supporting-power-infrastructure/ | https://www.blackrock.com/corporate/newsroom/press-releases/article/corporate-one/press-releases/ai-infrastructure-partnership-to-acquire-aligned-data-centers"
"ADD-008","CREATE","BlackRock","BlackRock","—","—","AI Infrastructure Partnership","MEDIUM","PROGRAM_EXCEPTION","RAISING","VERIFIED_CURRENT_NA_HOLDING: Aligned Data Centers","DISCLOSED_USD_EQUIVALENT","$30.0B equity target; structured USD size is at least $1B","sizeUsdFxRate","—","—","The repository has no row for this separately named direct-investment partnership. It is counted once as a program exception and not merged into GIF IV, GRP IV, Evergreen, or a GIP flagship fund.","CREATE | MEDIUM_CONFIDENCE | PROGRAM_EXCEPTION","https://news.microsoft.com/2024/09/17/blackrock-global-infrastructure-partners-microsoft-and-mgx-launch-new-ai-partnership-to-invest-in-data-centers-and-supporting-power-infrastructure/ | https://www.blackrock.com/corporate/newsroom/press-releases/article/corporate-one/press-releases/ai-infrastructure-partnership-to-acquire-aligned-data-centers"
"ADD-008","CREATE","BlackRock","BlackRock","—","—","AI Infrastructure Partnership","MEDIUM","PROGRAM_EXCEPTION","RAISING","VERIFIED_CURRENT_NA_HOLDING: Aligned Data Centers","DISCLOSED_USD_EQUIVALENT","$30.0B equity target; structured USD size is at least $1B","sizeUsdFxDate","—","—","The repository has no row for this separately named direct-investment partnership. It is counted once as a program exception and not merged into GIF IV, GRP IV, Evergreen, or a GIP flagship fund.","CREATE | MEDIUM_CONFIDENCE | PROGRAM_EXCEPTION","https://news.microsoft.com/2024/09/17/blackrock-global-infrastructure-partners-microsoft-and-mgx-launch-new-ai-partnership-to-invest-in-data-centers-and-supporting-power-infrastructure/ | https://www.blackrock.com/corporate/newsroom/press-releases/article/corporate-one/press-releases/ai-infrastructure-partnership-to-acquire-aligned-data-centers"
"ADD-008","CREATE","BlackRock","BlackRock","—","—","AI Infrastructure Partnership","MEDIUM","PROGRAM_EXCEPTION","RAISING","VERIFIED_CURRENT_NA_HOLDING: Aligned Data Centers","DISCLOSED_USD_EQUIVALENT","$30.0B equity target; structured USD size is at least $1B","vintage","—","2024","The repository has no row for this separately named direct-investment partnership. It is counted once as a program exception and not merged into GIF IV, GRP IV, Evergreen, or a GIP flagship fund.","CREATE | MEDIUM_CONFIDENCE | PROGRAM_EXCEPTION","https://news.microsoft.com/2024/09/17/blackrock-global-infrastructure-partners-microsoft-and-mgx-launch-new-ai-partnership-to-invest-in-data-centers-and-supporting-power-infrastructure/ | https://www.blackrock.com/corporate/newsroom/press-releases/article/corporate-one/press-releases/ai-infrastructure-partnership-to-acquire-aligned-data-centers"
"ADD-008","CREATE","BlackRock","BlackRock","—","—","AI Infrastructure Partnership","MEDIUM","PROGRAM_EXCEPTION","RAISING","VERIFIED_CURRENT_NA_HOLDING: Aligned Data Centers","DISCLOSED_USD_EQUIVALENT","$30.0B equity target; structured USD size is at least $1B","strategies","—","Growth | Greenfield","The repository has no row for this separately named direct-investment partnership. It is counted once as a program exception and not merged into GIF IV, GRP IV, Evergreen, or a GIP flagship fund.","CREATE | MEDIUM_CONFIDENCE | PROGRAM_EXCEPTION","https://news.microsoft.com/2024/09/17/blackrock-global-infrastructure-partners-microsoft-and-mgx-launch-new-ai-partnership-to-invest-in-data-centers-and-supporting-power-infrastructure/ | https://www.blackrock.com/corporate/newsroom/press-releases/article/corporate-one/press-releases/ai-infrastructure-partnership-to-acquire-aligned-data-centers"
"ADD-008","CREATE","BlackRock","BlackRock","—","—","AI Infrastructure Partnership","MEDIUM","PROGRAM_EXCEPTION","RAISING","VERIFIED_CURRENT_NA_HOLDING: Aligned Data Centers","DISCLOSED_USD_EQUIVALENT","$30.0B equity target; structured USD size is at least $1B","structure","—","Permanent Capital","The repository has no row for this separately named direct-investment partnership. It is counted once as a program exception and not merged into GIF IV, GRP IV, Evergreen, or a GIP flagship fund.","CREATE | MEDIUM_CONFIDENCE | PROGRAM_EXCEPTION","https://news.microsoft.com/2024/09/17/blackrock-global-infrastructure-partners-microsoft-and-mgx-launch-new-ai-partnership-to-invest-in-data-centers-and-supporting-power-infrastructure/ | https://www.blackrock.com/corporate/newsroom/press-releases/article/corporate-one/press-releases/ai-infrastructure-partnership-to-acquire-aligned-data-centers"
"ADD-008","CREATE","BlackRock","BlackRock","—","—","AI Infrastructure Partnership","MEDIUM","PROGRAM_EXCEPTION","RAISING","VERIFIED_CURRENT_NA_HOLDING: Aligned Data Centers","DISCLOSED_USD_EQUIVALENT","$30.0B equity target; structured USD size is at least $1B","fundStatus","—","Raising","The repository has no row for this separately named direct-investment partnership. It is counted once as a program exception and not merged into GIF IV, GRP IV, Evergreen, or a GIP flagship fund.","CREATE | MEDIUM_CONFIDENCE | PROGRAM_EXCEPTION","https://news.microsoft.com/2024/09/17/blackrock-global-infrastructure-partners-microsoft-and-mgx-launch-new-ai-partnership-to-invest-in-data-centers-and-supporting-power-infrastructure/ | https://www.blackrock.com/corporate/newsroom/press-releases/article/corporate-one/press-releases/ai-infrastructure-partnership-to-acquire-aligned-data-centers"
"ADD-008","CREATE","BlackRock","BlackRock","—","—","AI Infrastructure Partnership","MEDIUM","PROGRAM_EXCEPTION","RAISING","VERIFIED_CURRENT_NA_HOLDING: Aligned Data Centers","DISCLOSED_USD_EQUIVALENT","$30.0B equity target; structured USD size is at least $1B","sectors","—","Digital | Power & ET | Utilities","The repository has no row for this separately named direct-investment partnership. It is counted once as a program exception and not merged into GIF IV, GRP IV, Evergreen, or a GIP flagship fund.","CREATE | MEDIUM_CONFIDENCE | PROGRAM_EXCEPTION","https://news.microsoft.com/2024/09/17/blackrock-global-infrastructure-partners-microsoft-and-mgx-launch-new-ai-partnership-to-invest-in-data-centers-and-supporting-power-infrastructure/ | https://www.blackrock.com/corporate/newsroom/press-releases/article/corporate-one/press-releases/ai-infrastructure-partnership-to-acquire-aligned-data-centers"
"ADD-008","CREATE","BlackRock","BlackRock","—","—","AI Infrastructure Partnership","MEDIUM","PROGRAM_EXCEPTION","RAISING","VERIFIED_CURRENT_NA_HOLDING: Aligned Data Centers","DISCLOSED_USD_EQUIVALENT","$30.0B equity target; structured USD size is at least $1B","regions","—","North America","The repository has no row for this separately named direct-investment partnership. It is counted once as a program exception and not merged into GIF IV, GRP IV, Evergreen, or a GIP flagship fund.","CREATE | MEDIUM_CONFIDENCE | PROGRAM_EXCEPTION","https://news.microsoft.com/2024/09/17/blackrock-global-infrastructure-partners-microsoft-and-mgx-launch-new-ai-partnership-to-invest-in-data-centers-and-supporting-power-infrastructure/ | https://www.blackrock.com/corporate/newsroom/press-releases/article/corporate-one/press-releases/ai-infrastructure-partnership-to-acquire-aligned-data-centers"
"ADD-008","CREATE","BlackRock","BlackRock","—","—","AI Infrastructure Partnership","MEDIUM","PROGRAM_EXCEPTION","RAISING","VERIFIED_CURRENT_NA_HOLDING: Aligned Data Centers","DISCLOSED_USD_EQUIVALENT","$30.0B equity target; structured USD size is at least $1B","sourceUrls","—","https://news.microsoft.com/2024/09/17/blackrock-global-infrastructure-partners-microsoft-and-mgx-launch-new-ai-partnership-to-invest-in-data-centers-and-supporting-power-infrastructure/ | https://www.blackrock.com/corporate/newsroom/press-releases/article/corporate-one/press-releases/ai-infrastructure-partnership-to-acquire-aligned-data-centers | https://www.blackrock.com/institutions/en-us/strategies/alternatives/infrastructure","The repository has no row for this separately named direct-investment partnership. It is counted once as a program exception and not merged into GIF IV, GRP IV, Evergreen, or a GIP flagship fund.","CREATE | MEDIUM_CONFIDENCE | PROGRAM_EXCEPTION","https://news.microsoft.com/2024/09/17/blackrock-global-infrastructure-partners-microsoft-and-mgx-launch-new-ai-partnership-to-invest-in-data-centers-and-supporting-power-infrastructure/ | https://www.blackrock.com/corporate/newsroom/press-releases/article/corporate-one/press-releases/ai-infrastructure-partnership-to-acquire-aligned-data-centers"
"ADD-008","CREATE","BlackRock","BlackRock","—","—","AI Infrastructure Partnership","MEDIUM","PROGRAM_EXCEPTION","RAISING","VERIFIED_CURRENT_NA_HOLDING: Aligned Data Centers","DISCLOSED_USD_EQUIVALENT","$30.0B equity target; structured USD size is at least $1B","strategyUrl","—","https://www.blackrock.com/institutions/en-us/strategies/alternatives/infrastructure","The repository has no row for this separately named direct-investment partnership. It is counted once as a program exception and not merged into GIF IV, GRP IV, Evergreen, or a GIP flagship fund.","CREATE | MEDIUM_CONFIDENCE | PROGRAM_EXCEPTION","https://news.microsoft.com/2024/09/17/blackrock-global-infrastructure-partners-microsoft-and-mgx-launch-new-ai-partnership-to-invest-in-data-centers-and-supporting-power-infrastructure/ | https://www.blackrock.com/corporate/newsroom/press-releases/article/corporate-one/press-releases/ai-infrastructure-partnership-to-acquire-aligned-data-centers"
"ADD-009","CREATE","BlackRock","BlackRock","—","—","BlackRock Global Energy & Power Infrastructure Fund III","HIGH","NAMED_FUND","CLOSED_ACTIVE","EXPLICIT_NA_MANDATE","DISCLOSED_USD_EQUIVALENT","$5.1B final close; structured USD size is at least $1B","managerName","—","BlackRock","No repository row represents GEPIF III, and primary fund-specific evidence supports a distinct current qualifying vehicle.","CREATE","https://www.blackrock.com/corporate/newsroom/press-releases/article/corporate-one/press-releases/blackrock-raises-usd-5-1-billion-for-global-energy-and-power-infrastructure-fund-iii | https://www.blackrock.com/corporate/literature/whitepaper/blackrock-infrastructure-impact-report.pdf"
"ADD-009","CREATE","BlackRock","BlackRock","—","—","BlackRock Global Energy & Power Infrastructure Fund III","HIGH","NAMED_FUND","CLOSED_ACTIVE","EXPLICIT_NA_MANDATE","DISCLOSED_USD_EQUIVALENT","$5.1B final close; structured USD size is at least $1B","fundName","—","BlackRock Global Energy & Power Infrastructure Fund III","No repository row represents GEPIF III, and primary fund-specific evidence supports a distinct current qualifying vehicle.","CREATE","https://www.blackrock.com/corporate/newsroom/press-releases/article/corporate-one/press-releases/blackrock-raises-usd-5-1-billion-for-global-energy-and-power-infrastructure-fund-iii | https://www.blackrock.com/corporate/literature/whitepaper/blackrock-infrastructure-impact-report.pdf"
"ADD-009","CREATE","BlackRock","BlackRock","—","—","BlackRock Global Energy & Power Infrastructure Fund III","HIGH","NAMED_FUND","CLOSED_ACTIVE","EXPLICIT_NA_MANDATE","DISCLOSED_USD_EQUIVALENT","$5.1B final close; structured USD size is at least $1B","ticker","—","—","No repository row represents GEPIF III, and primary fund-specific evidence supports a distinct current qualifying vehicle.","CREATE","https://www.blackrock.com/corporate/newsroom/press-releases/article/corporate-one/press-releases/blackrock-raises-usd-5-1-billion-for-global-energy-and-power-infrastructure-fund-iii | https://www.blackrock.com/corporate/literature/whitepaper/blackrock-infrastructure-impact-report.pdf"
"ADD-009","CREATE","BlackRock","BlackRock","—","—","BlackRock Global Energy & Power Infrastructure Fund III","HIGH","NAMED_FUND","CLOSED_ACTIVE","EXPLICIT_NA_MANDATE","DISCLOSED_USD_EQUIVALENT","$5.1B final close; structured USD size is at least $1B","investmentStrategy","—","Global direct-equity energy and power infrastructure fund investing across power, energy-transition, utility, and midstream infrastructure.","No repository row represents GEPIF III, and primary fund-specific evidence supports a distinct current qualifying vehicle.","CREATE","https://www.blackrock.com/corporate/newsroom/press-releases/article/corporate-one/press-releases/blackrock-raises-usd-5-1-billion-for-global-energy-and-power-infrastructure-fund-iii | https://www.blackrock.com/corporate/literature/whitepaper/blackrock-infrastructure-impact-report.pdf"
"ADD-009","CREATE","BlackRock","BlackRock","—","—","BlackRock Global Energy & Power Infrastructure Fund III","HIGH","NAMED_FUND","CLOSED_ACTIVE","EXPLICIT_NA_MANDATE","DISCLOSED_USD_EQUIVALENT","$5.1B final close; structured USD size is at least $1B","size","—","$5.1B final close","No repository row represents GEPIF III, and primary fund-specific evidence supports a distinct current qualifying vehicle.","CREATE","https://www.blackrock.com/corporate/newsroom/press-releases/article/corporate-one/press-releases/blackrock-raises-usd-5-1-billion-for-global-energy-and-power-infrastructure-fund-iii | https://www.blackrock.com/corporate/literature/whitepaper/blackrock-infrastructure-impact-report.pdf"
"ADD-009","CREATE","BlackRock","BlackRock","—","—","BlackRock Global Energy & Power Infrastructure Fund III","HIGH","NAMED_FUND","CLOSED_ACTIVE","EXPLICIT_NA_MANDATE","DISCLOSED_USD_EQUIVALENT","$5.1B final close; structured USD size is at least $1B","sizeUsdMm","—","5100","No repository row represents GEPIF III, and primary fund-specific evidence supports a distinct current qualifying vehicle.","CREATE","https://www.blackrock.com/corporate/newsroom/press-releases/article/corporate-one/press-releases/blackrock-raises-usd-5-1-billion-for-global-energy-and-power-infrastructure-fund-iii | https://www.blackrock.com/corporate/literature/whitepaper/blackrock-infrastructure-impact-report.pdf"
"ADD-009","CREATE","BlackRock","BlackRock","—","—","BlackRock Global Energy & Power Infrastructure Fund III","HIGH","NAMED_FUND","CLOSED_ACTIVE","EXPLICIT_NA_MANDATE","DISCLOSED_USD_EQUIVALENT","$5.1B final close; structured USD size is at least $1B","sizeNativeCurrency","—","USD","No repository row represents GEPIF III, and primary fund-specific evidence supports a distinct current qualifying vehicle.","CREATE","https://www.blackrock.com/corporate/newsroom/press-releases/article/corporate-one/press-releases/blackrock-raises-usd-5-1-billion-for-global-energy-and-power-infrastructure-fund-iii | https://www.blackrock.com/corporate/literature/whitepaper/blackrock-infrastructure-impact-report.pdf"
"ADD-009","CREATE","BlackRock","BlackRock","—","—","BlackRock Global Energy & Power Infrastructure Fund III","HIGH","NAMED_FUND","CLOSED_ACTIVE","EXPLICIT_NA_MANDATE","DISCLOSED_USD_EQUIVALENT","$5.1B final close; structured USD size is at least $1B","sizeNativeAmount","—","5100000000","No repository row represents GEPIF III, and primary fund-specific evidence supports a distinct current qualifying vehicle.","CREATE","https://www.blackrock.com/corporate/newsroom/press-releases/article/corporate-one/press-releases/blackrock-raises-usd-5-1-billion-for-global-energy-and-power-infrastructure-fund-iii | https://www.blackrock.com/corporate/literature/whitepaper/blackrock-infrastructure-impact-report.pdf"
"ADD-009","CREATE","BlackRock","BlackRock","—","—","BlackRock Global Energy & Power Infrastructure Fund III","HIGH","NAMED_FUND","CLOSED_ACTIVE","EXPLICIT_NA_MANDATE","DISCLOSED_USD_EQUIVALENT","$5.1B final close; structured USD size is at least $1B","sizeBasis","—","FINAL_CLOSE","No repository row represents GEPIF III, and primary fund-specific evidence supports a distinct current qualifying vehicle.","CREATE","https://www.blackrock.com/corporate/newsroom/press-releases/article/corporate-one/press-releases/blackrock-raises-usd-5-1-billion-for-global-energy-and-power-infrastructure-fund-iii | https://www.blackrock.com/corporate/literature/whitepaper/blackrock-infrastructure-impact-report.pdf"
"ADD-009","CREATE","BlackRock","BlackRock","—","—","BlackRock Global Energy & Power Infrastructure Fund III","HIGH","NAMED_FUND","CLOSED_ACTIVE","EXPLICIT_NA_MANDATE","DISCLOSED_USD_EQUIVALENT","$5.1B final close; structured USD size is at least $1B","sizeAsOf","—","2020-04-16","No repository row represents GEPIF III, and primary fund-specific evidence supports a distinct current qualifying vehicle.","CREATE","https://www.blackrock.com/corporate/newsroom/press-releases/article/corporate-one/press-releases/blackrock-raises-usd-5-1-billion-for-global-energy-and-power-infrastructure-fund-iii | https://www.blackrock.com/corporate/literature/whitepaper/blackrock-infrastructure-impact-report.pdf"
"ADD-009","CREATE","BlackRock","BlackRock","—","—","BlackRock Global Energy & Power Infrastructure Fund III","HIGH","NAMED_FUND","CLOSED_ACTIVE","EXPLICIT_NA_MANDATE","DISCLOSED_USD_EQUIVALENT","$5.1B final close; structured USD size is at least $1B","sizeUsdFxRate","—","—","No repository row represents GEPIF III, and primary fund-specific evidence supports a distinct current qualifying vehicle.","CREATE","https://www.blackrock.com/corporate/newsroom/press-releases/article/corporate-one/press-releases/blackrock-raises-usd-5-1-billion-for-global-energy-and-power-infrastructure-fund-iii | https://www.blackrock.com/corporate/literature/whitepaper/blackrock-infrastructure-impact-report.pdf"
"ADD-009","CREATE","BlackRock","BlackRock","—","—","BlackRock Global Energy & Power Infrastructure Fund III","HIGH","NAMED_FUND","CLOSED_ACTIVE","EXPLICIT_NA_MANDATE","DISCLOSED_USD_EQUIVALENT","$5.1B final close; structured USD size is at least $1B","sizeUsdFxDate","—","—","No repository row represents GEPIF III, and primary fund-specific evidence supports a distinct current qualifying vehicle.","CREATE","https://www.blackrock.com/corporate/newsroom/press-releases/article/corporate-one/press-releases/blackrock-raises-usd-5-1-billion-for-global-energy-and-power-infrastructure-fund-iii | https://www.blackrock.com/corporate/literature/whitepaper/blackrock-infrastructure-impact-report.pdf"
"ADD-009","CREATE","BlackRock","BlackRock","—","—","BlackRock Global Energy & Power Infrastructure Fund III","HIGH","NAMED_FUND","CLOSED_ACTIVE","EXPLICIT_NA_MANDATE","DISCLOSED_USD_EQUIVALENT","$5.1B final close; structured USD size is at least $1B","vintage","—","2020","No repository row represents GEPIF III, and primary fund-specific evidence supports a distinct current qualifying vehicle.","CREATE","https://www.blackrock.com/corporate/newsroom/press-releases/article/corporate-one/press-releases/blackrock-raises-usd-5-1-billion-for-global-energy-and-power-infrastructure-fund-iii | https://www.blackrock.com/corporate/literature/whitepaper/blackrock-infrastructure-impact-report.pdf"
"ADD-009","CREATE","BlackRock","BlackRock","—","—","BlackRock Global Energy & Power Infrastructure Fund III","HIGH","NAMED_FUND","CLOSED_ACTIVE","EXPLICIT_NA_MANDATE","DISCLOSED_USD_EQUIVALENT","$5.1B final close; structured USD size is at least $1B","strategies","—","Core-Plus","No repository row represents GEPIF III, and primary fund-specific evidence supports a distinct current qualifying vehicle.","CREATE","https://www.blackrock.com/corporate/newsroom/press-releases/article/corporate-one/press-releases/blackrock-raises-usd-5-1-billion-for-global-energy-and-power-infrastructure-fund-iii | https://www.blackrock.com/corporate/literature/whitepaper/blackrock-infrastructure-impact-report.pdf"
"ADD-009","CREATE","BlackRock","BlackRock","—","—","BlackRock Global Energy & Power Infrastructure Fund III","HIGH","NAMED_FUND","CLOSED_ACTIVE","EXPLICIT_NA_MANDATE","DISCLOSED_USD_EQUIVALENT","$5.1B final close; structured USD size is at least $1B","structure","—","Closed-End","No repository row represents GEPIF III, and primary fund-specific evidence supports a distinct current qualifying vehicle.","CREATE","https://www.blackrock.com/corporate/newsroom/press-releases/article/corporate-one/press-releases/blackrock-raises-usd-5-1-billion-for-global-energy-and-power-infrastructure-fund-iii | https://www.blackrock.com/corporate/literature/whitepaper/blackrock-infrastructure-impact-report.pdf"
"ADD-009","CREATE","BlackRock","BlackRock","—","—","BlackRock Global Energy & Power Infrastructure Fund III","HIGH","NAMED_FUND","CLOSED_ACTIVE","EXPLICIT_NA_MANDATE","DISCLOSED_USD_EQUIVALENT","$5.1B final close; structured USD size is at least $1B","fundStatus","—","Financial Close","No repository row represents GEPIF III, and primary fund-specific evidence supports a distinct current qualifying vehicle.","CREATE","https://www.blackrock.com/corporate/newsroom/press-releases/article/corporate-one/press-releases/blackrock-raises-usd-5-1-billion-for-global-energy-and-power-infrastructure-fund-iii | https://www.blackrock.com/corporate/literature/whitepaper/blackrock-infrastructure-impact-report.pdf"
"ADD-009","CREATE","BlackRock","BlackRock","—","—","BlackRock Global Energy & Power Infrastructure Fund III","HIGH","NAMED_FUND","CLOSED_ACTIVE","EXPLICIT_NA_MANDATE","DISCLOSED_USD_EQUIVALENT","$5.1B final close; structured USD size is at least $1B","sectors","—","Power & ET | Utilities | Midstream","No repository row represents GEPIF III, and primary fund-specific evidence supports a distinct current qualifying vehicle.","CREATE","https://www.blackrock.com/corporate/newsroom/press-releases/article/corporate-one/press-releases/blackrock-raises-usd-5-1-billion-for-global-energy-and-power-infrastructure-fund-iii | https://www.blackrock.com/corporate/literature/whitepaper/blackrock-infrastructure-impact-report.pdf"
"ADD-009","CREATE","BlackRock","BlackRock","—","—","BlackRock Global Energy & Power Infrastructure Fund III","HIGH","NAMED_FUND","CLOSED_ACTIVE","EXPLICIT_NA_MANDATE","DISCLOSED_USD_EQUIVALENT","$5.1B final close; structured USD size is at least $1B","regions","—","North America | Europe | Asia-Pacific","No repository row represents GEPIF III, and primary fund-specific evidence supports a distinct current qualifying vehicle.","CREATE","https://www.blackrock.com/corporate/newsroom/press-releases/article/corporate-one/press-releases/blackrock-raises-usd-5-1-billion-for-global-energy-and-power-infrastructure-fund-iii | https://www.blackrock.com/corporate/literature/whitepaper/blackrock-infrastructure-impact-report.pdf"
"ADD-009","CREATE","BlackRock","BlackRock","—","—","BlackRock Global Energy & Power Infrastructure Fund III","HIGH","NAMED_FUND","CLOSED_ACTIVE","EXPLICIT_NA_MANDATE","DISCLOSED_USD_EQUIVALENT","$5.1B final close; structured USD size is at least $1B","sourceUrls","—","https://www.blackrock.com/corporate/newsroom/press-releases/article/corporate-one/press-releases/blackrock-raises-usd-5-1-billion-for-global-energy-and-power-infrastructure-fund-iii | https://www.blackrock.com/corporate/literature/whitepaper/blackrock-infrastructure-impact-report.pdf | https://www.blackrock.com/institutions/en-us/strategies/alternatives/infrastructure","No repository row represents GEPIF III, and primary fund-specific evidence supports a distinct current qualifying vehicle.","CREATE","https://www.blackrock.com/corporate/newsroom/press-releases/article/corporate-one/press-releases/blackrock-raises-usd-5-1-billion-for-global-energy-and-power-infrastructure-fund-iii | https://www.blackrock.com/corporate/literature/whitepaper/blackrock-infrastructure-impact-report.pdf"
"ADD-009","CREATE","BlackRock","BlackRock","—","—","BlackRock Global Energy & Power Infrastructure Fund III","HIGH","NAMED_FUND","CLOSED_ACTIVE","EXPLICIT_NA_MANDATE","DISCLOSED_USD_EQUIVALENT","$5.1B final close; structured USD size is at least $1B","strategyUrl","—","https://www.blackrock.com/institutions/en-us/strategies/alternatives/infrastructure","No repository row represents GEPIF III, and primary fund-specific evidence supports a distinct current qualifying vehicle.","CREATE","https://www.blackrock.com/corporate/newsroom/press-releases/article/corporate-one/press-releases/blackrock-raises-usd-5-1-billion-for-global-energy-and-power-infrastructure-fund-iii | https://www.blackrock.com/corporate/literature/whitepaper/blackrock-infrastructure-impact-report.pdf"
"ADD-010","CREATE","BlackRock","BlackRock","—","—","BlackRock Global Renewable Power Fund III","HIGH","NAMED_FUND","CLOSED_ACTIVE","EXPLICIT_NA_MANDATE","DISCLOSED_USD_EQUIVALENT","$4.8B final close; structured USD size is at least $1B","managerName","—","BlackRock","No repository row represents GRP III, while primary fund-specific evidence supports its separate current qualifying identity.","CREATE","https://www.blackrock.com/corporate/newsroom/press-releases/article/corporate-one/press-releases/blackrock-raises-usd-4-8-billion-for-global-renewable-power-fund-iii | https://www.blackrock.com/corporate/literature/whitepaper/blackrock-infrastructure-impact-report.pdf"
"ADD-010","CREATE","BlackRock","BlackRock","—","—","BlackRock Global Renewable Power Fund III","HIGH","NAMED_FUND","CLOSED_ACTIVE","EXPLICIT_NA_MANDATE","DISCLOSED_USD_EQUIVALENT","$4.8B final close; structured USD size is at least $1B","fundName","—","BlackRock Global Renewable Power Fund III","No repository row represents GRP III, while primary fund-specific evidence supports its separate current qualifying identity.","CREATE","https://www.blackrock.com/corporate/newsroom/press-releases/article/corporate-one/press-releases/blackrock-raises-usd-4-8-billion-for-global-renewable-power-fund-iii | https://www.blackrock.com/corporate/literature/whitepaper/blackrock-infrastructure-impact-report.pdf"
"ADD-010","CREATE","BlackRock","BlackRock","—","—","BlackRock Global Renewable Power Fund III","HIGH","NAMED_FUND","CLOSED_ACTIVE","EXPLICIT_NA_MANDATE","DISCLOSED_USD_EQUIVALENT","$4.8B final close; structured USD size is at least $1B","ticker","—","—","No repository row represents GRP III, while primary fund-specific evidence supports its separate current qualifying identity.","CREATE","https://www.blackrock.com/corporate/newsroom/press-releases/article/corporate-one/press-releases/blackrock-raises-usd-4-8-billion-for-global-renewable-power-fund-iii | https://www.blackrock.com/corporate/literature/whitepaper/blackrock-infrastructure-impact-report.pdf"
"ADD-010","CREATE","BlackRock","BlackRock","—","—","BlackRock Global Renewable Power Fund III","HIGH","NAMED_FUND","CLOSED_ACTIVE","EXPLICIT_NA_MANDATE","DISCLOSED_USD_EQUIVALENT","$4.8B final close; structured USD size is at least $1B","investmentStrategy","—","Global direct-equity renewable-power, storage, and grid infrastructure fund with a documented North American mandate.","No repository row represents GRP III, while primary fund-specific evidence supports its separate current qualifying identity.","CREATE","https://www.blackrock.com/corporate/newsroom/press-releases/article/corporate-one/press-releases/blackrock-raises-usd-4-8-billion-for-global-renewable-power-fund-iii | https://www.blackrock.com/corporate/literature/whitepaper/blackrock-infrastructure-impact-report.pdf"
"ADD-010","CREATE","BlackRock","BlackRock","—","—","BlackRock Global Renewable Power Fund III","HIGH","NAMED_FUND","CLOSED_ACTIVE","EXPLICIT_NA_MANDATE","DISCLOSED_USD_EQUIVALENT","$4.8B final close; structured USD size is at least $1B","size","—","$4.8B final close","No repository row represents GRP III, while primary fund-specific evidence supports its separate current qualifying identity.","CREATE","https://www.blackrock.com/corporate/newsroom/press-releases/article/corporate-one/press-releases/blackrock-raises-usd-4-8-billion-for-global-renewable-power-fund-iii | https://www.blackrock.com/corporate/literature/whitepaper/blackrock-infrastructure-impact-report.pdf"
"ADD-010","CREATE","BlackRock","BlackRock","—","—","BlackRock Global Renewable Power Fund III","HIGH","NAMED_FUND","CLOSED_ACTIVE","EXPLICIT_NA_MANDATE","DISCLOSED_USD_EQUIVALENT","$4.8B final close; structured USD size is at least $1B","sizeUsdMm","—","4800","No repository row represents GRP III, while primary fund-specific evidence supports its separate current qualifying identity.","CREATE","https://www.blackrock.com/corporate/newsroom/press-releases/article/corporate-one/press-releases/blackrock-raises-usd-4-8-billion-for-global-renewable-power-fund-iii | https://www.blackrock.com/corporate/literature/whitepaper/blackrock-infrastructure-impact-report.pdf"
"ADD-010","CREATE","BlackRock","BlackRock","—","—","BlackRock Global Renewable Power Fund III","HIGH","NAMED_FUND","CLOSED_ACTIVE","EXPLICIT_NA_MANDATE","DISCLOSED_USD_EQUIVALENT","$4.8B final close; structured USD size is at least $1B","sizeNativeCurrency","—","USD","No repository row represents GRP III, while primary fund-specific evidence supports its separate current qualifying identity.","CREATE","https://www.blackrock.com/corporate/newsroom/press-releases/article/corporate-one/press-releases/blackrock-raises-usd-4-8-billion-for-global-renewable-power-fund-iii | https://www.blackrock.com/corporate/literature/whitepaper/blackrock-infrastructure-impact-report.pdf"
"ADD-010","CREATE","BlackRock","BlackRock","—","—","BlackRock Global Renewable Power Fund III","HIGH","NAMED_FUND","CLOSED_ACTIVE","EXPLICIT_NA_MANDATE","DISCLOSED_USD_EQUIVALENT","$4.8B final close; structured USD size is at least $1B","sizeNativeAmount","—","4800000000","No repository row represents GRP III, while primary fund-specific evidence supports its separate current qualifying identity.","CREATE","https://www.blackrock.com/corporate/newsroom/press-releases/article/corporate-one/press-releases/blackrock-raises-usd-4-8-billion-for-global-renewable-power-fund-iii | https://www.blackrock.com/corporate/literature/whitepaper/blackrock-infrastructure-impact-report.pdf"
"ADD-010","CREATE","BlackRock","BlackRock","—","—","BlackRock Global Renewable Power Fund III","HIGH","NAMED_FUND","CLOSED_ACTIVE","EXPLICIT_NA_MANDATE","DISCLOSED_USD_EQUIVALENT","$4.8B final close; structured USD size is at least $1B","sizeBasis","—","FINAL_CLOSE","No repository row represents GRP III, while primary fund-specific evidence supports its separate current qualifying identity.","CREATE","https://www.blackrock.com/corporate/newsroom/press-releases/article/corporate-one/press-releases/blackrock-raises-usd-4-8-billion-for-global-renewable-power-fund-iii | https://www.blackrock.com/corporate/literature/whitepaper/blackrock-infrastructure-impact-report.pdf"
"ADD-010","CREATE","BlackRock","BlackRock","—","—","BlackRock Global Renewable Power Fund III","HIGH","NAMED_FUND","CLOSED_ACTIVE","EXPLICIT_NA_MANDATE","DISCLOSED_USD_EQUIVALENT","$4.8B final close; structured USD size is at least $1B","sizeAsOf","—","2021-04-08","No repository row represents GRP III, while primary fund-specific evidence supports its separate current qualifying identity.","CREATE","https://www.blackrock.com/corporate/newsroom/press-releases/article/corporate-one/press-releases/blackrock-raises-usd-4-8-billion-for-global-renewable-power-fund-iii | https://www.blackrock.com/corporate/literature/whitepaper/blackrock-infrastructure-impact-report.pdf"
"ADD-010","CREATE","BlackRock","BlackRock","—","—","BlackRock Global Renewable Power Fund III","HIGH","NAMED_FUND","CLOSED_ACTIVE","EXPLICIT_NA_MANDATE","DISCLOSED_USD_EQUIVALENT","$4.8B final close; structured USD size is at least $1B","sizeUsdFxRate","—","—","No repository row represents GRP III, while primary fund-specific evidence supports its separate current qualifying identity.","CREATE","https://www.blackrock.com/corporate/newsroom/press-releases/article/corporate-one/press-releases/blackrock-raises-usd-4-8-billion-for-global-renewable-power-fund-iii | https://www.blackrock.com/corporate/literature/whitepaper/blackrock-infrastructure-impact-report.pdf"
"ADD-010","CREATE","BlackRock","BlackRock","—","—","BlackRock Global Renewable Power Fund III","HIGH","NAMED_FUND","CLOSED_ACTIVE","EXPLICIT_NA_MANDATE","DISCLOSED_USD_EQUIVALENT","$4.8B final close; structured USD size is at least $1B","sizeUsdFxDate","—","—","No repository row represents GRP III, while primary fund-specific evidence supports its separate current qualifying identity.","CREATE","https://www.blackrock.com/corporate/newsroom/press-releases/article/corporate-one/press-releases/blackrock-raises-usd-4-8-billion-for-global-renewable-power-fund-iii | https://www.blackrock.com/corporate/literature/whitepaper/blackrock-infrastructure-impact-report.pdf"
"ADD-010","CREATE","BlackRock","BlackRock","—","—","BlackRock Global Renewable Power Fund III","HIGH","NAMED_FUND","CLOSED_ACTIVE","EXPLICIT_NA_MANDATE","DISCLOSED_USD_EQUIVALENT","$4.8B final close; structured USD size is at least $1B","vintage","—","2021","No repository row represents GRP III, while primary fund-specific evidence supports its separate current qualifying identity.","CREATE","https://www.blackrock.com/corporate/newsroom/press-releases/article/corporate-one/press-releases/blackrock-raises-usd-4-8-billion-for-global-renewable-power-fund-iii | https://www.blackrock.com/corporate/literature/whitepaper/blackrock-infrastructure-impact-report.pdf"
"ADD-010","CREATE","BlackRock","BlackRock","—","—","BlackRock Global Renewable Power Fund III","HIGH","NAMED_FUND","CLOSED_ACTIVE","EXPLICIT_NA_MANDATE","DISCLOSED_USD_EQUIVALENT","$4.8B final close; structured USD size is at least $1B","strategies","—","Core-Plus | Greenfield","No repository row represents GRP III, while primary fund-specific evidence supports its separate current qualifying identity.","CREATE","https://www.blackrock.com/corporate/newsroom/press-releases/article/corporate-one/press-releases/blackrock-raises-usd-4-8-billion-for-global-renewable-power-fund-iii | https://www.blackrock.com/corporate/literature/whitepaper/blackrock-infrastructure-impact-report.pdf"
"ADD-010","CREATE","BlackRock","BlackRock","—","—","BlackRock Global Renewable Power Fund III","HIGH","NAMED_FUND","CLOSED_ACTIVE","EXPLICIT_NA_MANDATE","DISCLOSED_USD_EQUIVALENT","$4.8B final close; structured USD size is at least $1B","structure","—","Closed-End","No repository row represents GRP III, while primary fund-specific evidence supports its separate current qualifying identity.","CREATE","https://www.blackrock.com/corporate/newsroom/press-releases/article/corporate-one/press-releases/blackrock-raises-usd-4-8-billion-for-global-renewable-power-fund-iii | https://www.blackrock.com/corporate/literature/whitepaper/blackrock-infrastructure-impact-report.pdf"
"ADD-010","CREATE","BlackRock","BlackRock","—","—","BlackRock Global Renewable Power Fund III","HIGH","NAMED_FUND","CLOSED_ACTIVE","EXPLICIT_NA_MANDATE","DISCLOSED_USD_EQUIVALENT","$4.8B final close; structured USD size is at least $1B","fundStatus","—","Financial Close","No repository row represents GRP III, while primary fund-specific evidence supports its separate current qualifying identity.","CREATE","https://www.blackrock.com/corporate/newsroom/press-releases/article/corporate-one/press-releases/blackrock-raises-usd-4-8-billion-for-global-renewable-power-fund-iii | https://www.blackrock.com/corporate/literature/whitepaper/blackrock-infrastructure-impact-report.pdf"
"ADD-010","CREATE","BlackRock","BlackRock","—","—","BlackRock Global Renewable Power Fund III","HIGH","NAMED_FUND","CLOSED_ACTIVE","EXPLICIT_NA_MANDATE","DISCLOSED_USD_EQUIVALENT","$4.8B final close; structured USD size is at least $1B","sectors","—","Power & ET | Utilities","No repository row represents GRP III, while primary fund-specific evidence supports its separate current qualifying identity.","CREATE","https://www.blackrock.com/corporate/newsroom/press-releases/article/corporate-one/press-releases/blackrock-raises-usd-4-8-billion-for-global-renewable-power-fund-iii | https://www.blackrock.com/corporate/literature/whitepaper/blackrock-infrastructure-impact-report.pdf"
"ADD-010","CREATE","BlackRock","BlackRock","—","—","BlackRock Global Renewable Power Fund III","HIGH","NAMED_FUND","CLOSED_ACTIVE","EXPLICIT_NA_MANDATE","DISCLOSED_USD_EQUIVALENT","$4.8B final close; structured USD size is at least $1B","regions","—","North America | Europe | Asia-Pacific","No repository row represents GRP III, while primary fund-specific evidence supports its separate current qualifying identity.","CREATE","https://www.blackrock.com/corporate/newsroom/press-releases/article/corporate-one/press-releases/blackrock-raises-usd-4-8-billion-for-global-renewable-power-fund-iii | https://www.blackrock.com/corporate/literature/whitepaper/blackrock-infrastructure-impact-report.pdf"
"ADD-010","CREATE","BlackRock","BlackRock","—","—","BlackRock Global Renewable Power Fund III","HIGH","NAMED_FUND","CLOSED_ACTIVE","EXPLICIT_NA_MANDATE","DISCLOSED_USD_EQUIVALENT","$4.8B final close; structured USD size is at least $1B","sourceUrls","—","https://www.blackrock.com/corporate/newsroom/press-releases/article/corporate-one/press-releases/blackrock-raises-usd-4-8-billion-for-global-renewable-power-fund-iii | https://www.blackrock.com/corporate/literature/whitepaper/blackrock-infrastructure-impact-report.pdf | https://www.blackrock.com/institutions/en-us/strategies/alternatives/infrastructure","No repository row represents GRP III, while primary fund-specific evidence supports its separate current qualifying identity.","CREATE","https://www.blackrock.com/corporate/newsroom/press-releases/article/corporate-one/press-releases/blackrock-raises-usd-4-8-billion-for-global-renewable-power-fund-iii | https://www.blackrock.com/corporate/literature/whitepaper/blackrock-infrastructure-impact-report.pdf"
"ADD-010","CREATE","BlackRock","BlackRock","—","—","BlackRock Global Renewable Power Fund III","HIGH","NAMED_FUND","CLOSED_ACTIVE","EXPLICIT_NA_MANDATE","DISCLOSED_USD_EQUIVALENT","$4.8B final close; structured USD size is at least $1B","strategyUrl","—","https://www.blackrock.com/institutions/en-us/strategies/alternatives/infrastructure","No repository row represents GRP III, while primary fund-specific evidence supports its separate current qualifying identity.","CREATE","https://www.blackrock.com/corporate/newsroom/press-releases/article/corporate-one/press-releases/blackrock-raises-usd-4-8-billion-for-global-renewable-power-fund-iii | https://www.blackrock.com/corporate/literature/whitepaper/blackrock-infrastructure-impact-report.pdf"
"ADD-011","CREATE","Brookfield Asset Management","Brookfield","—","—","Brookfield Infrastructure Fund IV","HIGH","NAMED_FUND","CLOSED_ACTIVE","VERIFIED_CURRENT_NA_HOLDING: Genesee & Wyoming","DISCLOSED_USD_EQUIVALENT","$20.0B final close; structured USD size is at least $1B","managerName","—","Brookfield","No repository row matches BIF IV. The official final-close source and fund-attributed current North American rail investment support adding the commercially distinct fourth flagship fund under the existing Brookfield manager.","CREATE","https://bam.brookfield.com/press-releases/brookfield-closes-20-billion-infrastructure-fund | https://www.brookfield.com/about-us/investments/genesee-wyoming"
"ADD-011","CREATE","Brookfield Asset Management","Brookfield","—","—","Brookfield Infrastructure Fund IV","HIGH","NAMED_FUND","CLOSED_ACTIVE","VERIFIED_CURRENT_NA_HOLDING: Genesee & Wyoming","DISCLOSED_USD_EQUIVALENT","$20.0B final close; structured USD size is at least $1B","fundName","—","Brookfield Infrastructure Fund IV","No repository row matches BIF IV. The official final-close source and fund-attributed current North American rail investment support adding the commercially distinct fourth flagship fund under the existing Brookfield manager.","CREATE","https://bam.brookfield.com/press-releases/brookfield-closes-20-billion-infrastructure-fund | https://www.brookfield.com/about-us/investments/genesee-wyoming"
"ADD-011","CREATE","Brookfield Asset Management","Brookfield","—","—","Brookfield Infrastructure Fund IV","HIGH","NAMED_FUND","CLOSED_ACTIVE","VERIFIED_CURRENT_NA_HOLDING: Genesee & Wyoming","DISCLOSED_USD_EQUIVALENT","$20.0B final close; structured USD size is at least $1B","ticker","—","—","No repository row matches BIF IV. The official final-close source and fund-attributed current North American rail investment support adding the commercially distinct fourth flagship fund under the existing Brookfield manager.","CREATE","https://bam.brookfield.com/press-releases/brookfield-closes-20-billion-infrastructure-fund | https://www.brookfield.com/about-us/investments/genesee-wyoming"
"ADD-011","CREATE","Brookfield Asset Management","Brookfield","—","—","Brookfield Infrastructure Fund IV","HIGH","NAMED_FUND","CLOSED_ACTIVE","VERIFIED_CURRENT_NA_HOLDING: Genesee & Wyoming","DISCLOSED_USD_EQUIVALENT","$20.0B final close; structured USD size is at least $1B","investmentStrategy","—","Fourth flagship global infrastructure equity fund applying Brookfield's operations-oriented and value-focused investment model across utility, transport, midstream and data infrastructure.","No repository row matches BIF IV. The official final-close source and fund-attributed current North American rail investment support adding the commercially distinct fourth flagship fund under the existing Brookfield manager.","CREATE","https://bam.brookfield.com/press-releases/brookfield-closes-20-billion-infrastructure-fund | https://www.brookfield.com/about-us/investments/genesee-wyoming"
"ADD-011","CREATE","Brookfield Asset Management","Brookfield","—","—","Brookfield Infrastructure Fund IV","HIGH","NAMED_FUND","CLOSED_ACTIVE","VERIFIED_CURRENT_NA_HOLDING: Genesee & Wyoming","DISCLOSED_USD_EQUIVALENT","$20.0B final close; structured USD size is at least $1B","size","—","$20.0B final close","No repository row matches BIF IV. The official final-close source and fund-attributed current North American rail investment support adding the commercially distinct fourth flagship fund under the existing Brookfield manager.","CREATE","https://bam.brookfield.com/press-releases/brookfield-closes-20-billion-infrastructure-fund | https://www.brookfield.com/about-us/investments/genesee-wyoming"
"ADD-011","CREATE","Brookfield Asset Management","Brookfield","—","—","Brookfield Infrastructure Fund IV","HIGH","NAMED_FUND","CLOSED_ACTIVE","VERIFIED_CURRENT_NA_HOLDING: Genesee & Wyoming","DISCLOSED_USD_EQUIVALENT","$20.0B final close; structured USD size is at least $1B","sizeUsdMm","—","20000","No repository row matches BIF IV. The official final-close source and fund-attributed current North American rail investment support adding the commercially distinct fourth flagship fund under the existing Brookfield manager.","CREATE","https://bam.brookfield.com/press-releases/brookfield-closes-20-billion-infrastructure-fund | https://www.brookfield.com/about-us/investments/genesee-wyoming"
"ADD-011","CREATE","Brookfield Asset Management","Brookfield","—","—","Brookfield Infrastructure Fund IV","HIGH","NAMED_FUND","CLOSED_ACTIVE","VERIFIED_CURRENT_NA_HOLDING: Genesee & Wyoming","DISCLOSED_USD_EQUIVALENT","$20.0B final close; structured USD size is at least $1B","sizeNativeCurrency","—","USD","No repository row matches BIF IV. The official final-close source and fund-attributed current North American rail investment support adding the commercially distinct fourth flagship fund under the existing Brookfield manager.","CREATE","https://bam.brookfield.com/press-releases/brookfield-closes-20-billion-infrastructure-fund | https://www.brookfield.com/about-us/investments/genesee-wyoming"
"ADD-011","CREATE","Brookfield Asset Management","Brookfield","—","—","Brookfield Infrastructure Fund IV","HIGH","NAMED_FUND","CLOSED_ACTIVE","VERIFIED_CURRENT_NA_HOLDING: Genesee & Wyoming","DISCLOSED_USD_EQUIVALENT","$20.0B final close; structured USD size is at least $1B","sizeNativeAmount","—","20000000000","No repository row matches BIF IV. The official final-close source and fund-attributed current North American rail investment support adding the commercially distinct fourth flagship fund under the existing Brookfield manager.","CREATE","https://bam.brookfield.com/press-releases/brookfield-closes-20-billion-infrastructure-fund | https://www.brookfield.com/about-us/investments/genesee-wyoming"
"ADD-011","CREATE","Brookfield Asset Management","Brookfield","—","—","Brookfield Infrastructure Fund IV","HIGH","NAMED_FUND","CLOSED_ACTIVE","VERIFIED_CURRENT_NA_HOLDING: Genesee & Wyoming","DISCLOSED_USD_EQUIVALENT","$20.0B final close; structured USD size is at least $1B","sizeBasis","—","FINAL_CLOSE","No repository row matches BIF IV. The official final-close source and fund-attributed current North American rail investment support adding the commercially distinct fourth flagship fund under the existing Brookfield manager.","CREATE","https://bam.brookfield.com/press-releases/brookfield-closes-20-billion-infrastructure-fund | https://www.brookfield.com/about-us/investments/genesee-wyoming"
"ADD-011","CREATE","Brookfield Asset Management","Brookfield","—","—","Brookfield Infrastructure Fund IV","HIGH","NAMED_FUND","CLOSED_ACTIVE","VERIFIED_CURRENT_NA_HOLDING: Genesee & Wyoming","DISCLOSED_USD_EQUIVALENT","$20.0B final close; structured USD size is at least $1B","sizeAsOf","—","2020-02-12","No repository row matches BIF IV. The official final-close source and fund-attributed current North American rail investment support adding the commercially distinct fourth flagship fund under the existing Brookfield manager.","CREATE","https://bam.brookfield.com/press-releases/brookfield-closes-20-billion-infrastructure-fund | https://www.brookfield.com/about-us/investments/genesee-wyoming"
"ADD-011","CREATE","Brookfield Asset Management","Brookfield","—","—","Brookfield Infrastructure Fund IV","HIGH","NAMED_FUND","CLOSED_ACTIVE","VERIFIED_CURRENT_NA_HOLDING: Genesee & Wyoming","DISCLOSED_USD_EQUIVALENT","$20.0B final close; structured USD size is at least $1B","sizeUsdFxRate","—","—","No repository row matches BIF IV. The official final-close source and fund-attributed current North American rail investment support adding the commercially distinct fourth flagship fund under the existing Brookfield manager.","CREATE","https://bam.brookfield.com/press-releases/brookfield-closes-20-billion-infrastructure-fund | https://www.brookfield.com/about-us/investments/genesee-wyoming"
"ADD-011","CREATE","Brookfield Asset Management","Brookfield","—","—","Brookfield Infrastructure Fund IV","HIGH","NAMED_FUND","CLOSED_ACTIVE","VERIFIED_CURRENT_NA_HOLDING: Genesee & Wyoming","DISCLOSED_USD_EQUIVALENT","$20.0B final close; structured USD size is at least $1B","sizeUsdFxDate","—","—","No repository row matches BIF IV. The official final-close source and fund-attributed current North American rail investment support adding the commercially distinct fourth flagship fund under the existing Brookfield manager.","CREATE","https://bam.brookfield.com/press-releases/brookfield-closes-20-billion-infrastructure-fund | https://www.brookfield.com/about-us/investments/genesee-wyoming"
"ADD-011","CREATE","Brookfield Asset Management","Brookfield","—","—","Brookfield Infrastructure Fund IV","HIGH","NAMED_FUND","CLOSED_ACTIVE","VERIFIED_CURRENT_NA_HOLDING: Genesee & Wyoming","DISCLOSED_USD_EQUIVALENT","$20.0B final close; structured USD size is at least $1B","vintage","—","2020","No repository row matches BIF IV. The official final-close source and fund-attributed current North American rail investment support adding the commercially distinct fourth flagship fund under the existing Brookfield manager.","CREATE","https://bam.brookfield.com/press-releases/brookfield-closes-20-billion-infrastructure-fund | https://www.brookfield.com/about-us/investments/genesee-wyoming"
"ADD-011","CREATE","Brookfield Asset Management","Brookfield","—","—","Brookfield Infrastructure Fund IV","HIGH","NAMED_FUND","CLOSED_ACTIVE","VERIFIED_CURRENT_NA_HOLDING: Genesee & Wyoming","DISCLOSED_USD_EQUIVALENT","$20.0B final close; structured USD size is at least $1B","strategies","—","Core-Plus","No repository row matches BIF IV. The official final-close source and fund-attributed current North American rail investment support adding the commercially distinct fourth flagship fund under the existing Brookfield manager.","CREATE","https://bam.brookfield.com/press-releases/brookfield-closes-20-billion-infrastructure-fund | https://www.brookfield.com/about-us/investments/genesee-wyoming"
"ADD-011","CREATE","Brookfield Asset Management","Brookfield","—","—","Brookfield Infrastructure Fund IV","HIGH","NAMED_FUND","CLOSED_ACTIVE","VERIFIED_CURRENT_NA_HOLDING: Genesee & Wyoming","DISCLOSED_USD_EQUIVALENT","$20.0B final close; structured USD size is at least $1B","structure","—","Closed-End","No repository row matches BIF IV. The official final-close source and fund-attributed current North American rail investment support adding the commercially distinct fourth flagship fund under the existing Brookfield manager.","CREATE","https://bam.brookfield.com/press-releases/brookfield-closes-20-billion-infrastructure-fund | https://www.brookfield.com/about-us/investments/genesee-wyoming"
"ADD-011","CREATE","Brookfield Asset Management","Brookfield","—","—","Brookfield Infrastructure Fund IV","HIGH","NAMED_FUND","CLOSED_ACTIVE","VERIFIED_CURRENT_NA_HOLDING: Genesee & Wyoming","DISCLOSED_USD_EQUIVALENT","$20.0B final close; structured USD size is at least $1B","fundStatus","—","Financial Close","No repository row matches BIF IV. The official final-close source and fund-attributed current North American rail investment support adding the commercially distinct fourth flagship fund under the existing Brookfield manager.","CREATE","https://bam.brookfield.com/press-releases/brookfield-closes-20-billion-infrastructure-fund | https://www.brookfield.com/about-us/investments/genesee-wyoming"
"ADD-011","CREATE","Brookfield Asset Management","Brookfield","—","—","Brookfield Infrastructure Fund IV","HIGH","NAMED_FUND","CLOSED_ACTIVE","VERIFIED_CURRENT_NA_HOLDING: Genesee & Wyoming","DISCLOSED_USD_EQUIVALENT","$20.0B final close; structured USD size is at least $1B","sectors","—","Power & ET | Utilities | Digital | Midstream | Transportation","No repository row matches BIF IV. The official final-close source and fund-attributed current North American rail investment support adding the commercially distinct fourth flagship fund under the existing Brookfield manager.","CREATE","https://bam.brookfield.com/press-releases/brookfield-closes-20-billion-infrastructure-fund | https://www.brookfield.com/about-us/investments/genesee-wyoming"
"ADD-011","CREATE","Brookfield Asset Management","Brookfield","—","—","Brookfield Infrastructure Fund IV","HIGH","NAMED_FUND","CLOSED_ACTIVE","VERIFIED_CURRENT_NA_HOLDING: Genesee & Wyoming","DISCLOSED_USD_EQUIVALENT","$20.0B final close; structured USD size is at least $1B","regions","—","North America | Global","No repository row matches BIF IV. The official final-close source and fund-attributed current North American rail investment support adding the commercially distinct fourth flagship fund under the existing Brookfield manager.","CREATE","https://bam.brookfield.com/press-releases/brookfield-closes-20-billion-infrastructure-fund | https://www.brookfield.com/about-us/investments/genesee-wyoming"
"ADD-011","CREATE","Brookfield Asset Management","Brookfield","—","—","Brookfield Infrastructure Fund IV","HIGH","NAMED_FUND","CLOSED_ACTIVE","VERIFIED_CURRENT_NA_HOLDING: Genesee & Wyoming","DISCLOSED_USD_EQUIVALENT","$20.0B final close; structured USD size is at least $1B","sourceUrls","—","https://bam.brookfield.com/press-releases/brookfield-closes-20-billion-infrastructure-fund | https://www.brookfield.com/about-us/investments/genesee-wyoming","No repository row matches BIF IV. The official final-close source and fund-attributed current North American rail investment support adding the commercially distinct fourth flagship fund under the existing Brookfield manager.","CREATE","https://bam.brookfield.com/press-releases/brookfield-closes-20-billion-infrastructure-fund | https://www.brookfield.com/about-us/investments/genesee-wyoming"
"ADD-011","CREATE","Brookfield Asset Management","Brookfield","—","—","Brookfield Infrastructure Fund IV","HIGH","NAMED_FUND","CLOSED_ACTIVE","VERIFIED_CURRENT_NA_HOLDING: Genesee & Wyoming","DISCLOSED_USD_EQUIVALENT","$20.0B final close; structured USD size is at least $1B","strategyUrl","—","https://www.brookfield.com/our-businesses/infrastructure","No repository row matches BIF IV. The official final-close source and fund-attributed current North American rail investment support adding the commercially distinct fourth flagship fund under the existing Brookfield manager.","CREATE","https://bam.brookfield.com/press-releases/brookfield-closes-20-billion-infrastructure-fund | https://www.brookfield.com/about-us/investments/genesee-wyoming"
"ADD-012","CREATE","Copenhagen Infrastructure Partners","Copenhagen Infrastructure Partners","—","—","Copenhagen Infrastructure Advanced Bioenergy Fund II (CI ABF II)","HIGH","NAMED_FUND","RAISING","EXPLICIT_NA_MANDATE","NATIVE_EUR_GBP_BILLION_SCALE_INDICATION","€1.5B target; disclosed EUR/GBP billion-scale amount indicates at least $1B without asserting a USD conversion","managerName","—","Copenhagen Infrastructure Partners","No repository row matches this commercially distinct current fund under the known canonical manager; official fund-specific evidence supports inclusion as a proposed new census record.","CREATE","https://www.cip.com/funds/advanced-bioenergy-funds/"
"ADD-012","CREATE","Copenhagen Infrastructure Partners","Copenhagen Infrastructure Partners","—","—","Copenhagen Infrastructure Advanced Bioenergy Fund II (CI ABF II)","HIGH","NAMED_FUND","RAISING","EXPLICIT_NA_MANDATE","NATIVE_EUR_GBP_BILLION_SCALE_INDICATION","€1.5B target; disclosed EUR/GBP billion-scale amount indicates at least $1B without asserting a USD conversion","fundName","—","Copenhagen Infrastructure Advanced Bioenergy Fund II (CI ABF II)","No repository row matches this commercially distinct current fund under the known canonical manager; official fund-specific evidence supports inclusion as a proposed new census record.","CREATE","https://www.cip.com/funds/advanced-bioenergy-funds/"
"ADD-012","CREATE","Copenhagen Infrastructure Partners","Copenhagen Infrastructure Partners","—","—","Copenhagen Infrastructure Advanced Bioenergy Fund II (CI ABF II)","HIGH","NAMED_FUND","RAISING","EXPLICIT_NA_MANDATE","NATIVE_EUR_GBP_BILLION_SCALE_INDICATION","€1.5B target; disclosed EUR/GBP billion-scale amount indicates at least $1B without asserting a USD conversion","ticker","—","—","No repository row matches this commercially distinct current fund under the known canonical manager; official fund-specific evidence supports inclusion as a proposed new census record.","CREATE","https://www.cip.com/funds/advanced-bioenergy-funds/"
"ADD-012","CREATE","Copenhagen Infrastructure Partners","Copenhagen Infrastructure Partners","—","—","Copenhagen Infrastructure Advanced Bioenergy Fund II (CI ABF II)","HIGH","NAMED_FUND","RAISING","EXPLICIT_NA_MANDATE","NATIVE_EUR_GBP_BILLION_SCALE_INDICATION","€1.5B target; disclosed EUR/GBP billion-scale amount indicates at least $1B without asserting a USD conversion","investmentStrategy","—","Raising direct-equity advanced-bioenergy infrastructure fund targeting biomethane and advanced biofuels from waste feedstocks in Europe and North America.","No repository row matches this commercially distinct current fund under the known canonical manager; official fund-specific evidence supports inclusion as a proposed new census record.","CREATE","https://www.cip.com/funds/advanced-bioenergy-funds/"
"ADD-012","CREATE","Copenhagen Infrastructure Partners","Copenhagen Infrastructure Partners","—","—","Copenhagen Infrastructure Advanced Bioenergy Fund II (CI ABF II)","HIGH","NAMED_FUND","RAISING","EXPLICIT_NA_MANDATE","NATIVE_EUR_GBP_BILLION_SCALE_INDICATION","€1.5B target; disclosed EUR/GBP billion-scale amount indicates at least $1B without asserting a USD conversion","size","—","€1.5B target","No repository row matches this commercially distinct current fund under the known canonical manager; official fund-specific evidence supports inclusion as a proposed new census record.","CREATE","https://www.cip.com/funds/advanced-bioenergy-funds/"
"ADD-012","CREATE","Copenhagen Infrastructure Partners","Copenhagen Infrastructure Partners","—","—","Copenhagen Infrastructure Advanced Bioenergy Fund II (CI ABF II)","HIGH","NAMED_FUND","RAISING","EXPLICIT_NA_MANDATE","NATIVE_EUR_GBP_BILLION_SCALE_INDICATION","€1.5B target; disclosed EUR/GBP billion-scale amount indicates at least $1B without asserting a USD conversion","sizeUsdMm","—","—","No repository row matches this commercially distinct current fund under the known canonical manager; official fund-specific evidence supports inclusion as a proposed new census record.","CREATE","https://www.cip.com/funds/advanced-bioenergy-funds/"
"ADD-012","CREATE","Copenhagen Infrastructure Partners","Copenhagen Infrastructure Partners","—","—","Copenhagen Infrastructure Advanced Bioenergy Fund II (CI ABF II)","HIGH","NAMED_FUND","RAISING","EXPLICIT_NA_MANDATE","NATIVE_EUR_GBP_BILLION_SCALE_INDICATION","€1.5B target; disclosed EUR/GBP billion-scale amount indicates at least $1B without asserting a USD conversion","sizeNativeCurrency","—","—","No repository row matches this commercially distinct current fund under the known canonical manager; official fund-specific evidence supports inclusion as a proposed new census record.","CREATE","https://www.cip.com/funds/advanced-bioenergy-funds/"
"ADD-012","CREATE","Copenhagen Infrastructure Partners","Copenhagen Infrastructure Partners","—","—","Copenhagen Infrastructure Advanced Bioenergy Fund II (CI ABF II)","HIGH","NAMED_FUND","RAISING","EXPLICIT_NA_MANDATE","NATIVE_EUR_GBP_BILLION_SCALE_INDICATION","€1.5B target; disclosed EUR/GBP billion-scale amount indicates at least $1B without asserting a USD conversion","sizeNativeAmount","—","—","No repository row matches this commercially distinct current fund under the known canonical manager; official fund-specific evidence supports inclusion as a proposed new census record.","CREATE","https://www.cip.com/funds/advanced-bioenergy-funds/"
"ADD-012","CREATE","Copenhagen Infrastructure Partners","Copenhagen Infrastructure Partners","—","—","Copenhagen Infrastructure Advanced Bioenergy Fund II (CI ABF II)","HIGH","NAMED_FUND","RAISING","EXPLICIT_NA_MANDATE","NATIVE_EUR_GBP_BILLION_SCALE_INDICATION","€1.5B target; disclosed EUR/GBP billion-scale amount indicates at least $1B without asserting a USD conversion","sizeBasis","—","—","No repository row matches this commercially distinct current fund under the known canonical manager; official fund-specific evidence supports inclusion as a proposed new census record.","CREATE","https://www.cip.com/funds/advanced-bioenergy-funds/"
"ADD-012","CREATE","Copenhagen Infrastructure Partners","Copenhagen Infrastructure Partners","—","—","Copenhagen Infrastructure Advanced Bioenergy Fund II (CI ABF II)","HIGH","NAMED_FUND","RAISING","EXPLICIT_NA_MANDATE","NATIVE_EUR_GBP_BILLION_SCALE_INDICATION","€1.5B target; disclosed EUR/GBP billion-scale amount indicates at least $1B without asserting a USD conversion","sizeAsOf","—","—","No repository row matches this commercially distinct current fund under the known canonical manager; official fund-specific evidence supports inclusion as a proposed new census record.","CREATE","https://www.cip.com/funds/advanced-bioenergy-funds/"
"ADD-012","CREATE","Copenhagen Infrastructure Partners","Copenhagen Infrastructure Partners","—","—","Copenhagen Infrastructure Advanced Bioenergy Fund II (CI ABF II)","HIGH","NAMED_FUND","RAISING","EXPLICIT_NA_MANDATE","NATIVE_EUR_GBP_BILLION_SCALE_INDICATION","€1.5B target; disclosed EUR/GBP billion-scale amount indicates at least $1B without asserting a USD conversion","sizeUsdFxRate","—","—","No repository row matches this commercially distinct current fund under the known canonical manager; official fund-specific evidence supports inclusion as a proposed new census record.","CREATE","https://www.cip.com/funds/advanced-bioenergy-funds/"
"ADD-012","CREATE","Copenhagen Infrastructure Partners","Copenhagen Infrastructure Partners","—","—","Copenhagen Infrastructure Advanced Bioenergy Fund II (CI ABF II)","HIGH","NAMED_FUND","RAISING","EXPLICIT_NA_MANDATE","NATIVE_EUR_GBP_BILLION_SCALE_INDICATION","€1.5B target; disclosed EUR/GBP billion-scale amount indicates at least $1B without asserting a USD conversion","sizeUsdFxDate","—","—","No repository row matches this commercially distinct current fund under the known canonical manager; official fund-specific evidence supports inclusion as a proposed new census record.","CREATE","https://www.cip.com/funds/advanced-bioenergy-funds/"
"ADD-012","CREATE","Copenhagen Infrastructure Partners","Copenhagen Infrastructure Partners","—","—","Copenhagen Infrastructure Advanced Bioenergy Fund II (CI ABF II)","HIGH","NAMED_FUND","RAISING","EXPLICIT_NA_MANDATE","NATIVE_EUR_GBP_BILLION_SCALE_INDICATION","€1.5B target; disclosed EUR/GBP billion-scale amount indicates at least $1B without asserting a USD conversion","vintage","—","2025","No repository row matches this commercially distinct current fund under the known canonical manager; official fund-specific evidence supports inclusion as a proposed new census record.","CREATE","https://www.cip.com/funds/advanced-bioenergy-funds/"
"ADD-012","CREATE","Copenhagen Infrastructure Partners","Copenhagen Infrastructure Partners","—","—","Copenhagen Infrastructure Advanced Bioenergy Fund II (CI ABF II)","HIGH","NAMED_FUND","RAISING","EXPLICIT_NA_MANDATE","NATIVE_EUR_GBP_BILLION_SCALE_INDICATION","€1.5B target; disclosed EUR/GBP billion-scale amount indicates at least $1B without asserting a USD conversion","strategies","—","Value-Add | Greenfield","No repository row matches this commercially distinct current fund under the known canonical manager; official fund-specific evidence supports inclusion as a proposed new census record.","CREATE","https://www.cip.com/funds/advanced-bioenergy-funds/"
"ADD-012","CREATE","Copenhagen Infrastructure Partners","Copenhagen Infrastructure Partners","—","—","Copenhagen Infrastructure Advanced Bioenergy Fund II (CI ABF II)","HIGH","NAMED_FUND","RAISING","EXPLICIT_NA_MANDATE","NATIVE_EUR_GBP_BILLION_SCALE_INDICATION","€1.5B target; disclosed EUR/GBP billion-scale amount indicates at least $1B without asserting a USD conversion","structure","—","Closed-End","No repository row matches this commercially distinct current fund under the known canonical manager; official fund-specific evidence supports inclusion as a proposed new census record.","CREATE","https://www.cip.com/funds/advanced-bioenergy-funds/"
"ADD-012","CREATE","Copenhagen Infrastructure Partners","Copenhagen Infrastructure Partners","—","—","Copenhagen Infrastructure Advanced Bioenergy Fund II (CI ABF II)","HIGH","NAMED_FUND","RAISING","EXPLICIT_NA_MANDATE","NATIVE_EUR_GBP_BILLION_SCALE_INDICATION","€1.5B target; disclosed EUR/GBP billion-scale amount indicates at least $1B without asserting a USD conversion","fundStatus","—","Raising","No repository row matches this commercially distinct current fund under the known canonical manager; official fund-specific evidence supports inclusion as a proposed new census record.","CREATE","https://www.cip.com/funds/advanced-bioenergy-funds/"
"ADD-012","CREATE","Copenhagen Infrastructure Partners","Copenhagen Infrastructure Partners","—","—","Copenhagen Infrastructure Advanced Bioenergy Fund II (CI ABF II)","HIGH","NAMED_FUND","RAISING","EXPLICIT_NA_MANDATE","NATIVE_EUR_GBP_BILLION_SCALE_INDICATION","€1.5B target; disclosed EUR/GBP billion-scale amount indicates at least $1B without asserting a USD conversion","sectors","—","Power & ET | Utilities | Midstream","No repository row matches this commercially distinct current fund under the known canonical manager; official fund-specific evidence supports inclusion as a proposed new census record.","CREATE","https://www.cip.com/funds/advanced-bioenergy-funds/"
"ADD-012","CREATE","Copenhagen Infrastructure Partners","Copenhagen Infrastructure Partners","—","—","Copenhagen Infrastructure Advanced Bioenergy Fund II (CI ABF II)","HIGH","NAMED_FUND","RAISING","EXPLICIT_NA_MANDATE","NATIVE_EUR_GBP_BILLION_SCALE_INDICATION","€1.5B target; disclosed EUR/GBP billion-scale amount indicates at least $1B without asserting a USD conversion","regions","—","North America | Global","No repository row matches this commercially distinct current fund under the known canonical manager; official fund-specific evidence supports inclusion as a proposed new census record.","CREATE","https://www.cip.com/funds/advanced-bioenergy-funds/"
"ADD-012","CREATE","Copenhagen Infrastructure Partners","Copenhagen Infrastructure Partners","—","—","Copenhagen Infrastructure Advanced Bioenergy Fund II (CI ABF II)","HIGH","NAMED_FUND","RAISING","EXPLICIT_NA_MANDATE","NATIVE_EUR_GBP_BILLION_SCALE_INDICATION","€1.5B target; disclosed EUR/GBP billion-scale amount indicates at least $1B without asserting a USD conversion","sourceUrls","—","https://www.cip.com/funds/advanced-bioenergy-funds/","No repository row matches this commercially distinct current fund under the known canonical manager; official fund-specific evidence supports inclusion as a proposed new census record.","CREATE","https://www.cip.com/funds/advanced-bioenergy-funds/"
"ADD-012","CREATE","Copenhagen Infrastructure Partners","Copenhagen Infrastructure Partners","—","—","Copenhagen Infrastructure Advanced Bioenergy Fund II (CI ABF II)","HIGH","NAMED_FUND","RAISING","EXPLICIT_NA_MANDATE","NATIVE_EUR_GBP_BILLION_SCALE_INDICATION","€1.5B target; disclosed EUR/GBP billion-scale amount indicates at least $1B without asserting a USD conversion","strategyUrl","—","https://www.cip.com/funds/advanced-bioenergy-funds/","No repository row matches this commercially distinct current fund under the known canonical manager; official fund-specific evidence supports inclusion as a proposed new census record.","CREATE","https://www.cip.com/funds/advanced-bioenergy-funds/"
"ADD-013","CREATE","Copenhagen Infrastructure Partners","Copenhagen Infrastructure Partners","—","—","Copenhagen Infrastructure Energy Transition Fund I (CI ETF I)","HIGH","NAMED_FUND","CLOSED_ACTIVE","EXPLICIT_NA_MANDATE","NATIVE_EUR_GBP_BILLION_SCALE_INDICATION","€3.0B final close; disclosed EUR/GBP billion-scale amount indicates at least $1B without asserting a USD conversion","managerName","—","Copenhagen Infrastructure Partners","No repository row matches this commercially distinct current fund under the known canonical manager; official fund-specific evidence supports inclusion as a proposed new census record.","CREATE","https://www.cip.com/funds/energy-transition-fund/ | https://www.cip.com/sustainability-related-disclosures/ci-etf-i-sustainability-related-disclosures/"
"ADD-013","CREATE","Copenhagen Infrastructure Partners","Copenhagen Infrastructure Partners","—","—","Copenhagen Infrastructure Energy Transition Fund I (CI ETF I)","HIGH","NAMED_FUND","CLOSED_ACTIVE","EXPLICIT_NA_MANDATE","NATIVE_EUR_GBP_BILLION_SCALE_INDICATION","€3.0B final close; disclosed EUR/GBP billion-scale amount indicates at least $1B without asserting a USD conversion","fundName","—","Copenhagen Infrastructure Energy Transition Fund I (CI ETF I)","No repository row matches this commercially distinct current fund under the known canonical manager; official fund-specific evidence supports inclusion as a proposed new census record.","CREATE","https://www.cip.com/funds/energy-transition-fund/ | https://www.cip.com/sustainability-related-disclosures/ci-etf-i-sustainability-related-disclosures/"
"ADD-013","CREATE","Copenhagen Infrastructure Partners","Copenhagen Infrastructure Partners","—","—","Copenhagen Infrastructure Energy Transition Fund I (CI ETF I)","HIGH","NAMED_FUND","CLOSED_ACTIVE","EXPLICIT_NA_MANDATE","NATIVE_EUR_GBP_BILLION_SCALE_INDICATION","€3.0B final close; disclosed EUR/GBP billion-scale amount indicates at least $1B without asserting a USD conversion","ticker","—","—","No repository row matches this commercially distinct current fund under the known canonical manager; official fund-specific evidence supports inclusion as a proposed new census record.","CREATE","https://www.cip.com/funds/energy-transition-fund/ | https://www.cip.com/sustainability-related-disclosures/ci-etf-i-sustainability-related-disclosures/"
"ADD-013","CREATE","Copenhagen Infrastructure Partners","Copenhagen Infrastructure Partners","—","—","Copenhagen Infrastructure Energy Transition Fund I (CI ETF I)","HIGH","NAMED_FUND","CLOSED_ACTIVE","EXPLICIT_NA_MANDATE","NATIVE_EUR_GBP_BILLION_SCALE_INDICATION","€3.0B final close; disclosed EUR/GBP billion-scale amount indicates at least $1B without asserting a USD conversion","investmentStrategy","—","Closed-end direct-equity greenfield energy-transition fund investing in industrial-scale Power-to-X, clean hydrogen, advanced biofuels, carbon capture and related infrastructure in North America and other developed markets.","No repository row matches this commercially distinct current fund under the known canonical manager; official fund-specific evidence supports inclusion as a proposed new census record.","CREATE","https://www.cip.com/funds/energy-transition-fund/ | https://www.cip.com/sustainability-related-disclosures/ci-etf-i-sustainability-related-disclosures/"
"ADD-013","CREATE","Copenhagen Infrastructure Partners","Copenhagen Infrastructure Partners","—","—","Copenhagen Infrastructure Energy Transition Fund I (CI ETF I)","HIGH","NAMED_FUND","CLOSED_ACTIVE","EXPLICIT_NA_MANDATE","NATIVE_EUR_GBP_BILLION_SCALE_INDICATION","€3.0B final close; disclosed EUR/GBP billion-scale amount indicates at least $1B without asserting a USD conversion","size","—","€3.0B final close","No repository row matches this commercially distinct current fund under the known canonical manager; official fund-specific evidence supports inclusion as a proposed new census record.","CREATE","https://www.cip.com/funds/energy-transition-fund/ | https://www.cip.com/sustainability-related-disclosures/ci-etf-i-sustainability-related-disclosures/"
"ADD-013","CREATE","Copenhagen Infrastructure Partners","Copenhagen Infrastructure Partners","—","—","Copenhagen Infrastructure Energy Transition Fund I (CI ETF I)","HIGH","NAMED_FUND","CLOSED_ACTIVE","EXPLICIT_NA_MANDATE","NATIVE_EUR_GBP_BILLION_SCALE_INDICATION","€3.0B final close; disclosed EUR/GBP billion-scale amount indicates at least $1B without asserting a USD conversion","sizeUsdMm","—","—","No repository row matches this commercially distinct current fund under the known canonical manager; official fund-specific evidence supports inclusion as a proposed new census record.","CREATE","https://www.cip.com/funds/energy-transition-fund/ | https://www.cip.com/sustainability-related-disclosures/ci-etf-i-sustainability-related-disclosures/"
"ADD-013","CREATE","Copenhagen Infrastructure Partners","Copenhagen Infrastructure Partners","—","—","Copenhagen Infrastructure Energy Transition Fund I (CI ETF I)","HIGH","NAMED_FUND","CLOSED_ACTIVE","EXPLICIT_NA_MANDATE","NATIVE_EUR_GBP_BILLION_SCALE_INDICATION","€3.0B final close; disclosed EUR/GBP billion-scale amount indicates at least $1B without asserting a USD conversion","sizeNativeCurrency","—","—","No repository row matches this commercially distinct current fund under the known canonical manager; official fund-specific evidence supports inclusion as a proposed new census record.","CREATE","https://www.cip.com/funds/energy-transition-fund/ | https://www.cip.com/sustainability-related-disclosures/ci-etf-i-sustainability-related-disclosures/"
"ADD-013","CREATE","Copenhagen Infrastructure Partners","Copenhagen Infrastructure Partners","—","—","Copenhagen Infrastructure Energy Transition Fund I (CI ETF I)","HIGH","NAMED_FUND","CLOSED_ACTIVE","EXPLICIT_NA_MANDATE","NATIVE_EUR_GBP_BILLION_SCALE_INDICATION","€3.0B final close; disclosed EUR/GBP billion-scale amount indicates at least $1B without asserting a USD conversion","sizeNativeAmount","—","—","No repository row matches this commercially distinct current fund under the known canonical manager; official fund-specific evidence supports inclusion as a proposed new census record.","CREATE","https://www.cip.com/funds/energy-transition-fund/ | https://www.cip.com/sustainability-related-disclosures/ci-etf-i-sustainability-related-disclosures/"
"ADD-013","CREATE","Copenhagen Infrastructure Partners","Copenhagen Infrastructure Partners","—","—","Copenhagen Infrastructure Energy Transition Fund I (CI ETF I)","HIGH","NAMED_FUND","CLOSED_ACTIVE","EXPLICIT_NA_MANDATE","NATIVE_EUR_GBP_BILLION_SCALE_INDICATION","€3.0B final close; disclosed EUR/GBP billion-scale amount indicates at least $1B without asserting a USD conversion","sizeBasis","—","—","No repository row matches this commercially distinct current fund under the known canonical manager; official fund-specific evidence supports inclusion as a proposed new census record.","CREATE","https://www.cip.com/funds/energy-transition-fund/ | https://www.cip.com/sustainability-related-disclosures/ci-etf-i-sustainability-related-disclosures/"
"ADD-013","CREATE","Copenhagen Infrastructure Partners","Copenhagen Infrastructure Partners","—","—","Copenhagen Infrastructure Energy Transition Fund I (CI ETF I)","HIGH","NAMED_FUND","CLOSED_ACTIVE","EXPLICIT_NA_MANDATE","NATIVE_EUR_GBP_BILLION_SCALE_INDICATION","€3.0B final close; disclosed EUR/GBP billion-scale amount indicates at least $1B without asserting a USD conversion","sizeAsOf","—","—","No repository row matches this commercially distinct current fund under the known canonical manager; official fund-specific evidence supports inclusion as a proposed new census record.","CREATE","https://www.cip.com/funds/energy-transition-fund/ | https://www.cip.com/sustainability-related-disclosures/ci-etf-i-sustainability-related-disclosures/"
"ADD-013","CREATE","Copenhagen Infrastructure Partners","Copenhagen Infrastructure Partners","—","—","Copenhagen Infrastructure Energy Transition Fund I (CI ETF I)","HIGH","NAMED_FUND","CLOSED_ACTIVE","EXPLICIT_NA_MANDATE","NATIVE_EUR_GBP_BILLION_SCALE_INDICATION","€3.0B final close; disclosed EUR/GBP billion-scale amount indicates at least $1B without asserting a USD conversion","sizeUsdFxRate","—","—","No repository row matches this commercially distinct current fund under the known canonical manager; official fund-specific evidence supports inclusion as a proposed new census record.","CREATE","https://www.cip.com/funds/energy-transition-fund/ | https://www.cip.com/sustainability-related-disclosures/ci-etf-i-sustainability-related-disclosures/"
"ADD-013","CREATE","Copenhagen Infrastructure Partners","Copenhagen Infrastructure Partners","—","—","Copenhagen Infrastructure Energy Transition Fund I (CI ETF I)","HIGH","NAMED_FUND","CLOSED_ACTIVE","EXPLICIT_NA_MANDATE","NATIVE_EUR_GBP_BILLION_SCALE_INDICATION","€3.0B final close; disclosed EUR/GBP billion-scale amount indicates at least $1B without asserting a USD conversion","sizeUsdFxDate","—","—","No repository row matches this commercially distinct current fund under the known canonical manager; official fund-specific evidence supports inclusion as a proposed new census record.","CREATE","https://www.cip.com/funds/energy-transition-fund/ | https://www.cip.com/sustainability-related-disclosures/ci-etf-i-sustainability-related-disclosures/"
"ADD-013","CREATE","Copenhagen Infrastructure Partners","Copenhagen Infrastructure Partners","—","—","Copenhagen Infrastructure Energy Transition Fund I (CI ETF I)","HIGH","NAMED_FUND","CLOSED_ACTIVE","EXPLICIT_NA_MANDATE","NATIVE_EUR_GBP_BILLION_SCALE_INDICATION","€3.0B final close; disclosed EUR/GBP billion-scale amount indicates at least $1B without asserting a USD conversion","vintage","—","2021","No repository row matches this commercially distinct current fund under the known canonical manager; official fund-specific evidence supports inclusion as a proposed new census record.","CREATE","https://www.cip.com/funds/energy-transition-fund/ | https://www.cip.com/sustainability-related-disclosures/ci-etf-i-sustainability-related-disclosures/"
"ADD-013","CREATE","Copenhagen Infrastructure Partners","Copenhagen Infrastructure Partners","—","—","Copenhagen Infrastructure Energy Transition Fund I (CI ETF I)","HIGH","NAMED_FUND","CLOSED_ACTIVE","EXPLICIT_NA_MANDATE","NATIVE_EUR_GBP_BILLION_SCALE_INDICATION","€3.0B final close; disclosed EUR/GBP billion-scale amount indicates at least $1B without asserting a USD conversion","strategies","—","Value-Add | Greenfield","No repository row matches this commercially distinct current fund under the known canonical manager; official fund-specific evidence supports inclusion as a proposed new census record.","CREATE","https://www.cip.com/funds/energy-transition-fund/ | https://www.cip.com/sustainability-related-disclosures/ci-etf-i-sustainability-related-disclosures/"
"ADD-013","CREATE","Copenhagen Infrastructure Partners","Copenhagen Infrastructure Partners","—","—","Copenhagen Infrastructure Energy Transition Fund I (CI ETF I)","HIGH","NAMED_FUND","CLOSED_ACTIVE","EXPLICIT_NA_MANDATE","NATIVE_EUR_GBP_BILLION_SCALE_INDICATION","€3.0B final close; disclosed EUR/GBP billion-scale amount indicates at least $1B without asserting a USD conversion","structure","—","Closed-End","No repository row matches this commercially distinct current fund under the known canonical manager; official fund-specific evidence supports inclusion as a proposed new census record.","CREATE","https://www.cip.com/funds/energy-transition-fund/ | https://www.cip.com/sustainability-related-disclosures/ci-etf-i-sustainability-related-disclosures/"
"ADD-013","CREATE","Copenhagen Infrastructure Partners","Copenhagen Infrastructure Partners","—","—","Copenhagen Infrastructure Energy Transition Fund I (CI ETF I)","HIGH","NAMED_FUND","CLOSED_ACTIVE","EXPLICIT_NA_MANDATE","NATIVE_EUR_GBP_BILLION_SCALE_INDICATION","€3.0B final close; disclosed EUR/GBP billion-scale amount indicates at least $1B without asserting a USD conversion","fundStatus","—","Financial Close","No repository row matches this commercially distinct current fund under the known canonical manager; official fund-specific evidence supports inclusion as a proposed new census record.","CREATE","https://www.cip.com/funds/energy-transition-fund/ | https://www.cip.com/sustainability-related-disclosures/ci-etf-i-sustainability-related-disclosures/"
"ADD-013","CREATE","Copenhagen Infrastructure Partners","Copenhagen Infrastructure Partners","—","—","Copenhagen Infrastructure Energy Transition Fund I (CI ETF I)","HIGH","NAMED_FUND","CLOSED_ACTIVE","EXPLICIT_NA_MANDATE","NATIVE_EUR_GBP_BILLION_SCALE_INDICATION","€3.0B final close; disclosed EUR/GBP billion-scale amount indicates at least $1B without asserting a USD conversion","sectors","—","Power & ET | Utilities | Midstream | Transportation","No repository row matches this commercially distinct current fund under the known canonical manager; official fund-specific evidence supports inclusion as a proposed new census record.","CREATE","https://www.cip.com/funds/energy-transition-fund/ | https://www.cip.com/sustainability-related-disclosures/ci-etf-i-sustainability-related-disclosures/"
"ADD-013","CREATE","Copenhagen Infrastructure Partners","Copenhagen Infrastructure Partners","—","—","Copenhagen Infrastructure Energy Transition Fund I (CI ETF I)","HIGH","NAMED_FUND","CLOSED_ACTIVE","EXPLICIT_NA_MANDATE","NATIVE_EUR_GBP_BILLION_SCALE_INDICATION","€3.0B final close; disclosed EUR/GBP billion-scale amount indicates at least $1B without asserting a USD conversion","regions","—","North America | Global","No repository row matches this commercially distinct current fund under the known canonical manager; official fund-specific evidence supports inclusion as a proposed new census record.","CREATE","https://www.cip.com/funds/energy-transition-fund/ | https://www.cip.com/sustainability-related-disclosures/ci-etf-i-sustainability-related-disclosures/"
"ADD-013","CREATE","Copenhagen Infrastructure Partners","Copenhagen Infrastructure Partners","—","—","Copenhagen Infrastructure Energy Transition Fund I (CI ETF I)","HIGH","NAMED_FUND","CLOSED_ACTIVE","EXPLICIT_NA_MANDATE","NATIVE_EUR_GBP_BILLION_SCALE_INDICATION","€3.0B final close; disclosed EUR/GBP billion-scale amount indicates at least $1B without asserting a USD conversion","sourceUrls","—","https://www.cip.com/funds/energy-transition-fund/ | https://www.cip.com/sustainability-related-disclosures/ci-etf-i-sustainability-related-disclosures/","No repository row matches this commercially distinct current fund under the known canonical manager; official fund-specific evidence supports inclusion as a proposed new census record.","CREATE","https://www.cip.com/funds/energy-transition-fund/ | https://www.cip.com/sustainability-related-disclosures/ci-etf-i-sustainability-related-disclosures/"
"ADD-013","CREATE","Copenhagen Infrastructure Partners","Copenhagen Infrastructure Partners","—","—","Copenhagen Infrastructure Energy Transition Fund I (CI ETF I)","HIGH","NAMED_FUND","CLOSED_ACTIVE","EXPLICIT_NA_MANDATE","NATIVE_EUR_GBP_BILLION_SCALE_INDICATION","€3.0B final close; disclosed EUR/GBP billion-scale amount indicates at least $1B without asserting a USD conversion","strategyUrl","—","https://www.cip.com/funds/energy-transition-fund/","No repository row matches this commercially distinct current fund under the known canonical manager; official fund-specific evidence supports inclusion as a proposed new census record.","CREATE","https://www.cip.com/funds/energy-transition-fund/ | https://www.cip.com/sustainability-related-disclosures/ci-etf-i-sustainability-related-disclosures/"
"ADD-014","CREATE","Copenhagen Infrastructure Partners","Copenhagen Infrastructure Partners","—","—","Copenhagen Infrastructure II (CI II)","HIGH","NAMED_FUND","CLOSED_ACTIVE","EXPLICIT_NA_MANDATE","NATIVE_EUR_GBP_BILLION_SCALE_INDICATION","€2.0B; disclosed EUR/GBP billion-scale amount indicates at least $1B without asserting a USD conversion","managerName","—","Copenhagen Infrastructure Partners","No repository row matches this commercially distinct current fund under the known canonical manager; official fund-specific evidence supports inclusion as a proposed new census record.","CREATE","https://www.cip.com/funds/flagship-funds/ | https://www.cip.com/sustainability-related-disclosures/ci-ii-sustainability-related-disclosures/"
"ADD-014","CREATE","Copenhagen Infrastructure Partners","Copenhagen Infrastructure Partners","—","—","Copenhagen Infrastructure II (CI II)","HIGH","NAMED_FUND","CLOSED_ACTIVE","EXPLICIT_NA_MANDATE","NATIVE_EUR_GBP_BILLION_SCALE_INDICATION","€2.0B; disclosed EUR/GBP billion-scale amount indicates at least $1B without asserting a USD conversion","fundName","—","Copenhagen Infrastructure II (CI II)","No repository row matches this commercially distinct current fund under the known canonical manager; official fund-specific evidence supports inclusion as a proposed new census record.","CREATE","https://www.cip.com/funds/flagship-funds/ | https://www.cip.com/sustainability-related-disclosures/ci-ii-sustainability-related-disclosures/"
"ADD-014","CREATE","Copenhagen Infrastructure Partners","Copenhagen Infrastructure Partners","—","—","Copenhagen Infrastructure II (CI II)","HIGH","NAMED_FUND","CLOSED_ACTIVE","EXPLICIT_NA_MANDATE","NATIVE_EUR_GBP_BILLION_SCALE_INDICATION","€2.0B; disclosed EUR/GBP billion-scale amount indicates at least $1B without asserting a USD conversion","ticker","—","—","No repository row matches this commercially distinct current fund under the known canonical manager; official fund-specific evidence supports inclusion as a proposed new census record.","CREATE","https://www.cip.com/funds/flagship-funds/ | https://www.cip.com/sustainability-related-disclosures/ci-ii-sustainability-related-disclosures/"
"ADD-014","CREATE","Copenhagen Infrastructure Partners","Copenhagen Infrastructure Partners","—","—","Copenhagen Infrastructure II (CI II)","HIGH","NAMED_FUND","CLOSED_ACTIVE","EXPLICIT_NA_MANDATE","NATIVE_EUR_GBP_BILLION_SCALE_INDICATION","€2.0B; disclosed EUR/GBP billion-scale amount indicates at least $1B without asserting a USD conversion","investmentStrategy","—","Closed-end flagship direct-equity fund investing in regulated and contracted renewable-energy infrastructure, including large-scale wind and solar assets in North America and other low-risk OECD markets.","No repository row matches this commercially distinct current fund under the known canonical manager; official fund-specific evidence supports inclusion as a proposed new census record.","CREATE","https://www.cip.com/funds/flagship-funds/ | https://www.cip.com/sustainability-related-disclosures/ci-ii-sustainability-related-disclosures/"
"ADD-014","CREATE","Copenhagen Infrastructure Partners","Copenhagen Infrastructure Partners","—","—","Copenhagen Infrastructure II (CI II)","HIGH","NAMED_FUND","CLOSED_ACTIVE","EXPLICIT_NA_MANDATE","NATIVE_EUR_GBP_BILLION_SCALE_INDICATION","€2.0B; disclosed EUR/GBP billion-scale amount indicates at least $1B without asserting a USD conversion","size","—","€2.0B","No repository row matches this commercially distinct current fund under the known canonical manager; official fund-specific evidence supports inclusion as a proposed new census record.","CREATE","https://www.cip.com/funds/flagship-funds/ | https://www.cip.com/sustainability-related-disclosures/ci-ii-sustainability-related-disclosures/"
"ADD-014","CREATE","Copenhagen Infrastructure Partners","Copenhagen Infrastructure Partners","—","—","Copenhagen Infrastructure II (CI II)","HIGH","NAMED_FUND","CLOSED_ACTIVE","EXPLICIT_NA_MANDATE","NATIVE_EUR_GBP_BILLION_SCALE_INDICATION","€2.0B; disclosed EUR/GBP billion-scale amount indicates at least $1B without asserting a USD conversion","sizeUsdMm","—","—","No repository row matches this commercially distinct current fund under the known canonical manager; official fund-specific evidence supports inclusion as a proposed new census record.","CREATE","https://www.cip.com/funds/flagship-funds/ | https://www.cip.com/sustainability-related-disclosures/ci-ii-sustainability-related-disclosures/"
"ADD-014","CREATE","Copenhagen Infrastructure Partners","Copenhagen Infrastructure Partners","—","—","Copenhagen Infrastructure II (CI II)","HIGH","NAMED_FUND","CLOSED_ACTIVE","EXPLICIT_NA_MANDATE","NATIVE_EUR_GBP_BILLION_SCALE_INDICATION","€2.0B; disclosed EUR/GBP billion-scale amount indicates at least $1B without asserting a USD conversion","sizeNativeCurrency","—","—","No repository row matches this commercially distinct current fund under the known canonical manager; official fund-specific evidence supports inclusion as a proposed new census record.","CREATE","https://www.cip.com/funds/flagship-funds/ | https://www.cip.com/sustainability-related-disclosures/ci-ii-sustainability-related-disclosures/"
"ADD-014","CREATE","Copenhagen Infrastructure Partners","Copenhagen Infrastructure Partners","—","—","Copenhagen Infrastructure II (CI II)","HIGH","NAMED_FUND","CLOSED_ACTIVE","EXPLICIT_NA_MANDATE","NATIVE_EUR_GBP_BILLION_SCALE_INDICATION","€2.0B; disclosed EUR/GBP billion-scale amount indicates at least $1B without asserting a USD conversion","sizeNativeAmount","—","—","No repository row matches this commercially distinct current fund under the known canonical manager; official fund-specific evidence supports inclusion as a proposed new census record.","CREATE","https://www.cip.com/funds/flagship-funds/ | https://www.cip.com/sustainability-related-disclosures/ci-ii-sustainability-related-disclosures/"
"ADD-014","CREATE","Copenhagen Infrastructure Partners","Copenhagen Infrastructure Partners","—","—","Copenhagen Infrastructure II (CI II)","HIGH","NAMED_FUND","CLOSED_ACTIVE","EXPLICIT_NA_MANDATE","NATIVE_EUR_GBP_BILLION_SCALE_INDICATION","€2.0B; disclosed EUR/GBP billion-scale amount indicates at least $1B without asserting a USD conversion","sizeBasis","—","—","No repository row matches this commercially distinct current fund under the known canonical manager; official fund-specific evidence supports inclusion as a proposed new census record.","CREATE","https://www.cip.com/funds/flagship-funds/ | https://www.cip.com/sustainability-related-disclosures/ci-ii-sustainability-related-disclosures/"
"ADD-014","CREATE","Copenhagen Infrastructure Partners","Copenhagen Infrastructure Partners","—","—","Copenhagen Infrastructure II (CI II)","HIGH","NAMED_FUND","CLOSED_ACTIVE","EXPLICIT_NA_MANDATE","NATIVE_EUR_GBP_BILLION_SCALE_INDICATION","€2.0B; disclosed EUR/GBP billion-scale amount indicates at least $1B without asserting a USD conversion","sizeAsOf","—","—","No repository row matches this commercially distinct current fund under the known canonical manager; official fund-specific evidence supports inclusion as a proposed new census record.","CREATE","https://www.cip.com/funds/flagship-funds/ | https://www.cip.com/sustainability-related-disclosures/ci-ii-sustainability-related-disclosures/"
"ADD-014","CREATE","Copenhagen Infrastructure Partners","Copenhagen Infrastructure Partners","—","—","Copenhagen Infrastructure II (CI II)","HIGH","NAMED_FUND","CLOSED_ACTIVE","EXPLICIT_NA_MANDATE","NATIVE_EUR_GBP_BILLION_SCALE_INDICATION","€2.0B; disclosed EUR/GBP billion-scale amount indicates at least $1B without asserting a USD conversion","sizeUsdFxRate","—","—","No repository row matches this commercially distinct current fund under the known canonical manager; official fund-specific evidence supports inclusion as a proposed new census record.","CREATE","https://www.cip.com/funds/flagship-funds/ | https://www.cip.com/sustainability-related-disclosures/ci-ii-sustainability-related-disclosures/"
"ADD-014","CREATE","Copenhagen Infrastructure Partners","Copenhagen Infrastructure Partners","—","—","Copenhagen Infrastructure II (CI II)","HIGH","NAMED_FUND","CLOSED_ACTIVE","EXPLICIT_NA_MANDATE","NATIVE_EUR_GBP_BILLION_SCALE_INDICATION","€2.0B; disclosed EUR/GBP billion-scale amount indicates at least $1B without asserting a USD conversion","sizeUsdFxDate","—","—","No repository row matches this commercially distinct current fund under the known canonical manager; official fund-specific evidence supports inclusion as a proposed new census record.","CREATE","https://www.cip.com/funds/flagship-funds/ | https://www.cip.com/sustainability-related-disclosures/ci-ii-sustainability-related-disclosures/"
"ADD-014","CREATE","Copenhagen Infrastructure Partners","Copenhagen Infrastructure Partners","—","—","Copenhagen Infrastructure II (CI II)","HIGH","NAMED_FUND","CLOSED_ACTIVE","EXPLICIT_NA_MANDATE","NATIVE_EUR_GBP_BILLION_SCALE_INDICATION","€2.0B; disclosed EUR/GBP billion-scale amount indicates at least $1B without asserting a USD conversion","vintage","—","2014","No repository row matches this commercially distinct current fund under the known canonical manager; official fund-specific evidence supports inclusion as a proposed new census record.","CREATE","https://www.cip.com/funds/flagship-funds/ | https://www.cip.com/sustainability-related-disclosures/ci-ii-sustainability-related-disclosures/"
"ADD-014","CREATE","Copenhagen Infrastructure Partners","Copenhagen Infrastructure Partners","—","—","Copenhagen Infrastructure II (CI II)","HIGH","NAMED_FUND","CLOSED_ACTIVE","EXPLICIT_NA_MANDATE","NATIVE_EUR_GBP_BILLION_SCALE_INDICATION","€2.0B; disclosed EUR/GBP billion-scale amount indicates at least $1B without asserting a USD conversion","strategies","—","Core-Plus | Greenfield","No repository row matches this commercially distinct current fund under the known canonical manager; official fund-specific evidence supports inclusion as a proposed new census record.","CREATE","https://www.cip.com/funds/flagship-funds/ | https://www.cip.com/sustainability-related-disclosures/ci-ii-sustainability-related-disclosures/"
"ADD-014","CREATE","Copenhagen Infrastructure Partners","Copenhagen Infrastructure Partners","—","—","Copenhagen Infrastructure II (CI II)","HIGH","NAMED_FUND","CLOSED_ACTIVE","EXPLICIT_NA_MANDATE","NATIVE_EUR_GBP_BILLION_SCALE_INDICATION","€2.0B; disclosed EUR/GBP billion-scale amount indicates at least $1B without asserting a USD conversion","structure","—","Closed-End","No repository row matches this commercially distinct current fund under the known canonical manager; official fund-specific evidence supports inclusion as a proposed new census record.","CREATE","https://www.cip.com/funds/flagship-funds/ | https://www.cip.com/sustainability-related-disclosures/ci-ii-sustainability-related-disclosures/"
"ADD-014","CREATE","Copenhagen Infrastructure Partners","Copenhagen Infrastructure Partners","—","—","Copenhagen Infrastructure II (CI II)","HIGH","NAMED_FUND","CLOSED_ACTIVE","EXPLICIT_NA_MANDATE","NATIVE_EUR_GBP_BILLION_SCALE_INDICATION","€2.0B; disclosed EUR/GBP billion-scale amount indicates at least $1B without asserting a USD conversion","fundStatus","—","Financial Close","No repository row matches this commercially distinct current fund under the known canonical manager; official fund-specific evidence supports inclusion as a proposed new census record.","CREATE","https://www.cip.com/funds/flagship-funds/ | https://www.cip.com/sustainability-related-disclosures/ci-ii-sustainability-related-disclosures/"
"ADD-014","CREATE","Copenhagen Infrastructure Partners","Copenhagen Infrastructure Partners","—","—","Copenhagen Infrastructure II (CI II)","HIGH","NAMED_FUND","CLOSED_ACTIVE","EXPLICIT_NA_MANDATE","NATIVE_EUR_GBP_BILLION_SCALE_INDICATION","€2.0B; disclosed EUR/GBP billion-scale amount indicates at least $1B without asserting a USD conversion","sectors","—","Power & ET | Utilities","No repository row matches this commercially distinct current fund under the known canonical manager; official fund-specific evidence supports inclusion as a proposed new census record.","CREATE","https://www.cip.com/funds/flagship-funds/ | https://www.cip.com/sustainability-related-disclosures/ci-ii-sustainability-related-disclosures/"
"ADD-014","CREATE","Copenhagen Infrastructure Partners","Copenhagen Infrastructure Partners","—","—","Copenhagen Infrastructure II (CI II)","HIGH","NAMED_FUND","CLOSED_ACTIVE","EXPLICIT_NA_MANDATE","NATIVE_EUR_GBP_BILLION_SCALE_INDICATION","€2.0B; disclosed EUR/GBP billion-scale amount indicates at least $1B without asserting a USD conversion","regions","—","North America | Global","No repository row matches this commercially distinct current fund under the known canonical manager; official fund-specific evidence supports inclusion as a proposed new census record.","CREATE","https://www.cip.com/funds/flagship-funds/ | https://www.cip.com/sustainability-related-disclosures/ci-ii-sustainability-related-disclosures/"
"ADD-014","CREATE","Copenhagen Infrastructure Partners","Copenhagen Infrastructure Partners","—","—","Copenhagen Infrastructure II (CI II)","HIGH","NAMED_FUND","CLOSED_ACTIVE","EXPLICIT_NA_MANDATE","NATIVE_EUR_GBP_BILLION_SCALE_INDICATION","€2.0B; disclosed EUR/GBP billion-scale amount indicates at least $1B without asserting a USD conversion","sourceUrls","—","https://www.cip.com/funds/flagship-funds/ | https://www.cip.com/sustainability-related-disclosures/ci-ii-sustainability-related-disclosures/","No repository row matches this commercially distinct current fund under the known canonical manager; official fund-specific evidence supports inclusion as a proposed new census record.","CREATE","https://www.cip.com/funds/flagship-funds/ | https://www.cip.com/sustainability-related-disclosures/ci-ii-sustainability-related-disclosures/"
"ADD-014","CREATE","Copenhagen Infrastructure Partners","Copenhagen Infrastructure Partners","—","—","Copenhagen Infrastructure II (CI II)","HIGH","NAMED_FUND","CLOSED_ACTIVE","EXPLICIT_NA_MANDATE","NATIVE_EUR_GBP_BILLION_SCALE_INDICATION","€2.0B; disclosed EUR/GBP billion-scale amount indicates at least $1B without asserting a USD conversion","strategyUrl","—","https://www.cip.com/funds/flagship-funds/","No repository row matches this commercially distinct current fund under the known canonical manager; official fund-specific evidence supports inclusion as a proposed new census record.","CREATE","https://www.cip.com/funds/flagship-funds/ | https://www.cip.com/sustainability-related-disclosures/ci-ii-sustainability-related-disclosures/"
"ADD-015","CREATE","Copenhagen Infrastructure Partners","Copenhagen Infrastructure Partners","—","—","Copenhagen Infrastructure III (CI III)","HIGH","NAMED_FUND","CLOSED_ACTIVE","EXPLICIT_NA_MANDATE","NATIVE_EUR_GBP_BILLION_SCALE_INDICATION","€3.5B final close; disclosed EUR/GBP billion-scale amount indicates at least $1B without asserting a USD conversion","managerName","—","Copenhagen Infrastructure Partners","No repository row matches this commercially distinct current fund under the known canonical manager; official fund-specific evidence supports inclusion as a proposed new census record.","CREATE","https://www.cip.com/funds/flagship-funds/ | https://www.cip.com/sustainability-related-disclosures/ci-iii-sustainability-related-disclosures/"
"ADD-015","CREATE","Copenhagen Infrastructure Partners","Copenhagen Infrastructure Partners","—","—","Copenhagen Infrastructure III (CI III)","HIGH","NAMED_FUND","CLOSED_ACTIVE","EXPLICIT_NA_MANDATE","NATIVE_EUR_GBP_BILLION_SCALE_INDICATION","€3.5B final close; disclosed EUR/GBP billion-scale amount indicates at least $1B without asserting a USD conversion","fundName","—","Copenhagen Infrastructure III (CI III)","No repository row matches this commercially distinct current fund under the known canonical manager; official fund-specific evidence supports inclusion as a proposed new census record.","CREATE","https://www.cip.com/funds/flagship-funds/ | https://www.cip.com/sustainability-related-disclosures/ci-iii-sustainability-related-disclosures/"
"ADD-015","CREATE","Copenhagen Infrastructure Partners","Copenhagen Infrastructure Partners","—","—","Copenhagen Infrastructure III (CI III)","HIGH","NAMED_FUND","CLOSED_ACTIVE","EXPLICIT_NA_MANDATE","NATIVE_EUR_GBP_BILLION_SCALE_INDICATION","€3.5B final close; disclosed EUR/GBP billion-scale amount indicates at least $1B without asserting a USD conversion","ticker","—","—","No repository row matches this commercially distinct current fund under the known canonical manager; official fund-specific evidence supports inclusion as a proposed new census record.","CREATE","https://www.cip.com/funds/flagship-funds/ | https://www.cip.com/sustainability-related-disclosures/ci-iii-sustainability-related-disclosures/"
"ADD-015","CREATE","Copenhagen Infrastructure Partners","Copenhagen Infrastructure Partners","—","—","Copenhagen Infrastructure III (CI III)","HIGH","NAMED_FUND","CLOSED_ACTIVE","EXPLICIT_NA_MANDATE","NATIVE_EUR_GBP_BILLION_SCALE_INDICATION","€3.5B final close; disclosed EUR/GBP billion-scale amount indicates at least $1B without asserting a USD conversion","investmentStrategy","—","Closed-end flagship direct-equity fund investing in large-scale offshore wind, onshore wind, solar, biomass, waste-to-energy, transmission and distribution, primarily in Northwestern Europe and North America.","No repository row matches this commercially distinct current fund under the known canonical manager; official fund-specific evidence supports inclusion as a proposed new census record.","CREATE","https://www.cip.com/funds/flagship-funds/ | https://www.cip.com/sustainability-related-disclosures/ci-iii-sustainability-related-disclosures/"
"ADD-015","CREATE","Copenhagen Infrastructure Partners","Copenhagen Infrastructure Partners","—","—","Copenhagen Infrastructure III (CI III)","HIGH","NAMED_FUND","CLOSED_ACTIVE","EXPLICIT_NA_MANDATE","NATIVE_EUR_GBP_BILLION_SCALE_INDICATION","€3.5B final close; disclosed EUR/GBP billion-scale amount indicates at least $1B without asserting a USD conversion","size","—","€3.5B final close","No repository row matches this commercially distinct current fund under the known canonical manager; official fund-specific evidence supports inclusion as a proposed new census record.","CREATE","https://www.cip.com/funds/flagship-funds/ | https://www.cip.com/sustainability-related-disclosures/ci-iii-sustainability-related-disclosures/"
"ADD-015","CREATE","Copenhagen Infrastructure Partners","Copenhagen Infrastructure Partners","—","—","Copenhagen Infrastructure III (CI III)","HIGH","NAMED_FUND","CLOSED_ACTIVE","EXPLICIT_NA_MANDATE","NATIVE_EUR_GBP_BILLION_SCALE_INDICATION","€3.5B final close; disclosed EUR/GBP billion-scale amount indicates at least $1B without asserting a USD conversion","sizeUsdMm","—","—","No repository row matches this commercially distinct current fund under the known canonical manager; official fund-specific evidence supports inclusion as a proposed new census record.","CREATE","https://www.cip.com/funds/flagship-funds/ | https://www.cip.com/sustainability-related-disclosures/ci-iii-sustainability-related-disclosures/"
"ADD-015","CREATE","Copenhagen Infrastructure Partners","Copenhagen Infrastructure Partners","—","—","Copenhagen Infrastructure III (CI III)","HIGH","NAMED_FUND","CLOSED_ACTIVE","EXPLICIT_NA_MANDATE","NATIVE_EUR_GBP_BILLION_SCALE_INDICATION","€3.5B final close; disclosed EUR/GBP billion-scale amount indicates at least $1B without asserting a USD conversion","sizeNativeCurrency","—","—","No repository row matches this commercially distinct current fund under the known canonical manager; official fund-specific evidence supports inclusion as a proposed new census record.","CREATE","https://www.cip.com/funds/flagship-funds/ | https://www.cip.com/sustainability-related-disclosures/ci-iii-sustainability-related-disclosures/"
"ADD-015","CREATE","Copenhagen Infrastructure Partners","Copenhagen Infrastructure Partners","—","—","Copenhagen Infrastructure III (CI III)","HIGH","NAMED_FUND","CLOSED_ACTIVE","EXPLICIT_NA_MANDATE","NATIVE_EUR_GBP_BILLION_SCALE_INDICATION","€3.5B final close; disclosed EUR/GBP billion-scale amount indicates at least $1B without asserting a USD conversion","sizeNativeAmount","—","—","No repository row matches this commercially distinct current fund under the known canonical manager; official fund-specific evidence supports inclusion as a proposed new census record.","CREATE","https://www.cip.com/funds/flagship-funds/ | https://www.cip.com/sustainability-related-disclosures/ci-iii-sustainability-related-disclosures/"
"ADD-015","CREATE","Copenhagen Infrastructure Partners","Copenhagen Infrastructure Partners","—","—","Copenhagen Infrastructure III (CI III)","HIGH","NAMED_FUND","CLOSED_ACTIVE","EXPLICIT_NA_MANDATE","NATIVE_EUR_GBP_BILLION_SCALE_INDICATION","€3.5B final close; disclosed EUR/GBP billion-scale amount indicates at least $1B without asserting a USD conversion","sizeBasis","—","—","No repository row matches this commercially distinct current fund under the known canonical manager; official fund-specific evidence supports inclusion as a proposed new census record.","CREATE","https://www.cip.com/funds/flagship-funds/ | https://www.cip.com/sustainability-related-disclosures/ci-iii-sustainability-related-disclosures/"
"ADD-015","CREATE","Copenhagen Infrastructure Partners","Copenhagen Infrastructure Partners","—","—","Copenhagen Infrastructure III (CI III)","HIGH","NAMED_FUND","CLOSED_ACTIVE","EXPLICIT_NA_MANDATE","NATIVE_EUR_GBP_BILLION_SCALE_INDICATION","€3.5B final close; disclosed EUR/GBP billion-scale amount indicates at least $1B without asserting a USD conversion","sizeAsOf","—","—","No repository row matches this commercially distinct current fund under the known canonical manager; official fund-specific evidence supports inclusion as a proposed new census record.","CREATE","https://www.cip.com/funds/flagship-funds/ | https://www.cip.com/sustainability-related-disclosures/ci-iii-sustainability-related-disclosures/"
"ADD-015","CREATE","Copenhagen Infrastructure Partners","Copenhagen Infrastructure Partners","—","—","Copenhagen Infrastructure III (CI III)","HIGH","NAMED_FUND","CLOSED_ACTIVE","EXPLICIT_NA_MANDATE","NATIVE_EUR_GBP_BILLION_SCALE_INDICATION","€3.5B final close; disclosed EUR/GBP billion-scale amount indicates at least $1B without asserting a USD conversion","sizeUsdFxRate","—","—","No repository row matches this commercially distinct current fund under the known canonical manager; official fund-specific evidence supports inclusion as a proposed new census record.","CREATE","https://www.cip.com/funds/flagship-funds/ | https://www.cip.com/sustainability-related-disclosures/ci-iii-sustainability-related-disclosures/"
"ADD-015","CREATE","Copenhagen Infrastructure Partners","Copenhagen Infrastructure Partners","—","—","Copenhagen Infrastructure III (CI III)","HIGH","NAMED_FUND","CLOSED_ACTIVE","EXPLICIT_NA_MANDATE","NATIVE_EUR_GBP_BILLION_SCALE_INDICATION","€3.5B final close; disclosed EUR/GBP billion-scale amount indicates at least $1B without asserting a USD conversion","sizeUsdFxDate","—","—","No repository row matches this commercially distinct current fund under the known canonical manager; official fund-specific evidence supports inclusion as a proposed new census record.","CREATE","https://www.cip.com/funds/flagship-funds/ | https://www.cip.com/sustainability-related-disclosures/ci-iii-sustainability-related-disclosures/"
"ADD-015","CREATE","Copenhagen Infrastructure Partners","Copenhagen Infrastructure Partners","—","—","Copenhagen Infrastructure III (CI III)","HIGH","NAMED_FUND","CLOSED_ACTIVE","EXPLICIT_NA_MANDATE","NATIVE_EUR_GBP_BILLION_SCALE_INDICATION","€3.5B final close; disclosed EUR/GBP billion-scale amount indicates at least $1B without asserting a USD conversion","vintage","—","2017","No repository row matches this commercially distinct current fund under the known canonical manager; official fund-specific evidence supports inclusion as a proposed new census record.","CREATE","https://www.cip.com/funds/flagship-funds/ | https://www.cip.com/sustainability-related-disclosures/ci-iii-sustainability-related-disclosures/"
"ADD-015","CREATE","Copenhagen Infrastructure Partners","Copenhagen Infrastructure Partners","—","—","Copenhagen Infrastructure III (CI III)","HIGH","NAMED_FUND","CLOSED_ACTIVE","EXPLICIT_NA_MANDATE","NATIVE_EUR_GBP_BILLION_SCALE_INDICATION","€3.5B final close; disclosed EUR/GBP billion-scale amount indicates at least $1B without asserting a USD conversion","strategies","—","Core-Plus | Greenfield","No repository row matches this commercially distinct current fund under the known canonical manager; official fund-specific evidence supports inclusion as a proposed new census record.","CREATE","https://www.cip.com/funds/flagship-funds/ | https://www.cip.com/sustainability-related-disclosures/ci-iii-sustainability-related-disclosures/"
"ADD-015","CREATE","Copenhagen Infrastructure Partners","Copenhagen Infrastructure Partners","—","—","Copenhagen Infrastructure III (CI III)","HIGH","NAMED_FUND","CLOSED_ACTIVE","EXPLICIT_NA_MANDATE","NATIVE_EUR_GBP_BILLION_SCALE_INDICATION","€3.5B final close; disclosed EUR/GBP billion-scale amount indicates at least $1B without asserting a USD conversion","structure","—","Closed-End","No repository row matches this commercially distinct current fund under the known canonical manager; official fund-specific evidence supports inclusion as a proposed new census record.","CREATE","https://www.cip.com/funds/flagship-funds/ | https://www.cip.com/sustainability-related-disclosures/ci-iii-sustainability-related-disclosures/"
"ADD-015","CREATE","Copenhagen Infrastructure Partners","Copenhagen Infrastructure Partners","—","—","Copenhagen Infrastructure III (CI III)","HIGH","NAMED_FUND","CLOSED_ACTIVE","EXPLICIT_NA_MANDATE","NATIVE_EUR_GBP_BILLION_SCALE_INDICATION","€3.5B final close; disclosed EUR/GBP billion-scale amount indicates at least $1B without asserting a USD conversion","fundStatus","—","Financial Close","No repository row matches this commercially distinct current fund under the known canonical manager; official fund-specific evidence supports inclusion as a proposed new census record.","CREATE","https://www.cip.com/funds/flagship-funds/ | https://www.cip.com/sustainability-related-disclosures/ci-iii-sustainability-related-disclosures/"
"ADD-015","CREATE","Copenhagen Infrastructure Partners","Copenhagen Infrastructure Partners","—","—","Copenhagen Infrastructure III (CI III)","HIGH","NAMED_FUND","CLOSED_ACTIVE","EXPLICIT_NA_MANDATE","NATIVE_EUR_GBP_BILLION_SCALE_INDICATION","€3.5B final close; disclosed EUR/GBP billion-scale amount indicates at least $1B without asserting a USD conversion","sectors","—","Power & ET | Utilities","No repository row matches this commercially distinct current fund under the known canonical manager; official fund-specific evidence supports inclusion as a proposed new census record.","CREATE","https://www.cip.com/funds/flagship-funds/ | https://www.cip.com/sustainability-related-disclosures/ci-iii-sustainability-related-disclosures/"
"ADD-015","CREATE","Copenhagen Infrastructure Partners","Copenhagen Infrastructure Partners","—","—","Copenhagen Infrastructure III (CI III)","HIGH","NAMED_FUND","CLOSED_ACTIVE","EXPLICIT_NA_MANDATE","NATIVE_EUR_GBP_BILLION_SCALE_INDICATION","€3.5B final close; disclosed EUR/GBP billion-scale amount indicates at least $1B without asserting a USD conversion","regions","—","North America | Global","No repository row matches this commercially distinct current fund under the known canonical manager; official fund-specific evidence supports inclusion as a proposed new census record.","CREATE","https://www.cip.com/funds/flagship-funds/ | https://www.cip.com/sustainability-related-disclosures/ci-iii-sustainability-related-disclosures/"
"ADD-015","CREATE","Copenhagen Infrastructure Partners","Copenhagen Infrastructure Partners","—","—","Copenhagen Infrastructure III (CI III)","HIGH","NAMED_FUND","CLOSED_ACTIVE","EXPLICIT_NA_MANDATE","NATIVE_EUR_GBP_BILLION_SCALE_INDICATION","€3.5B final close; disclosed EUR/GBP billion-scale amount indicates at least $1B without asserting a USD conversion","sourceUrls","—","https://www.cip.com/funds/flagship-funds/ | https://www.cip.com/sustainability-related-disclosures/ci-iii-sustainability-related-disclosures/","No repository row matches this commercially distinct current fund under the known canonical manager; official fund-specific evidence supports inclusion as a proposed new census record.","CREATE","https://www.cip.com/funds/flagship-funds/ | https://www.cip.com/sustainability-related-disclosures/ci-iii-sustainability-related-disclosures/"
"ADD-015","CREATE","Copenhagen Infrastructure Partners","Copenhagen Infrastructure Partners","—","—","Copenhagen Infrastructure III (CI III)","HIGH","NAMED_FUND","CLOSED_ACTIVE","EXPLICIT_NA_MANDATE","NATIVE_EUR_GBP_BILLION_SCALE_INDICATION","€3.5B final close; disclosed EUR/GBP billion-scale amount indicates at least $1B without asserting a USD conversion","strategyUrl","—","https://www.cip.com/funds/flagship-funds/","No repository row matches this commercially distinct current fund under the known canonical manager; official fund-specific evidence supports inclusion as a proposed new census record.","CREATE","https://www.cip.com/funds/flagship-funds/ | https://www.cip.com/sustainability-related-disclosures/ci-iii-sustainability-related-disclosures/"
"ADD-016","CREATE","DigitalBridge","DigitalBridge","—","—","DigitalBridge Partners II, LP","HIGH","NAMED_FUND","CLOSED_ACTIVE","VERIFIED_CURRENT_NA_HOLDING: Switch","DISCLOSED_USD_EQUIVALENT","$8.2B final close; structured USD size is at least $1B","managerName","—","DigitalBridge","No corresponding repository entry.","CREATE","https://www.digitalbridge.com/insights/news"
"ADD-016","CREATE","DigitalBridge","DigitalBridge","—","—","DigitalBridge Partners II, LP","HIGH","NAMED_FUND","CLOSED_ACTIVE","VERIFIED_CURRENT_NA_HOLDING: Switch","DISCLOSED_USD_EQUIVALENT","$8.2B final close; structured USD size is at least $1B","fundName","—","DigitalBridge Partners II, LP","No corresponding repository entry.","CREATE","https://www.digitalbridge.com/insights/news"
"ADD-016","CREATE","DigitalBridge","DigitalBridge","—","—","DigitalBridge Partners II, LP","HIGH","NAMED_FUND","CLOSED_ACTIVE","VERIFIED_CURRENT_NA_HOLDING: Switch","DISCLOSED_USD_EQUIVALENT","$8.2B final close; structured USD size is at least $1B","ticker","—","—","No corresponding repository entry.","CREATE","https://www.digitalbridge.com/insights/news"
"ADD-016","CREATE","DigitalBridge","DigitalBridge","—","—","DigitalBridge Partners II, LP","HIGH","NAMED_FUND","CLOSED_ACTIVE","VERIFIED_CURRENT_NA_HOLDING: Switch","DISCLOSED_USD_EQUIVALENT","$8.2B final close; structured USD size is at least $1B","investmentStrategy","—","Value-add digital infrastructure across data centers, fiber and towers.","No corresponding repository entry.","CREATE","https://www.digitalbridge.com/insights/news"
"ADD-016","CREATE","DigitalBridge","DigitalBridge","—","—","DigitalBridge Partners II, LP","HIGH","NAMED_FUND","CLOSED_ACTIVE","VERIFIED_CURRENT_NA_HOLDING: Switch","DISCLOSED_USD_EQUIVALENT","$8.2B final close; structured USD size is at least $1B","size","—","$8.2B final close","No corresponding repository entry.","CREATE","https://www.digitalbridge.com/insights/news"
"ADD-016","CREATE","DigitalBridge","DigitalBridge","—","—","DigitalBridge Partners II, LP","HIGH","NAMED_FUND","CLOSED_ACTIVE","VERIFIED_CURRENT_NA_HOLDING: Switch","DISCLOSED_USD_EQUIVALENT","$8.2B final close; structured USD size is at least $1B","sizeUsdMm","—","8200","No corresponding repository entry.","CREATE","https://www.digitalbridge.com/insights/news"
"ADD-016","CREATE","DigitalBridge","DigitalBridge","—","—","DigitalBridge Partners II, LP","HIGH","NAMED_FUND","CLOSED_ACTIVE","VERIFIED_CURRENT_NA_HOLDING: Switch","DISCLOSED_USD_EQUIVALENT","$8.2B final close; structured USD size is at least $1B","sizeNativeCurrency","—","USD","No corresponding repository entry.","CREATE","https://www.digitalbridge.com/insights/news"
"ADD-016","CREATE","DigitalBridge","DigitalBridge","—","—","DigitalBridge Partners II, LP","HIGH","NAMED_FUND","CLOSED_ACTIVE","VERIFIED_CURRENT_NA_HOLDING: Switch","DISCLOSED_USD_EQUIVALENT","$8.2B final close; structured USD size is at least $1B","sizeNativeAmount","—","8200000000","No corresponding repository entry.","CREATE","https://www.digitalbridge.com/insights/news"
"ADD-016","CREATE","DigitalBridge","DigitalBridge","—","—","DigitalBridge Partners II, LP","HIGH","NAMED_FUND","CLOSED_ACTIVE","VERIFIED_CURRENT_NA_HOLDING: Switch","DISCLOSED_USD_EQUIVALENT","$8.2B final close; structured USD size is at least $1B","sizeBasis","—","FINAL_CLOSE","No corresponding repository entry.","CREATE","https://www.digitalbridge.com/insights/news"
"ADD-016","CREATE","DigitalBridge","DigitalBridge","—","—","DigitalBridge Partners II, LP","HIGH","NAMED_FUND","CLOSED_ACTIVE","VERIFIED_CURRENT_NA_HOLDING: Switch","DISCLOSED_USD_EQUIVALENT","$8.2B final close; structured USD size is at least $1B","sizeAsOf","—","2021-07-01","No corresponding repository entry.","CREATE","https://www.digitalbridge.com/insights/news"
"ADD-016","CREATE","DigitalBridge","DigitalBridge","—","—","DigitalBridge Partners II, LP","HIGH","NAMED_FUND","CLOSED_ACTIVE","VERIFIED_CURRENT_NA_HOLDING: Switch","DISCLOSED_USD_EQUIVALENT","$8.2B final close; structured USD size is at least $1B","sizeUsdFxRate","—","—","No corresponding repository entry.","CREATE","https://www.digitalbridge.com/insights/news"
"ADD-016","CREATE","DigitalBridge","DigitalBridge","—","—","DigitalBridge Partners II, LP","HIGH","NAMED_FUND","CLOSED_ACTIVE","VERIFIED_CURRENT_NA_HOLDING: Switch","DISCLOSED_USD_EQUIVALENT","$8.2B final close; structured USD size is at least $1B","sizeUsdFxDate","—","—","No corresponding repository entry.","CREATE","https://www.digitalbridge.com/insights/news"
"ADD-016","CREATE","DigitalBridge","DigitalBridge","—","—","DigitalBridge Partners II, LP","HIGH","NAMED_FUND","CLOSED_ACTIVE","VERIFIED_CURRENT_NA_HOLDING: Switch","DISCLOSED_USD_EQUIVALENT","$8.2B final close; structured USD size is at least $1B","vintage","—","2019","No corresponding repository entry.","CREATE","https://www.digitalbridge.com/insights/news"
"ADD-016","CREATE","DigitalBridge","DigitalBridge","—","—","DigitalBridge Partners II, LP","HIGH","NAMED_FUND","CLOSED_ACTIVE","VERIFIED_CURRENT_NA_HOLDING: Switch","DISCLOSED_USD_EQUIVALENT","$8.2B final close; structured USD size is at least $1B","strategies","—","Value-Add","No corresponding repository entry.","CREATE","https://www.digitalbridge.com/insights/news"
"ADD-016","CREATE","DigitalBridge","DigitalBridge","—","—","DigitalBridge Partners II, LP","HIGH","NAMED_FUND","CLOSED_ACTIVE","VERIFIED_CURRENT_NA_HOLDING: Switch","DISCLOSED_USD_EQUIVALENT","$8.2B final close; structured USD size is at least $1B","structure","—","Closed-End","No corresponding repository entry.","CREATE","https://www.digitalbridge.com/insights/news"
"ADD-016","CREATE","DigitalBridge","DigitalBridge","—","—","DigitalBridge Partners II, LP","HIGH","NAMED_FUND","CLOSED_ACTIVE","VERIFIED_CURRENT_NA_HOLDING: Switch","DISCLOSED_USD_EQUIVALENT","$8.2B final close; structured USD size is at least $1B","fundStatus","—","Financial Close","No corresponding repository entry.","CREATE","https://www.digitalbridge.com/insights/news"
"ADD-016","CREATE","DigitalBridge","DigitalBridge","—","—","DigitalBridge Partners II, LP","HIGH","NAMED_FUND","CLOSED_ACTIVE","VERIFIED_CURRENT_NA_HOLDING: Switch","DISCLOSED_USD_EQUIVALENT","$8.2B final close; structured USD size is at least $1B","sectors","—","Digital","No corresponding repository entry.","CREATE","https://www.digitalbridge.com/insights/news"
"ADD-016","CREATE","DigitalBridge","DigitalBridge","—","—","DigitalBridge Partners II, LP","HIGH","NAMED_FUND","CLOSED_ACTIVE","VERIFIED_CURRENT_NA_HOLDING: Switch","DISCLOSED_USD_EQUIVALENT","$8.2B final close; structured USD size is at least $1B","regions","—","North America","No corresponding repository entry.","CREATE","https://www.digitalbridge.com/insights/news"
"ADD-016","CREATE","DigitalBridge","DigitalBridge","—","—","DigitalBridge Partners II, LP","HIGH","NAMED_FUND","CLOSED_ACTIVE","VERIFIED_CURRENT_NA_HOLDING: Switch","DISCLOSED_USD_EQUIVALENT","$8.2B final close; structured USD size is at least $1B","sourceUrls","—","https://www.digitalbridge.com/insights/news","No corresponding repository entry.","CREATE","https://www.digitalbridge.com/insights/news"
"ADD-016","CREATE","DigitalBridge","DigitalBridge","—","—","DigitalBridge Partners II, LP","HIGH","NAMED_FUND","CLOSED_ACTIVE","VERIFIED_CURRENT_NA_HOLDING: Switch","DISCLOSED_USD_EQUIVALENT","$8.2B final close; structured USD size is at least $1B","strategyUrl","—","https://www.digitalbridge.com/","No corresponding repository entry.","CREATE","https://www.digitalbridge.com/insights/news"
"ADD-017","CREATE","DigitalBridge","DigitalBridge","—","—","DigitalBridge Partners, LP","MEDIUM","NAMED_FUND","CLOSED_ACTIVE","VERIFIED_CURRENT_NA_HOLDING: Zayo","DISCLOSED_USD_EQUIVALENT","$4.05B final close; structured USD size is at least $1B","managerName","—","DigitalBridge","Missing from repository snapshot.","CREATE | MEDIUM_CONFIDENCE","https://www.digitalbridge.com/insights/news"
"ADD-017","CREATE","DigitalBridge","DigitalBridge","—","—","DigitalBridge Partners, LP","MEDIUM","NAMED_FUND","CLOSED_ACTIVE","VERIFIED_CURRENT_NA_HOLDING: Zayo","DISCLOSED_USD_EQUIVALENT","$4.05B final close; structured USD size is at least $1B","fundName","—","DigitalBridge Partners, LP","Missing from repository snapshot.","CREATE | MEDIUM_CONFIDENCE","https://www.digitalbridge.com/insights/news"
"ADD-017","CREATE","DigitalBridge","DigitalBridge","—","—","DigitalBridge Partners, LP","MEDIUM","NAMED_FUND","CLOSED_ACTIVE","VERIFIED_CURRENT_NA_HOLDING: Zayo","DISCLOSED_USD_EQUIVALENT","$4.05B final close; structured USD size is at least $1B","ticker","—","—","Missing from repository snapshot.","CREATE | MEDIUM_CONFIDENCE","https://www.digitalbridge.com/insights/news"
"ADD-017","CREATE","DigitalBridge","DigitalBridge","—","—","DigitalBridge Partners, LP","MEDIUM","NAMED_FUND","CLOSED_ACTIVE","VERIFIED_CURRENT_NA_HOLDING: Zayo","DISCLOSED_USD_EQUIVALENT","$4.05B final close; structured USD size is at least $1B","investmentStrategy","—","Value-add digital infrastructure across connectivity and data platforms.","Missing from repository snapshot.","CREATE | MEDIUM_CONFIDENCE","https://www.digitalbridge.com/insights/news"
"ADD-017","CREATE","DigitalBridge","DigitalBridge","—","—","DigitalBridge Partners, LP","MEDIUM","NAMED_FUND","CLOSED_ACTIVE","VERIFIED_CURRENT_NA_HOLDING: Zayo","DISCLOSED_USD_EQUIVALENT","$4.05B final close; structured USD size is at least $1B","size","—","$4.05B final close","Missing from repository snapshot.","CREATE | MEDIUM_CONFIDENCE","https://www.digitalbridge.com/insights/news"
"ADD-017","CREATE","DigitalBridge","DigitalBridge","—","—","DigitalBridge Partners, LP","MEDIUM","NAMED_FUND","CLOSED_ACTIVE","VERIFIED_CURRENT_NA_HOLDING: Zayo","DISCLOSED_USD_EQUIVALENT","$4.05B final close; structured USD size is at least $1B","sizeUsdMm","—","4050","Missing from repository snapshot.","CREATE | MEDIUM_CONFIDENCE","https://www.digitalbridge.com/insights/news"
"ADD-017","CREATE","DigitalBridge","DigitalBridge","—","—","DigitalBridge Partners, LP","MEDIUM","NAMED_FUND","CLOSED_ACTIVE","VERIFIED_CURRENT_NA_HOLDING: Zayo","DISCLOSED_USD_EQUIVALENT","$4.05B final close; structured USD size is at least $1B","sizeNativeCurrency","—","USD","Missing from repository snapshot.","CREATE | MEDIUM_CONFIDENCE","https://www.digitalbridge.com/insights/news"
"ADD-017","CREATE","DigitalBridge","DigitalBridge","—","—","DigitalBridge Partners, LP","MEDIUM","NAMED_FUND","CLOSED_ACTIVE","VERIFIED_CURRENT_NA_HOLDING: Zayo","DISCLOSED_USD_EQUIVALENT","$4.05B final close; structured USD size is at least $1B","sizeNativeAmount","—","4050000000","Missing from repository snapshot.","CREATE | MEDIUM_CONFIDENCE","https://www.digitalbridge.com/insights/news"
"ADD-017","CREATE","DigitalBridge","DigitalBridge","—","—","DigitalBridge Partners, LP","MEDIUM","NAMED_FUND","CLOSED_ACTIVE","VERIFIED_CURRENT_NA_HOLDING: Zayo","DISCLOSED_USD_EQUIVALENT","$4.05B final close; structured USD size is at least $1B","sizeBasis","—","FINAL_CLOSE","Missing from repository snapshot.","CREATE | MEDIUM_CONFIDENCE","https://www.digitalbridge.com/insights/news"
"ADD-017","CREATE","DigitalBridge","DigitalBridge","—","—","DigitalBridge Partners, LP","MEDIUM","NAMED_FUND","CLOSED_ACTIVE","VERIFIED_CURRENT_NA_HOLDING: Zayo","DISCLOSED_USD_EQUIVALENT","$4.05B final close; structured USD size is at least $1B","sizeAsOf","—","2019-05-01","Missing from repository snapshot.","CREATE | MEDIUM_CONFIDENCE","https://www.digitalbridge.com/insights/news"
"ADD-017","CREATE","DigitalBridge","DigitalBridge","—","—","DigitalBridge Partners, LP","MEDIUM","NAMED_FUND","CLOSED_ACTIVE","VERIFIED_CURRENT_NA_HOLDING: Zayo","DISCLOSED_USD_EQUIVALENT","$4.05B final close; structured USD size is at least $1B","sizeUsdFxRate","—","—","Missing from repository snapshot.","CREATE | MEDIUM_CONFIDENCE","https://www.digitalbridge.com/insights/news"
"ADD-017","CREATE","DigitalBridge","DigitalBridge","—","—","DigitalBridge Partners, LP","MEDIUM","NAMED_FUND","CLOSED_ACTIVE","VERIFIED_CURRENT_NA_HOLDING: Zayo","DISCLOSED_USD_EQUIVALENT","$4.05B final close; structured USD size is at least $1B","sizeUsdFxDate","—","—","Missing from repository snapshot.","CREATE | MEDIUM_CONFIDENCE","https://www.digitalbridge.com/insights/news"
"ADD-017","CREATE","DigitalBridge","DigitalBridge","—","—","DigitalBridge Partners, LP","MEDIUM","NAMED_FUND","CLOSED_ACTIVE","VERIFIED_CURRENT_NA_HOLDING: Zayo","DISCLOSED_USD_EQUIVALENT","$4.05B final close; structured USD size is at least $1B","vintage","—","2017","Missing from repository snapshot.","CREATE | MEDIUM_CONFIDENCE","https://www.digitalbridge.com/insights/news"
"ADD-017","CREATE","DigitalBridge","DigitalBridge","—","—","DigitalBridge Partners, LP","MEDIUM","NAMED_FUND","CLOSED_ACTIVE","VERIFIED_CURRENT_NA_HOLDING: Zayo","DISCLOSED_USD_EQUIVALENT","$4.05B final close; structured USD size is at least $1B","strategies","—","Value-Add","Missing from repository snapshot.","CREATE | MEDIUM_CONFIDENCE","https://www.digitalbridge.com/insights/news"
"ADD-017","CREATE","DigitalBridge","DigitalBridge","—","—","DigitalBridge Partners, LP","MEDIUM","NAMED_FUND","CLOSED_ACTIVE","VERIFIED_CURRENT_NA_HOLDING: Zayo","DISCLOSED_USD_EQUIVALENT","$4.05B final close; structured USD size is at least $1B","structure","—","Closed-End","Missing from repository snapshot.","CREATE | MEDIUM_CONFIDENCE","https://www.digitalbridge.com/insights/news"
"ADD-017","CREATE","DigitalBridge","DigitalBridge","—","—","DigitalBridge Partners, LP","MEDIUM","NAMED_FUND","CLOSED_ACTIVE","VERIFIED_CURRENT_NA_HOLDING: Zayo","DISCLOSED_USD_EQUIVALENT","$4.05B final close; structured USD size is at least $1B","fundStatus","—","Financial Close","Missing from repository snapshot.","CREATE | MEDIUM_CONFIDENCE","https://www.digitalbridge.com/insights/news"
"ADD-017","CREATE","DigitalBridge","DigitalBridge","—","—","DigitalBridge Partners, LP","MEDIUM","NAMED_FUND","CLOSED_ACTIVE","VERIFIED_CURRENT_NA_HOLDING: Zayo","DISCLOSED_USD_EQUIVALENT","$4.05B final close; structured USD size is at least $1B","sectors","—","Digital","Missing from repository snapshot.","CREATE | MEDIUM_CONFIDENCE","https://www.digitalbridge.com/insights/news"
"ADD-017","CREATE","DigitalBridge","DigitalBridge","—","—","DigitalBridge Partners, LP","MEDIUM","NAMED_FUND","CLOSED_ACTIVE","VERIFIED_CURRENT_NA_HOLDING: Zayo","DISCLOSED_USD_EQUIVALENT","$4.05B final close; structured USD size is at least $1B","regions","—","North America","Missing from repository snapshot.","CREATE | MEDIUM_CONFIDENCE","https://www.digitalbridge.com/insights/news"
"ADD-017","CREATE","DigitalBridge","DigitalBridge","—","—","DigitalBridge Partners, LP","MEDIUM","NAMED_FUND","CLOSED_ACTIVE","VERIFIED_CURRENT_NA_HOLDING: Zayo","DISCLOSED_USD_EQUIVALENT","$4.05B final close; structured USD size is at least $1B","sourceUrls","—","https://www.digitalbridge.com/insights/news","Missing from repository snapshot.","CREATE | MEDIUM_CONFIDENCE","https://www.digitalbridge.com/insights/news"
"ADD-017","CREATE","DigitalBridge","DigitalBridge","—","—","DigitalBridge Partners, LP","MEDIUM","NAMED_FUND","CLOSED_ACTIVE","VERIFIED_CURRENT_NA_HOLDING: Zayo","DISCLOSED_USD_EQUIVALENT","$4.05B final close; structured USD size is at least $1B","strategyUrl","—","https://www.digitalbridge.com/","Missing from repository snapshot.","CREATE | MEDIUM_CONFIDENCE","https://www.digitalbridge.com/insights/news"
"ADD-018","CREATE","Harbert Management Corp","Harbert Management Corporation","—","—","Gulf Pacific Power, LLC","MEDIUM","NAMED_FUND","CLOSED_ACTIVE","VERIFIED_CURRENT_NA_HOLDING: Desert Sunlight Solar","DISCLOSED_USD_EQUIVALENT","$2.113B AUM; structured USD size is at least $1B","managerName","—","Harbert Management Corporation","Active infrastructure investment vehicle not represented in repository snapshot.","CREATE | MEDIUM_CONFIDENCE","https://reports.adviserinfo.sec.gov/reports/ADV/110577/PDF/110577.pdf | https://www.harbert.net/wp-content/uploads/2024/07/2024-HMC-Responsible-Investment-Report.pdf"
"ADD-018","CREATE","Harbert Management Corp","Harbert Management Corporation","—","—","Gulf Pacific Power, LLC","MEDIUM","NAMED_FUND","CLOSED_ACTIVE","VERIFIED_CURRENT_NA_HOLDING: Desert Sunlight Solar","DISCLOSED_USD_EQUIVALENT","$2.113B AUM; structured USD size is at least $1B","fundName","—","Gulf Pacific Power, LLC","Active infrastructure investment vehicle not represented in repository snapshot.","CREATE | MEDIUM_CONFIDENCE","https://reports.adviserinfo.sec.gov/reports/ADV/110577/PDF/110577.pdf | https://www.harbert.net/wp-content/uploads/2024/07/2024-HMC-Responsible-Investment-Report.pdf"
"ADD-018","CREATE","Harbert Management Corp","Harbert Management Corporation","—","—","Gulf Pacific Power, LLC","MEDIUM","NAMED_FUND","CLOSED_ACTIVE","VERIFIED_CURRENT_NA_HOLDING: Desert Sunlight Solar","DISCLOSED_USD_EQUIVALENT","$2.113B AUM; structured USD size is at least $1B","ticker","—","—","Active infrastructure investment vehicle not represented in repository snapshot.","CREATE | MEDIUM_CONFIDENCE","https://reports.adviserinfo.sec.gov/reports/ADV/110577/PDF/110577.pdf | https://www.harbert.net/wp-content/uploads/2024/07/2024-HMC-Responsible-Investment-Report.pdf"
"ADD-018","CREATE","Harbert Management Corp","Harbert Management Corporation","—","—","Gulf Pacific Power, LLC","MEDIUM","NAMED_FUND","CLOSED_ACTIVE","VERIFIED_CURRENT_NA_HOLDING: Desert Sunlight Solar","DISCLOSED_USD_EQUIVALENT","$2.113B AUM; structured USD size is at least $1B","investmentStrategy","—","North American power infrastructure investment vehicle targeting renewable and conventional generation.","Active infrastructure investment vehicle not represented in repository snapshot.","CREATE | MEDIUM_CONFIDENCE","https://reports.adviserinfo.sec.gov/reports/ADV/110577/PDF/110577.pdf | https://www.harbert.net/wp-content/uploads/2024/07/2024-HMC-Responsible-Investment-Report.pdf"
"ADD-018","CREATE","Harbert Management Corp","Harbert Management Corporation","—","—","Gulf Pacific Power, LLC","MEDIUM","NAMED_FUND","CLOSED_ACTIVE","VERIFIED_CURRENT_NA_HOLDING: Desert Sunlight Solar","DISCLOSED_USD_EQUIVALENT","$2.113B AUM; structured USD size is at least $1B","size","—","$2.113B AUM","Active infrastructure investment vehicle not represented in repository snapshot.","CREATE | MEDIUM_CONFIDENCE","https://reports.adviserinfo.sec.gov/reports/ADV/110577/PDF/110577.pdf | https://www.harbert.net/wp-content/uploads/2024/07/2024-HMC-Responsible-Investment-Report.pdf"
"ADD-018","CREATE","Harbert Management Corp","Harbert Management Corporation","—","—","Gulf Pacific Power, LLC","MEDIUM","NAMED_FUND","CLOSED_ACTIVE","VERIFIED_CURRENT_NA_HOLDING: Desert Sunlight Solar","DISCLOSED_USD_EQUIVALENT","$2.113B AUM; structured USD size is at least $1B","sizeUsdMm","—","2113.01","Active infrastructure investment vehicle not represented in repository snapshot.","CREATE | MEDIUM_CONFIDENCE","https://reports.adviserinfo.sec.gov/reports/ADV/110577/PDF/110577.pdf | https://www.harbert.net/wp-content/uploads/2024/07/2024-HMC-Responsible-Investment-Report.pdf"
"ADD-018","CREATE","Harbert Management Corp","Harbert Management Corporation","—","—","Gulf Pacific Power, LLC","MEDIUM","NAMED_FUND","CLOSED_ACTIVE","VERIFIED_CURRENT_NA_HOLDING: Desert Sunlight Solar","DISCLOSED_USD_EQUIVALENT","$2.113B AUM; structured USD size is at least $1B","sizeNativeCurrency","—","USD","Active infrastructure investment vehicle not represented in repository snapshot.","CREATE | MEDIUM_CONFIDENCE","https://reports.adviserinfo.sec.gov/reports/ADV/110577/PDF/110577.pdf | https://www.harbert.net/wp-content/uploads/2024/07/2024-HMC-Responsible-Investment-Report.pdf"
"ADD-018","CREATE","Harbert Management Corp","Harbert Management Corporation","—","—","Gulf Pacific Power, LLC","MEDIUM","NAMED_FUND","CLOSED_ACTIVE","VERIFIED_CURRENT_NA_HOLDING: Desert Sunlight Solar","DISCLOSED_USD_EQUIVALENT","$2.113B AUM; structured USD size is at least $1B","sizeNativeAmount","—","2113006249","Active infrastructure investment vehicle not represented in repository snapshot.","CREATE | MEDIUM_CONFIDENCE","https://reports.adviserinfo.sec.gov/reports/ADV/110577/PDF/110577.pdf | https://www.harbert.net/wp-content/uploads/2024/07/2024-HMC-Responsible-Investment-Report.pdf"
"ADD-018","CREATE","Harbert Management Corp","Harbert Management Corporation","—","—","Gulf Pacific Power, LLC","MEDIUM","NAMED_FUND","CLOSED_ACTIVE","VERIFIED_CURRENT_NA_HOLDING: Desert Sunlight Solar","DISCLOSED_USD_EQUIVALENT","$2.113B AUM; structured USD size is at least $1B","sizeBasis","—","AUM","Active infrastructure investment vehicle not represented in repository snapshot.","CREATE | MEDIUM_CONFIDENCE","https://reports.adviserinfo.sec.gov/reports/ADV/110577/PDF/110577.pdf | https://www.harbert.net/wp-content/uploads/2024/07/2024-HMC-Responsible-Investment-Report.pdf"
"ADD-018","CREATE","Harbert Management Corp","Harbert Management Corporation","—","—","Gulf Pacific Power, LLC","MEDIUM","NAMED_FUND","CLOSED_ACTIVE","VERIFIED_CURRENT_NA_HOLDING: Desert Sunlight Solar","DISCLOSED_USD_EQUIVALENT","$2.113B AUM; structured USD size is at least $1B","sizeAsOf","—","2026-03-31","Active infrastructure investment vehicle not represented in repository snapshot.","CREATE | MEDIUM_CONFIDENCE","https://reports.adviserinfo.sec.gov/reports/ADV/110577/PDF/110577.pdf | https://www.harbert.net/wp-content/uploads/2024/07/2024-HMC-Responsible-Investment-Report.pdf"
"ADD-018","CREATE","Harbert Management Corp","Harbert Management Corporation","—","—","Gulf Pacific Power, LLC","MEDIUM","NAMED_FUND","CLOSED_ACTIVE","VERIFIED_CURRENT_NA_HOLDING: Desert Sunlight Solar","DISCLOSED_USD_EQUIVALENT","$2.113B AUM; structured USD size is at least $1B","sizeUsdFxRate","—","—","Active infrastructure investment vehicle not represented in repository snapshot.","CREATE | MEDIUM_CONFIDENCE","https://reports.adviserinfo.sec.gov/reports/ADV/110577/PDF/110577.pdf | https://www.harbert.net/wp-content/uploads/2024/07/2024-HMC-Responsible-Investment-Report.pdf"
"ADD-018","CREATE","Harbert Management Corp","Harbert Management Corporation","—","—","Gulf Pacific Power, LLC","MEDIUM","NAMED_FUND","CLOSED_ACTIVE","VERIFIED_CURRENT_NA_HOLDING: Desert Sunlight Solar","DISCLOSED_USD_EQUIVALENT","$2.113B AUM; structured USD size is at least $1B","sizeUsdFxDate","—","—","Active infrastructure investment vehicle not represented in repository snapshot.","CREATE | MEDIUM_CONFIDENCE","https://reports.adviserinfo.sec.gov/reports/ADV/110577/PDF/110577.pdf | https://www.harbert.net/wp-content/uploads/2024/07/2024-HMC-Responsible-Investment-Report.pdf"
"ADD-018","CREATE","Harbert Management Corp","Harbert Management Corporation","—","—","Gulf Pacific Power, LLC","MEDIUM","NAMED_FUND","CLOSED_ACTIVE","VERIFIED_CURRENT_NA_HOLDING: Desert Sunlight Solar","DISCLOSED_USD_EQUIVALENT","$2.113B AUM; structured USD size is at least $1B","vintage","—","Not disclosed","Active infrastructure investment vehicle not represented in repository snapshot.","CREATE | MEDIUM_CONFIDENCE","https://reports.adviserinfo.sec.gov/reports/ADV/110577/PDF/110577.pdf | https://www.harbert.net/wp-content/uploads/2024/07/2024-HMC-Responsible-Investment-Report.pdf"
"ADD-018","CREATE","Harbert Management Corp","Harbert Management Corporation","—","—","Gulf Pacific Power, LLC","MEDIUM","NAMED_FUND","CLOSED_ACTIVE","VERIFIED_CURRENT_NA_HOLDING: Desert Sunlight Solar","DISCLOSED_USD_EQUIVALENT","$2.113B AUM; structured USD size is at least $1B","strategies","—","Core-Plus","Active infrastructure investment vehicle not represented in repository snapshot.","CREATE | MEDIUM_CONFIDENCE","https://reports.adviserinfo.sec.gov/reports/ADV/110577/PDF/110577.pdf | https://www.harbert.net/wp-content/uploads/2024/07/2024-HMC-Responsible-Investment-Report.pdf"
"ADD-018","CREATE","Harbert Management Corp","Harbert Management Corporation","—","—","Gulf Pacific Power, LLC","MEDIUM","NAMED_FUND","CLOSED_ACTIVE","VERIFIED_CURRENT_NA_HOLDING: Desert Sunlight Solar","DISCLOSED_USD_EQUIVALENT","$2.113B AUM; structured USD size is at least $1B","structure","—","Closed-End","Active infrastructure investment vehicle not represented in repository snapshot.","CREATE | MEDIUM_CONFIDENCE","https://reports.adviserinfo.sec.gov/reports/ADV/110577/PDF/110577.pdf | https://www.harbert.net/wp-content/uploads/2024/07/2024-HMC-Responsible-Investment-Report.pdf"
"ADD-018","CREATE","Harbert Management Corp","Harbert Management Corporation","—","—","Gulf Pacific Power, LLC","MEDIUM","NAMED_FUND","CLOSED_ACTIVE","VERIFIED_CURRENT_NA_HOLDING: Desert Sunlight Solar","DISCLOSED_USD_EQUIVALENT","$2.113B AUM; structured USD size is at least $1B","fundStatus","—","Financial Close","Active infrastructure investment vehicle not represented in repository snapshot.","CREATE | MEDIUM_CONFIDENCE","https://reports.adviserinfo.sec.gov/reports/ADV/110577/PDF/110577.pdf | https://www.harbert.net/wp-content/uploads/2024/07/2024-HMC-Responsible-Investment-Report.pdf"
"ADD-018","CREATE","Harbert Management Corp","Harbert Management Corporation","—","—","Gulf Pacific Power, LLC","MEDIUM","NAMED_FUND","CLOSED_ACTIVE","VERIFIED_CURRENT_NA_HOLDING: Desert Sunlight Solar","DISCLOSED_USD_EQUIVALENT","$2.113B AUM; structured USD size is at least $1B","sectors","—","Power & ET","Active infrastructure investment vehicle not represented in repository snapshot.","CREATE | MEDIUM_CONFIDENCE","https://reports.adviserinfo.sec.gov/reports/ADV/110577/PDF/110577.pdf | https://www.harbert.net/wp-content/uploads/2024/07/2024-HMC-Responsible-Investment-Report.pdf"
"ADD-018","CREATE","Harbert Management Corp","Harbert Management Corporation","—","—","Gulf Pacific Power, LLC","MEDIUM","NAMED_FUND","CLOSED_ACTIVE","VERIFIED_CURRENT_NA_HOLDING: Desert Sunlight Solar","DISCLOSED_USD_EQUIVALENT","$2.113B AUM; structured USD size is at least $1B","regions","—","North America","Active infrastructure investment vehicle not represented in repository snapshot.","CREATE | MEDIUM_CONFIDENCE","https://reports.adviserinfo.sec.gov/reports/ADV/110577/PDF/110577.pdf | https://www.harbert.net/wp-content/uploads/2024/07/2024-HMC-Responsible-Investment-Report.pdf"
"ADD-018","CREATE","Harbert Management Corp","Harbert Management Corporation","—","—","Gulf Pacific Power, LLC","MEDIUM","NAMED_FUND","CLOSED_ACTIVE","VERIFIED_CURRENT_NA_HOLDING: Desert Sunlight Solar","DISCLOSED_USD_EQUIVALENT","$2.113B AUM; structured USD size is at least $1B","sourceUrls","—","https://reports.adviserinfo.sec.gov/reports/ADV/110577/PDF/110577.pdf | https://www.harbert.net/wp-content/uploads/2024/07/2024-HMC-Responsible-Investment-Report.pdf","Active infrastructure investment vehicle not represented in repository snapshot.","CREATE | MEDIUM_CONFIDENCE","https://reports.adviserinfo.sec.gov/reports/ADV/110577/PDF/110577.pdf | https://www.harbert.net/wp-content/uploads/2024/07/2024-HMC-Responsible-Investment-Report.pdf"
"ADD-018","CREATE","Harbert Management Corp","Harbert Management Corporation","—","—","Gulf Pacific Power, LLC","MEDIUM","NAMED_FUND","CLOSED_ACTIVE","VERIFIED_CURRENT_NA_HOLDING: Desert Sunlight Solar","DISCLOSED_USD_EQUIVALENT","$2.113B AUM; structured USD size is at least $1B","strategyUrl","—","https://www.harbert.net/investment-strategies/infrastructure/","Active infrastructure investment vehicle not represented in repository snapshot.","CREATE | MEDIUM_CONFIDENCE","https://reports.adviserinfo.sec.gov/reports/ADV/110577/PDF/110577.pdf | https://www.harbert.net/wp-content/uploads/2024/07/2024-HMC-Responsible-Investment-Report.pdf"
"ADD-019","CREATE","InfraRed Capital Partners","InfraRed Capital Partners","—","—","InfraRed Infrastructure Fund VI","HIGH","NAMED_FUND","CLOSED_ACTIVE","EXPLICIT_NA_MANDATE","DISCLOSED_USD_EQUIVALENT","$1.8B final close; structured USD size is at least $1B","managerName","—","InfraRed Capital Partners","Fund VI is a current flagship vehicle with North American mandate and active holdings but is not present in the repository snapshot.","CREATE","https://www.ircp.com/news/infrared-closes-infrastructure-fund-vi/ | https://www.ircp.com/wp-content/uploads/2026/06/InfraRed-2026-Sustainability-Report.pdf"
"ADD-019","CREATE","InfraRed Capital Partners","InfraRed Capital Partners","—","—","InfraRed Infrastructure Fund VI","HIGH","NAMED_FUND","CLOSED_ACTIVE","EXPLICIT_NA_MANDATE","DISCLOSED_USD_EQUIVALENT","$1.8B final close; structured USD size is at least $1B","fundName","—","InfraRed Infrastructure Fund VI","Fund VI is a current flagship vehicle with North American mandate and active holdings but is not present in the repository snapshot.","CREATE","https://www.ircp.com/news/infrared-closes-infrastructure-fund-vi/ | https://www.ircp.com/wp-content/uploads/2026/06/InfraRed-2026-Sustainability-Report.pdf"
"ADD-019","CREATE","InfraRed Capital Partners","InfraRed Capital Partners","—","—","InfraRed Infrastructure Fund VI","HIGH","NAMED_FUND","CLOSED_ACTIVE","EXPLICIT_NA_MANDATE","DISCLOSED_USD_EQUIVALENT","$1.8B final close; structured USD size is at least $1B","ticker","—","—","Fund VI is a current flagship vehicle with North American mandate and active holdings but is not present in the repository snapshot.","CREATE","https://www.ircp.com/news/infrared-closes-infrastructure-fund-vi/ | https://www.ircp.com/wp-content/uploads/2026/06/InfraRed-2026-Sustainability-Report.pdf"
"ADD-019","CREATE","InfraRed Capital Partners","InfraRed Capital Partners","—","—","InfraRed Infrastructure Fund VI","HIGH","NAMED_FUND","CLOSED_ACTIVE","EXPLICIT_NA_MANDATE","DISCLOSED_USD_EQUIVALENT","$1.8B final close; structured USD size is at least $1B","investmentStrategy","—","Value-add infrastructure equity strategy targeting energy transition, digital and transport assets across OECD markets including North America.","Fund VI is a current flagship vehicle with North American mandate and active holdings but is not present in the repository snapshot.","CREATE","https://www.ircp.com/news/infrared-closes-infrastructure-fund-vi/ | https://www.ircp.com/wp-content/uploads/2026/06/InfraRed-2026-Sustainability-Report.pdf"
"ADD-019","CREATE","InfraRed Capital Partners","InfraRed Capital Partners","—","—","InfraRed Infrastructure Fund VI","HIGH","NAMED_FUND","CLOSED_ACTIVE","EXPLICIT_NA_MANDATE","DISCLOSED_USD_EQUIVALENT","$1.8B final close; structured USD size is at least $1B","size","—","$1.8B final close","Fund VI is a current flagship vehicle with North American mandate and active holdings but is not present in the repository snapshot.","CREATE","https://www.ircp.com/news/infrared-closes-infrastructure-fund-vi/ | https://www.ircp.com/wp-content/uploads/2026/06/InfraRed-2026-Sustainability-Report.pdf"
"ADD-019","CREATE","InfraRed Capital Partners","InfraRed Capital Partners","—","—","InfraRed Infrastructure Fund VI","HIGH","NAMED_FUND","CLOSED_ACTIVE","EXPLICIT_NA_MANDATE","DISCLOSED_USD_EQUIVALENT","$1.8B final close; structured USD size is at least $1B","sizeUsdMm","—","1800","Fund VI is a current flagship vehicle with North American mandate and active holdings but is not present in the repository snapshot.","CREATE","https://www.ircp.com/news/infrared-closes-infrastructure-fund-vi/ | https://www.ircp.com/wp-content/uploads/2026/06/InfraRed-2026-Sustainability-Report.pdf"
"ADD-019","CREATE","InfraRed Capital Partners","InfraRed Capital Partners","—","—","InfraRed Infrastructure Fund VI","HIGH","NAMED_FUND","CLOSED_ACTIVE","EXPLICIT_NA_MANDATE","DISCLOSED_USD_EQUIVALENT","$1.8B final close; structured USD size is at least $1B","sizeNativeCurrency","—","USD","Fund VI is a current flagship vehicle with North American mandate and active holdings but is not present in the repository snapshot.","CREATE","https://www.ircp.com/news/infrared-closes-infrastructure-fund-vi/ | https://www.ircp.com/wp-content/uploads/2026/06/InfraRed-2026-Sustainability-Report.pdf"
"ADD-019","CREATE","InfraRed Capital Partners","InfraRed Capital Partners","—","—","InfraRed Infrastructure Fund VI","HIGH","NAMED_FUND","CLOSED_ACTIVE","EXPLICIT_NA_MANDATE","DISCLOSED_USD_EQUIVALENT","$1.8B final close; structured USD size is at least $1B","sizeNativeAmount","—","1800000000","Fund VI is a current flagship vehicle with North American mandate and active holdings but is not present in the repository snapshot.","CREATE","https://www.ircp.com/news/infrared-closes-infrastructure-fund-vi/ | https://www.ircp.com/wp-content/uploads/2026/06/InfraRed-2026-Sustainability-Report.pdf"
"ADD-019","CREATE","InfraRed Capital Partners","InfraRed Capital Partners","—","—","InfraRed Infrastructure Fund VI","HIGH","NAMED_FUND","CLOSED_ACTIVE","EXPLICIT_NA_MANDATE","DISCLOSED_USD_EQUIVALENT","$1.8B final close; structured USD size is at least $1B","sizeBasis","—","FINAL_CLOSE","Fund VI is a current flagship vehicle with North American mandate and active holdings but is not present in the repository snapshot.","CREATE","https://www.ircp.com/news/infrared-closes-infrastructure-fund-vi/ | https://www.ircp.com/wp-content/uploads/2026/06/InfraRed-2026-Sustainability-Report.pdf"
"ADD-019","CREATE","InfraRed Capital Partners","InfraRed Capital Partners","—","—","InfraRed Infrastructure Fund VI","HIGH","NAMED_FUND","CLOSED_ACTIVE","EXPLICIT_NA_MANDATE","DISCLOSED_USD_EQUIVALENT","$1.8B final close; structured USD size is at least $1B","sizeAsOf","—","2024-03-01","Fund VI is a current flagship vehicle with North American mandate and active holdings but is not present in the repository snapshot.","CREATE","https://www.ircp.com/news/infrared-closes-infrastructure-fund-vi/ | https://www.ircp.com/wp-content/uploads/2026/06/InfraRed-2026-Sustainability-Report.pdf"
"ADD-019","CREATE","InfraRed Capital Partners","InfraRed Capital Partners","—","—","InfraRed Infrastructure Fund VI","HIGH","NAMED_FUND","CLOSED_ACTIVE","EXPLICIT_NA_MANDATE","DISCLOSED_USD_EQUIVALENT","$1.8B final close; structured USD size is at least $1B","sizeUsdFxRate","—","—","Fund VI is a current flagship vehicle with North American mandate and active holdings but is not present in the repository snapshot.","CREATE","https://www.ircp.com/news/infrared-closes-infrastructure-fund-vi/ | https://www.ircp.com/wp-content/uploads/2026/06/InfraRed-2026-Sustainability-Report.pdf"
"ADD-019","CREATE","InfraRed Capital Partners","InfraRed Capital Partners","—","—","InfraRed Infrastructure Fund VI","HIGH","NAMED_FUND","CLOSED_ACTIVE","EXPLICIT_NA_MANDATE","DISCLOSED_USD_EQUIVALENT","$1.8B final close; structured USD size is at least $1B","sizeUsdFxDate","—","—","Fund VI is a current flagship vehicle with North American mandate and active holdings but is not present in the repository snapshot.","CREATE","https://www.ircp.com/news/infrared-closes-infrastructure-fund-vi/ | https://www.ircp.com/wp-content/uploads/2026/06/InfraRed-2026-Sustainability-Report.pdf"
"ADD-019","CREATE","InfraRed Capital Partners","InfraRed Capital Partners","—","—","InfraRed Infrastructure Fund VI","HIGH","NAMED_FUND","CLOSED_ACTIVE","EXPLICIT_NA_MANDATE","DISCLOSED_USD_EQUIVALENT","$1.8B final close; structured USD size is at least $1B","vintage","—","2021","Fund VI is a current flagship vehicle with North American mandate and active holdings but is not present in the repository snapshot.","CREATE","https://www.ircp.com/news/infrared-closes-infrastructure-fund-vi/ | https://www.ircp.com/wp-content/uploads/2026/06/InfraRed-2026-Sustainability-Report.pdf"
"ADD-019","CREATE","InfraRed Capital Partners","InfraRed Capital Partners","—","—","InfraRed Infrastructure Fund VI","HIGH","NAMED_FUND","CLOSED_ACTIVE","EXPLICIT_NA_MANDATE","DISCLOSED_USD_EQUIVALENT","$1.8B final close; structured USD size is at least $1B","strategies","—","Value-Add","Fund VI is a current flagship vehicle with North American mandate and active holdings but is not present in the repository snapshot.","CREATE","https://www.ircp.com/news/infrared-closes-infrastructure-fund-vi/ | https://www.ircp.com/wp-content/uploads/2026/06/InfraRed-2026-Sustainability-Report.pdf"
"ADD-019","CREATE","InfraRed Capital Partners","InfraRed Capital Partners","—","—","InfraRed Infrastructure Fund VI","HIGH","NAMED_FUND","CLOSED_ACTIVE","EXPLICIT_NA_MANDATE","DISCLOSED_USD_EQUIVALENT","$1.8B final close; structured USD size is at least $1B","structure","—","Closed-End","Fund VI is a current flagship vehicle with North American mandate and active holdings but is not present in the repository snapshot.","CREATE","https://www.ircp.com/news/infrared-closes-infrastructure-fund-vi/ | https://www.ircp.com/wp-content/uploads/2026/06/InfraRed-2026-Sustainability-Report.pdf"
"ADD-019","CREATE","InfraRed Capital Partners","InfraRed Capital Partners","—","—","InfraRed Infrastructure Fund VI","HIGH","NAMED_FUND","CLOSED_ACTIVE","EXPLICIT_NA_MANDATE","DISCLOSED_USD_EQUIVALENT","$1.8B final close; structured USD size is at least $1B","fundStatus","—","Financial Close","Fund VI is a current flagship vehicle with North American mandate and active holdings but is not present in the repository snapshot.","CREATE","https://www.ircp.com/news/infrared-closes-infrastructure-fund-vi/ | https://www.ircp.com/wp-content/uploads/2026/06/InfraRed-2026-Sustainability-Report.pdf"
"ADD-019","CREATE","InfraRed Capital Partners","InfraRed Capital Partners","—","—","InfraRed Infrastructure Fund VI","HIGH","NAMED_FUND","CLOSED_ACTIVE","EXPLICIT_NA_MANDATE","DISCLOSED_USD_EQUIVALENT","$1.8B final close; structured USD size is at least $1B","sectors","—","Digital | Transportation | Power & ET","Fund VI is a current flagship vehicle with North American mandate and active holdings but is not present in the repository snapshot.","CREATE","https://www.ircp.com/news/infrared-closes-infrastructure-fund-vi/ | https://www.ircp.com/wp-content/uploads/2026/06/InfraRed-2026-Sustainability-Report.pdf"
"ADD-019","CREATE","InfraRed Capital Partners","InfraRed Capital Partners","—","—","InfraRed Infrastructure Fund VI","HIGH","NAMED_FUND","CLOSED_ACTIVE","EXPLICIT_NA_MANDATE","DISCLOSED_USD_EQUIVALENT","$1.8B final close; structured USD size is at least $1B","regions","—","North America | Europe","Fund VI is a current flagship vehicle with North American mandate and active holdings but is not present in the repository snapshot.","CREATE","https://www.ircp.com/news/infrared-closes-infrastructure-fund-vi/ | https://www.ircp.com/wp-content/uploads/2026/06/InfraRed-2026-Sustainability-Report.pdf"
"ADD-019","CREATE","InfraRed Capital Partners","InfraRed Capital Partners","—","—","InfraRed Infrastructure Fund VI","HIGH","NAMED_FUND","CLOSED_ACTIVE","EXPLICIT_NA_MANDATE","DISCLOSED_USD_EQUIVALENT","$1.8B final close; structured USD size is at least $1B","sourceUrls","—","https://www.ircp.com/news/infrared-closes-infrastructure-fund-vi/ | https://www.ircp.com/wp-content/uploads/2026/06/InfraRed-2026-Sustainability-Report.pdf","Fund VI is a current flagship vehicle with North American mandate and active holdings but is not present in the repository snapshot.","CREATE","https://www.ircp.com/news/infrared-closes-infrastructure-fund-vi/ | https://www.ircp.com/wp-content/uploads/2026/06/InfraRed-2026-Sustainability-Report.pdf"
"ADD-019","CREATE","InfraRed Capital Partners","InfraRed Capital Partners","—","—","InfraRed Infrastructure Fund VI","HIGH","NAMED_FUND","CLOSED_ACTIVE","EXPLICIT_NA_MANDATE","DISCLOSED_USD_EQUIVALENT","$1.8B final close; structured USD size is at least $1B","strategyUrl","—","https://www.ircp.com/investments/","Fund VI is a current flagship vehicle with North American mandate and active holdings but is not present in the repository snapshot.","CREATE","https://www.ircp.com/news/infrared-closes-infrastructure-fund-vi/ | https://www.ircp.com/wp-content/uploads/2026/06/InfraRed-2026-Sustainability-Report.pdf"
"ADD-020","CREATE","Morgan Stanley Infrastructure Partners","Morgan Stanley Infrastructure Partners","—","—","North Haven Infrastructure Partners III","HIGH","NAMED_FUND","CLOSED_ACTIVE","VERIFIED_CURRENT_NA_HOLDING: Lightpath","DISCLOSED_USD_EQUIVALENT","$5.5B final close; structured USD size is at least $1B","managerName","—","Morgan Stanley Infrastructure Partners","Missing from repository despite confirmed current holding.","CREATE","https://documents.dps.ny.gov/public/Common/ViewDoc.aspx?DocRefId=%7B6A1F5A66-9F45-4E90-9F6A-8A9E0D8C2C4B%7D | https://www.morganstanley.com/press-releases/msim-closes-nhip-iii"
"ADD-020","CREATE","Morgan Stanley Infrastructure Partners","Morgan Stanley Infrastructure Partners","—","—","North Haven Infrastructure Partners III","HIGH","NAMED_FUND","CLOSED_ACTIVE","VERIFIED_CURRENT_NA_HOLDING: Lightpath","DISCLOSED_USD_EQUIVALENT","$5.5B final close; structured USD size is at least $1B","fundName","—","North Haven Infrastructure Partners III","Missing from repository despite confirmed current holding.","CREATE","https://documents.dps.ny.gov/public/Common/ViewDoc.aspx?DocRefId=%7B6A1F5A66-9F45-4E90-9F6A-8A9E0D8C2C4B%7D | https://www.morganstanley.com/press-releases/msim-closes-nhip-iii"
"ADD-020","CREATE","Morgan Stanley Infrastructure Partners","Morgan Stanley Infrastructure Partners","—","—","North Haven Infrastructure Partners III","HIGH","NAMED_FUND","CLOSED_ACTIVE","VERIFIED_CURRENT_NA_HOLDING: Lightpath","DISCLOSED_USD_EQUIVALENT","$5.5B final close; structured USD size is at least $1B","ticker","—","—","Missing from repository despite confirmed current holding.","CREATE","https://documents.dps.ny.gov/public/Common/ViewDoc.aspx?DocRefId=%7B6A1F5A66-9F45-4E90-9F6A-8A9E0D8C2C4B%7D | https://www.morganstanley.com/press-releases/msim-closes-nhip-iii"
"ADD-020","CREATE","Morgan Stanley Infrastructure Partners","Morgan Stanley Infrastructure Partners","—","—","North Haven Infrastructure Partners III","HIGH","NAMED_FUND","CLOSED_ACTIVE","VERIFIED_CURRENT_NA_HOLDING: Lightpath","DISCLOSED_USD_EQUIVALENT","$5.5B final close; structured USD size is at least $1B","investmentStrategy","—","Global value-add infrastructure equity fund investing in communications, energy, and transport infrastructure.","Missing from repository despite confirmed current holding.","CREATE","https://documents.dps.ny.gov/public/Common/ViewDoc.aspx?DocRefId=%7B6A1F5A66-9F45-4E90-9F6A-8A9E0D8C2C4B%7D | https://www.morganstanley.com/press-releases/msim-closes-nhip-iii"
"ADD-020","CREATE","Morgan Stanley Infrastructure Partners","Morgan Stanley Infrastructure Partners","—","—","North Haven Infrastructure Partners III","HIGH","NAMED_FUND","CLOSED_ACTIVE","VERIFIED_CURRENT_NA_HOLDING: Lightpath","DISCLOSED_USD_EQUIVALENT","$5.5B final close; structured USD size is at least $1B","size","—","$5.5B final close","Missing from repository despite confirmed current holding.","CREATE","https://documents.dps.ny.gov/public/Common/ViewDoc.aspx?DocRefId=%7B6A1F5A66-9F45-4E90-9F6A-8A9E0D8C2C4B%7D | https://www.morganstanley.com/press-releases/msim-closes-nhip-iii"
"ADD-020","CREATE","Morgan Stanley Infrastructure Partners","Morgan Stanley Infrastructure Partners","—","—","North Haven Infrastructure Partners III","HIGH","NAMED_FUND","CLOSED_ACTIVE","VERIFIED_CURRENT_NA_HOLDING: Lightpath","DISCLOSED_USD_EQUIVALENT","$5.5B final close; structured USD size is at least $1B","sizeUsdMm","—","5500","Missing from repository despite confirmed current holding.","CREATE","https://documents.dps.ny.gov/public/Common/ViewDoc.aspx?DocRefId=%7B6A1F5A66-9F45-4E90-9F6A-8A9E0D8C2C4B%7D | https://www.morganstanley.com/press-releases/msim-closes-nhip-iii"
"ADD-020","CREATE","Morgan Stanley Infrastructure Partners","Morgan Stanley Infrastructure Partners","—","—","North Haven Infrastructure Partners III","HIGH","NAMED_FUND","CLOSED_ACTIVE","VERIFIED_CURRENT_NA_HOLDING: Lightpath","DISCLOSED_USD_EQUIVALENT","$5.5B final close; structured USD size is at least $1B","sizeNativeCurrency","—","USD","Missing from repository despite confirmed current holding.","CREATE","https://documents.dps.ny.gov/public/Common/ViewDoc.aspx?DocRefId=%7B6A1F5A66-9F45-4E90-9F6A-8A9E0D8C2C4B%7D | https://www.morganstanley.com/press-releases/msim-closes-nhip-iii"
"ADD-020","CREATE","Morgan Stanley Infrastructure Partners","Morgan Stanley Infrastructure Partners","—","—","North Haven Infrastructure Partners III","HIGH","NAMED_FUND","CLOSED_ACTIVE","VERIFIED_CURRENT_NA_HOLDING: Lightpath","DISCLOSED_USD_EQUIVALENT","$5.5B final close; structured USD size is at least $1B","sizeNativeAmount","—","5500000000","Missing from repository despite confirmed current holding.","CREATE","https://documents.dps.ny.gov/public/Common/ViewDoc.aspx?DocRefId=%7B6A1F5A66-9F45-4E90-9F6A-8A9E0D8C2C4B%7D | https://www.morganstanley.com/press-releases/msim-closes-nhip-iii"
"ADD-020","CREATE","Morgan Stanley Infrastructure Partners","Morgan Stanley Infrastructure Partners","—","—","North Haven Infrastructure Partners III","HIGH","NAMED_FUND","CLOSED_ACTIVE","VERIFIED_CURRENT_NA_HOLDING: Lightpath","DISCLOSED_USD_EQUIVALENT","$5.5B final close; structured USD size is at least $1B","sizeBasis","—","FINAL_CLOSE","Missing from repository despite confirmed current holding.","CREATE","https://documents.dps.ny.gov/public/Common/ViewDoc.aspx?DocRefId=%7B6A1F5A66-9F45-4E90-9F6A-8A9E0D8C2C4B%7D | https://www.morganstanley.com/press-releases/msim-closes-nhip-iii"
"ADD-020","CREATE","Morgan Stanley Infrastructure Partners","Morgan Stanley Infrastructure Partners","—","—","North Haven Infrastructure Partners III","HIGH","NAMED_FUND","CLOSED_ACTIVE","VERIFIED_CURRENT_NA_HOLDING: Lightpath","DISCLOSED_USD_EQUIVALENT","$5.5B final close; structured USD size is at least $1B","sizeAsOf","—","2019-12-10","Missing from repository despite confirmed current holding.","CREATE","https://documents.dps.ny.gov/public/Common/ViewDoc.aspx?DocRefId=%7B6A1F5A66-9F45-4E90-9F6A-8A9E0D8C2C4B%7D | https://www.morganstanley.com/press-releases/msim-closes-nhip-iii"
"ADD-020","CREATE","Morgan Stanley Infrastructure Partners","Morgan Stanley Infrastructure Partners","—","—","North Haven Infrastructure Partners III","HIGH","NAMED_FUND","CLOSED_ACTIVE","VERIFIED_CURRENT_NA_HOLDING: Lightpath","DISCLOSED_USD_EQUIVALENT","$5.5B final close; structured USD size is at least $1B","sizeUsdFxRate","—","—","Missing from repository despite confirmed current holding.","CREATE","https://documents.dps.ny.gov/public/Common/ViewDoc.aspx?DocRefId=%7B6A1F5A66-9F45-4E90-9F6A-8A9E0D8C2C4B%7D | https://www.morganstanley.com/press-releases/msim-closes-nhip-iii"
"ADD-020","CREATE","Morgan Stanley Infrastructure Partners","Morgan Stanley Infrastructure Partners","—","—","North Haven Infrastructure Partners III","HIGH","NAMED_FUND","CLOSED_ACTIVE","VERIFIED_CURRENT_NA_HOLDING: Lightpath","DISCLOSED_USD_EQUIVALENT","$5.5B final close; structured USD size is at least $1B","sizeUsdFxDate","—","—","Missing from repository despite confirmed current holding.","CREATE","https://documents.dps.ny.gov/public/Common/ViewDoc.aspx?DocRefId=%7B6A1F5A66-9F45-4E90-9F6A-8A9E0D8C2C4B%7D | https://www.morganstanley.com/press-releases/msim-closes-nhip-iii"
"ADD-020","CREATE","Morgan Stanley Infrastructure Partners","Morgan Stanley Infrastructure Partners","—","—","North Haven Infrastructure Partners III","HIGH","NAMED_FUND","CLOSED_ACTIVE","VERIFIED_CURRENT_NA_HOLDING: Lightpath","DISCLOSED_USD_EQUIVALENT","$5.5B final close; structured USD size is at least $1B","vintage","—","Not disclosed in opened evidence","Missing from repository despite confirmed current holding.","CREATE","https://documents.dps.ny.gov/public/Common/ViewDoc.aspx?DocRefId=%7B6A1F5A66-9F45-4E90-9F6A-8A9E0D8C2C4B%7D | https://www.morganstanley.com/press-releases/msim-closes-nhip-iii"
"ADD-020","CREATE","Morgan Stanley Infrastructure Partners","Morgan Stanley Infrastructure Partners","—","—","North Haven Infrastructure Partners III","HIGH","NAMED_FUND","CLOSED_ACTIVE","VERIFIED_CURRENT_NA_HOLDING: Lightpath","DISCLOSED_USD_EQUIVALENT","$5.5B final close; structured USD size is at least $1B","strategies","—","Value-Add","Missing from repository despite confirmed current holding.","CREATE","https://documents.dps.ny.gov/public/Common/ViewDoc.aspx?DocRefId=%7B6A1F5A66-9F45-4E90-9F6A-8A9E0D8C2C4B%7D | https://www.morganstanley.com/press-releases/msim-closes-nhip-iii"
"ADD-020","CREATE","Morgan Stanley Infrastructure Partners","Morgan Stanley Infrastructure Partners","—","—","North Haven Infrastructure Partners III","HIGH","NAMED_FUND","CLOSED_ACTIVE","VERIFIED_CURRENT_NA_HOLDING: Lightpath","DISCLOSED_USD_EQUIVALENT","$5.5B final close; structured USD size is at least $1B","structure","—","Closed-End","Missing from repository despite confirmed current holding.","CREATE","https://documents.dps.ny.gov/public/Common/ViewDoc.aspx?DocRefId=%7B6A1F5A66-9F45-4E90-9F6A-8A9E0D8C2C4B%7D | https://www.morganstanley.com/press-releases/msim-closes-nhip-iii"
"ADD-020","CREATE","Morgan Stanley Infrastructure Partners","Morgan Stanley Infrastructure Partners","—","—","North Haven Infrastructure Partners III","HIGH","NAMED_FUND","CLOSED_ACTIVE","VERIFIED_CURRENT_NA_HOLDING: Lightpath","DISCLOSED_USD_EQUIVALENT","$5.5B final close; structured USD size is at least $1B","fundStatus","—","Financial Close","Missing from repository despite confirmed current holding.","CREATE","https://documents.dps.ny.gov/public/Common/ViewDoc.aspx?DocRefId=%7B6A1F5A66-9F45-4E90-9F6A-8A9E0D8C2C4B%7D | https://www.morganstanley.com/press-releases/msim-closes-nhip-iii"
"ADD-020","CREATE","Morgan Stanley Infrastructure Partners","Morgan Stanley Infrastructure Partners","—","—","North Haven Infrastructure Partners III","HIGH","NAMED_FUND","CLOSED_ACTIVE","VERIFIED_CURRENT_NA_HOLDING: Lightpath","DISCLOSED_USD_EQUIVALENT","$5.5B final close; structured USD size is at least $1B","sectors","—","Digital | Power & ET | Transportation","Missing from repository despite confirmed current holding.","CREATE","https://documents.dps.ny.gov/public/Common/ViewDoc.aspx?DocRefId=%7B6A1F5A66-9F45-4E90-9F6A-8A9E0D8C2C4B%7D | https://www.morganstanley.com/press-releases/msim-closes-nhip-iii"
"ADD-020","CREATE","Morgan Stanley Infrastructure Partners","Morgan Stanley Infrastructure Partners","—","—","North Haven Infrastructure Partners III","HIGH","NAMED_FUND","CLOSED_ACTIVE","VERIFIED_CURRENT_NA_HOLDING: Lightpath","DISCLOSED_USD_EQUIVALENT","$5.5B final close; structured USD size is at least $1B","regions","—","North America | Europe","Missing from repository despite confirmed current holding.","CREATE","https://documents.dps.ny.gov/public/Common/ViewDoc.aspx?DocRefId=%7B6A1F5A66-9F45-4E90-9F6A-8A9E0D8C2C4B%7D | https://www.morganstanley.com/press-releases/msim-closes-nhip-iii"
"ADD-020","CREATE","Morgan Stanley Infrastructure Partners","Morgan Stanley Infrastructure Partners","—","—","North Haven Infrastructure Partners III","HIGH","NAMED_FUND","CLOSED_ACTIVE","VERIFIED_CURRENT_NA_HOLDING: Lightpath","DISCLOSED_USD_EQUIVALENT","$5.5B final close; structured USD size is at least $1B","sourceUrls","—","https://www.morganstanley.com/press-releases/msim-closes-nhip-iii","Missing from repository despite confirmed current holding.","CREATE","https://documents.dps.ny.gov/public/Common/ViewDoc.aspx?DocRefId=%7B6A1F5A66-9F45-4E90-9F6A-8A9E0D8C2C4B%7D | https://www.morganstanley.com/press-releases/msim-closes-nhip-iii"
"ADD-020","CREATE","Morgan Stanley Infrastructure Partners","Morgan Stanley Infrastructure Partners","—","—","North Haven Infrastructure Partners III","HIGH","NAMED_FUND","CLOSED_ACTIVE","VERIFIED_CURRENT_NA_HOLDING: Lightpath","DISCLOSED_USD_EQUIVALENT","$5.5B final close; structured USD size is at least $1B","strategyUrl","—","https://www.morganstanley.com/im/en-us/institutional-investor/about-us/investment-teams/real-assets/private-infrastructure-team.html","Missing from repository despite confirmed current holding.","CREATE","https://documents.dps.ny.gov/public/Common/ViewDoc.aspx?DocRefId=%7B6A1F5A66-9F45-4E90-9F6A-8A9E0D8C2C4B%7D | https://www.morganstanley.com/press-releases/msim-closes-nhip-iii"
"ADD-021","CREATE","Stonepeak","Stonepeak","—","—","Stonepeak Infrastructure Fund IV","HIGH","NAMED_FUND","CLOSED_ACTIVE","EXPLICIT_NA_MANDATE","DISCLOSED_USD_EQUIVALENT","$14.0B final close; structured USD size is at least $1B","managerName","—","Stonepeak","Not present in repository snapshot despite being a current flagship fund.","CREATE","https://stonepeak.com/news/stonepeak-closes-14-billion-infrastructure-fund-iv/"
"ADD-021","CREATE","Stonepeak","Stonepeak","—","—","Stonepeak Infrastructure Fund IV","HIGH","NAMED_FUND","CLOSED_ACTIVE","EXPLICIT_NA_MANDATE","DISCLOSED_USD_EQUIVALENT","$14.0B final close; structured USD size is at least $1B","fundName","—","Stonepeak Infrastructure Fund IV","Not present in repository snapshot despite being a current flagship fund.","CREATE","https://stonepeak.com/news/stonepeak-closes-14-billion-infrastructure-fund-iv/"
"ADD-021","CREATE","Stonepeak","Stonepeak","—","—","Stonepeak Infrastructure Fund IV","HIGH","NAMED_FUND","CLOSED_ACTIVE","EXPLICIT_NA_MANDATE","DISCLOSED_USD_EQUIVALENT","$14.0B final close; structured USD size is at least $1B","ticker","—","—","Not present in repository snapshot despite being a current flagship fund.","CREATE","https://stonepeak.com/news/stonepeak-closes-14-billion-infrastructure-fund-iv/"
"ADD-021","CREATE","Stonepeak","Stonepeak","—","—","Stonepeak Infrastructure Fund IV","HIGH","NAMED_FUND","CLOSED_ACTIVE","EXPLICIT_NA_MANDATE","DISCLOSED_USD_EQUIVALENT","$14.0B final close; structured USD size is at least $1B","investmentStrategy","—","Diversified North American infrastructure strategy targeting high-barrier assets across energy, transport, and digital sectors.","Not present in repository snapshot despite being a current flagship fund.","CREATE","https://stonepeak.com/news/stonepeak-closes-14-billion-infrastructure-fund-iv/"
"ADD-021","CREATE","Stonepeak","Stonepeak","—","—","Stonepeak Infrastructure Fund IV","HIGH","NAMED_FUND","CLOSED_ACTIVE","EXPLICIT_NA_MANDATE","DISCLOSED_USD_EQUIVALENT","$14.0B final close; structured USD size is at least $1B","size","—","$14.0B final close","Not present in repository snapshot despite being a current flagship fund.","CREATE","https://stonepeak.com/news/stonepeak-closes-14-billion-infrastructure-fund-iv/"
"ADD-021","CREATE","Stonepeak","Stonepeak","—","—","Stonepeak Infrastructure Fund IV","HIGH","NAMED_FUND","CLOSED_ACTIVE","EXPLICIT_NA_MANDATE","DISCLOSED_USD_EQUIVALENT","$14.0B final close; structured USD size is at least $1B","sizeUsdMm","—","14000","Not present in repository snapshot despite being a current flagship fund.","CREATE","https://stonepeak.com/news/stonepeak-closes-14-billion-infrastructure-fund-iv/"
"ADD-021","CREATE","Stonepeak","Stonepeak","—","—","Stonepeak Infrastructure Fund IV","HIGH","NAMED_FUND","CLOSED_ACTIVE","EXPLICIT_NA_MANDATE","DISCLOSED_USD_EQUIVALENT","$14.0B final close; structured USD size is at least $1B","sizeNativeCurrency","—","USD","Not present in repository snapshot despite being a current flagship fund.","CREATE","https://stonepeak.com/news/stonepeak-closes-14-billion-infrastructure-fund-iv/"
"ADD-021","CREATE","Stonepeak","Stonepeak","—","—","Stonepeak Infrastructure Fund IV","HIGH","NAMED_FUND","CLOSED_ACTIVE","EXPLICIT_NA_MANDATE","DISCLOSED_USD_EQUIVALENT","$14.0B final close; structured USD size is at least $1B","sizeNativeAmount","—","14000000000","Not present in repository snapshot despite being a current flagship fund.","CREATE","https://stonepeak.com/news/stonepeak-closes-14-billion-infrastructure-fund-iv/"
"ADD-021","CREATE","Stonepeak","Stonepeak","—","—","Stonepeak Infrastructure Fund IV","HIGH","NAMED_FUND","CLOSED_ACTIVE","EXPLICIT_NA_MANDATE","DISCLOSED_USD_EQUIVALENT","$14.0B final close; structured USD size is at least $1B","sizeBasis","—","FINAL_CLOSE","Not present in repository snapshot despite being a current flagship fund.","CREATE","https://stonepeak.com/news/stonepeak-closes-14-billion-infrastructure-fund-iv/"
"ADD-021","CREATE","Stonepeak","Stonepeak","—","—","Stonepeak Infrastructure Fund IV","HIGH","NAMED_FUND","CLOSED_ACTIVE","EXPLICIT_NA_MANDATE","DISCLOSED_USD_EQUIVALENT","$14.0B final close; structured USD size is at least $1B","sizeAsOf","—","2022-05-01","Not present in repository snapshot despite being a current flagship fund.","CREATE","https://stonepeak.com/news/stonepeak-closes-14-billion-infrastructure-fund-iv/"
"ADD-021","CREATE","Stonepeak","Stonepeak","—","—","Stonepeak Infrastructure Fund IV","HIGH","NAMED_FUND","CLOSED_ACTIVE","EXPLICIT_NA_MANDATE","DISCLOSED_USD_EQUIVALENT","$14.0B final close; structured USD size is at least $1B","sizeUsdFxRate","—","—","Not present in repository snapshot despite being a current flagship fund.","CREATE","https://stonepeak.com/news/stonepeak-closes-14-billion-infrastructure-fund-iv/"
"ADD-021","CREATE","Stonepeak","Stonepeak","—","—","Stonepeak Infrastructure Fund IV","HIGH","NAMED_FUND","CLOSED_ACTIVE","EXPLICIT_NA_MANDATE","DISCLOSED_USD_EQUIVALENT","$14.0B final close; structured USD size is at least $1B","sizeUsdFxDate","—","—","Not present in repository snapshot despite being a current flagship fund.","CREATE","https://stonepeak.com/news/stonepeak-closes-14-billion-infrastructure-fund-iv/"
"ADD-021","CREATE","Stonepeak","Stonepeak","—","—","Stonepeak Infrastructure Fund IV","HIGH","NAMED_FUND","CLOSED_ACTIVE","EXPLICIT_NA_MANDATE","DISCLOSED_USD_EQUIVALENT","$14.0B final close; structured USD size is at least $1B","vintage","—","2022","Not present in repository snapshot despite being a current flagship fund.","CREATE","https://stonepeak.com/news/stonepeak-closes-14-billion-infrastructure-fund-iv/"
"ADD-021","CREATE","Stonepeak","Stonepeak","—","—","Stonepeak Infrastructure Fund IV","HIGH","NAMED_FUND","CLOSED_ACTIVE","EXPLICIT_NA_MANDATE","DISCLOSED_USD_EQUIVALENT","$14.0B final close; structured USD size is at least $1B","strategies","—","Core-Plus","Not present in repository snapshot despite being a current flagship fund.","CREATE","https://stonepeak.com/news/stonepeak-closes-14-billion-infrastructure-fund-iv/"
"ADD-021","CREATE","Stonepeak","Stonepeak","—","—","Stonepeak Infrastructure Fund IV","HIGH","NAMED_FUND","CLOSED_ACTIVE","EXPLICIT_NA_MANDATE","DISCLOSED_USD_EQUIVALENT","$14.0B final close; structured USD size is at least $1B","structure","—","Closed-End","Not present in repository snapshot despite being a current flagship fund.","CREATE","https://stonepeak.com/news/stonepeak-closes-14-billion-infrastructure-fund-iv/"
"ADD-021","CREATE","Stonepeak","Stonepeak","—","—","Stonepeak Infrastructure Fund IV","HIGH","NAMED_FUND","CLOSED_ACTIVE","EXPLICIT_NA_MANDATE","DISCLOSED_USD_EQUIVALENT","$14.0B final close; structured USD size is at least $1B","fundStatus","—","Financial Close","Not present in repository snapshot despite being a current flagship fund.","CREATE","https://stonepeak.com/news/stonepeak-closes-14-billion-infrastructure-fund-iv/"
"ADD-021","CREATE","Stonepeak","Stonepeak","—","—","Stonepeak Infrastructure Fund IV","HIGH","NAMED_FUND","CLOSED_ACTIVE","EXPLICIT_NA_MANDATE","DISCLOSED_USD_EQUIVALENT","$14.0B final close; structured USD size is at least $1B","sectors","—","Power & ET | Digital | Transportation","Not present in repository snapshot despite being a current flagship fund.","CREATE","https://stonepeak.com/news/stonepeak-closes-14-billion-infrastructure-fund-iv/"
"ADD-021","CREATE","Stonepeak","Stonepeak","—","—","Stonepeak Infrastructure Fund IV","HIGH","NAMED_FUND","CLOSED_ACTIVE","EXPLICIT_NA_MANDATE","DISCLOSED_USD_EQUIVALENT","$14.0B final close; structured USD size is at least $1B","regions","—","North America","Not present in repository snapshot despite being a current flagship fund.","CREATE","https://stonepeak.com/news/stonepeak-closes-14-billion-infrastructure-fund-iv/"
"ADD-021","CREATE","Stonepeak","Stonepeak","—","—","Stonepeak Infrastructure Fund IV","HIGH","NAMED_FUND","CLOSED_ACTIVE","EXPLICIT_NA_MANDATE","DISCLOSED_USD_EQUIVALENT","$14.0B final close; structured USD size is at least $1B","sourceUrls","—","https://stonepeak.com/news/stonepeak-closes-14-billion-infrastructure-fund-iv/","Not present in repository snapshot despite being a current flagship fund.","CREATE","https://stonepeak.com/news/stonepeak-closes-14-billion-infrastructure-fund-iv/"
"ADD-021","CREATE","Stonepeak","Stonepeak","—","—","Stonepeak Infrastructure Fund IV","HIGH","NAMED_FUND","CLOSED_ACTIVE","EXPLICIT_NA_MANDATE","DISCLOSED_USD_EQUIVALENT","$14.0B final close; structured USD size is at least $1B","strategyUrl","—","https://stonepeak.com/","Not present in repository snapshot despite being a current flagship fund.","CREATE","https://stonepeak.com/news/stonepeak-closes-14-billion-infrastructure-fund-iv/"
"UPD-001","UPDATE","3i Infrastructure","3i Group","FUND-001","3i Infrastructure plc","3i Infrastructure plc","MEDIUM","PROGRAM_EXCEPTION","EVERGREEN_ACTIVE","EXPLICIT_NA_MANDATE","—","—","investmentStrategy","London-listed evergreen core-plus vehicle investing in resilient economic infrastructure businesses across Europe and selectively elsewhere for long-term sustainable returns.","London-listed evergreen direct-equity core-plus infrastructure vehicle investing principally in unquoted infrastructure businesses and assets, with a formal geographic focus on Europe, North America and Asia-Pacific.","The repository row matches the vehicle, but its £3.8 billion size and stated USD equivalent are superseded by the disclosed £3.071 billion AUM at 31 March 2026; the formal policy also expands the region field beyond Europe.","SIZE_OR_AMOUNT_CHANGE | MEDIUM_CONFIDENCE | PROGRAM_EXCEPTION","https://www.3i-infrastructure.com/media/jb2dxwel/3in-annual-report-2026-press-release.pdf | https://www.3i.com/media/04oheewu/3i-group-press-release-fy26.pdf | https://www.3i-infrastructure.com/investors/our-objectives-and-strategy/market-conditions/"
"UPD-001","UPDATE","3i Infrastructure","3i Group","FUND-001","3i Infrastructure plc","3i Infrastructure plc","MEDIUM","PROGRAM_EXCEPTION","EVERGREEN_ACTIVE","EXPLICIT_NA_MANDATE","—","—","size","£3.8B","£3.071B AUM","The repository row matches the vehicle, but its £3.8 billion size and stated USD equivalent are superseded by the disclosed £3.071 billion AUM at 31 March 2026; the formal policy also expands the region field beyond Europe.","SIZE_OR_AMOUNT_CHANGE | MEDIUM_CONFIDENCE | PROGRAM_EXCEPTION","https://www.3i-infrastructure.com/media/jb2dxwel/3in-annual-report-2026-press-release.pdf | https://www.3i.com/media/04oheewu/3i-group-press-release-fy26.pdf | https://www.3i-infrastructure.com/investors/our-objectives-and-strategy/market-conditions/"
"UPD-001","UPDATE","3i Infrastructure","3i Group","FUND-001","3i Infrastructure plc","3i Infrastructure plc","MEDIUM","PROGRAM_EXCEPTION","EVERGREEN_ACTIVE","EXPLICIT_NA_MANDATE","—","—","sizeUsdMm","4940","—","The repository row matches the vehicle, but its £3.8 billion size and stated USD equivalent are superseded by the disclosed £3.071 billion AUM at 31 March 2026; the formal policy also expands the region field beyond Europe.","SIZE_OR_AMOUNT_CHANGE | MEDIUM_CONFIDENCE | PROGRAM_EXCEPTION","https://www.3i-infrastructure.com/media/jb2dxwel/3in-annual-report-2026-press-release.pdf | https://www.3i.com/media/04oheewu/3i-group-press-release-fy26.pdf | https://www.3i-infrastructure.com/investors/our-objectives-and-strategy/market-conditions/"
"UPD-001","UPDATE","3i Infrastructure","3i Group","FUND-001","3i Infrastructure plc","3i Infrastructure plc","MEDIUM","PROGRAM_EXCEPTION","EVERGREEN_ACTIVE","EXPLICIT_NA_MANDATE","—","—","sizeNativeCurrency","—","GBP","The repository row matches the vehicle, but its £3.8 billion size and stated USD equivalent are superseded by the disclosed £3.071 billion AUM at 31 March 2026; the formal policy also expands the region field beyond Europe.","SIZE_OR_AMOUNT_CHANGE | MEDIUM_CONFIDENCE | PROGRAM_EXCEPTION","https://www.3i-infrastructure.com/media/jb2dxwel/3in-annual-report-2026-press-release.pdf | https://www.3i.com/media/04oheewu/3i-group-press-release-fy26.pdf | https://www.3i-infrastructure.com/investors/our-objectives-and-strategy/market-conditions/"
"UPD-001","UPDATE","3i Infrastructure","3i Group","FUND-001","3i Infrastructure plc","3i Infrastructure plc","MEDIUM","PROGRAM_EXCEPTION","EVERGREEN_ACTIVE","EXPLICIT_NA_MANDATE","—","—","sizeNativeAmount","—","3071000000","The repository row matches the vehicle, but its £3.8 billion size and stated USD equivalent are superseded by the disclosed £3.071 billion AUM at 31 March 2026; the formal policy also expands the region field beyond Europe.","SIZE_OR_AMOUNT_CHANGE | MEDIUM_CONFIDENCE | PROGRAM_EXCEPTION","https://www.3i-infrastructure.com/media/jb2dxwel/3in-annual-report-2026-press-release.pdf | https://www.3i.com/media/04oheewu/3i-group-press-release-fy26.pdf | https://www.3i-infrastructure.com/investors/our-objectives-and-strategy/market-conditions/"
"UPD-001","UPDATE","3i Infrastructure","3i Group","FUND-001","3i Infrastructure plc","3i Infrastructure plc","MEDIUM","PROGRAM_EXCEPTION","EVERGREEN_ACTIVE","EXPLICIT_NA_MANDATE","—","—","sizeBasis","—","AUM","The repository row matches the vehicle, but its £3.8 billion size and stated USD equivalent are superseded by the disclosed £3.071 billion AUM at 31 March 2026; the formal policy also expands the region field beyond Europe.","SIZE_OR_AMOUNT_CHANGE | MEDIUM_CONFIDENCE | PROGRAM_EXCEPTION","https://www.3i-infrastructure.com/media/jb2dxwel/3in-annual-report-2026-press-release.pdf | https://www.3i.com/media/04oheewu/3i-group-press-release-fy26.pdf | https://www.3i-infrastructure.com/investors/our-objectives-and-strategy/market-conditions/"
"UPD-001","UPDATE","3i Infrastructure","3i Group","FUND-001","3i Infrastructure plc","3i Infrastructure plc","MEDIUM","PROGRAM_EXCEPTION","EVERGREEN_ACTIVE","EXPLICIT_NA_MANDATE","—","—","sizeAsOf","—","2026-03-31","The repository row matches the vehicle, but its £3.8 billion size and stated USD equivalent are superseded by the disclosed £3.071 billion AUM at 31 March 2026; the formal policy also expands the region field beyond Europe.","SIZE_OR_AMOUNT_CHANGE | MEDIUM_CONFIDENCE | PROGRAM_EXCEPTION","https://www.3i-infrastructure.com/media/jb2dxwel/3in-annual-report-2026-press-release.pdf | https://www.3i.com/media/04oheewu/3i-group-press-release-fy26.pdf | https://www.3i-infrastructure.com/investors/our-objectives-and-strategy/market-conditions/"
"UPD-001","UPDATE","3i Infrastructure","3i Group","FUND-001","3i Infrastructure plc","3i Infrastructure plc","MEDIUM","PROGRAM_EXCEPTION","EVERGREEN_ACTIVE","EXPLICIT_NA_MANDATE","—","—","regions","Europe","Europe | North America | Asia-Pacific","The repository row matches the vehicle, but its £3.8 billion size and stated USD equivalent are superseded by the disclosed £3.071 billion AUM at 31 March 2026; the formal policy also expands the region field beyond Europe.","SIZE_OR_AMOUNT_CHANGE | MEDIUM_CONFIDENCE | PROGRAM_EXCEPTION","https://www.3i-infrastructure.com/media/jb2dxwel/3in-annual-report-2026-press-release.pdf | https://www.3i.com/media/04oheewu/3i-group-press-release-fy26.pdf | https://www.3i-infrastructure.com/investors/our-objectives-and-strategy/market-conditions/"
"UPD-001","UPDATE","3i Infrastructure","3i Group","FUND-001","3i Infrastructure plc","3i Infrastructure plc","MEDIUM","PROGRAM_EXCEPTION","EVERGREEN_ACTIVE","EXPLICIT_NA_MANDATE","—","—","sourceUrls","https://www.3i-infrastructure.com/investors/results-reports-presentations/annual-report-2025/ | https://www.3i.com/infrastructure/our-funds/","https://www.3i-infrastructure.com/media/jb2dxwel/3in-annual-report-2026-press-release.pdf | https://www.3i.com/media/04oheewu/3i-group-press-release-fy26.pdf | https://www.3i.com/infrastructure/our-funds/","The repository row matches the vehicle, but its £3.8 billion size and stated USD equivalent are superseded by the disclosed £3.071 billion AUM at 31 March 2026; the formal policy also expands the region field beyond Europe.","SIZE_OR_AMOUNT_CHANGE | MEDIUM_CONFIDENCE | PROGRAM_EXCEPTION","https://www.3i-infrastructure.com/media/jb2dxwel/3in-annual-report-2026-press-release.pdf | https://www.3i.com/media/04oheewu/3i-group-press-release-fy26.pdf | https://www.3i-infrastructure.com/investors/our-objectives-and-strategy/market-conditions/"
"UPD-001","UPDATE","3i Infrastructure","3i Group","FUND-001","3i Infrastructure plc","3i Infrastructure plc","MEDIUM","PROGRAM_EXCEPTION","EVERGREEN_ACTIVE","EXPLICIT_NA_MANDATE","—","—","strategyUrl","https://www.3i-infrastructure.com/","https://www.3i-infrastructure.com/investors/our-objectives-and-strategy/market-conditions/","The repository row matches the vehicle, but its £3.8 billion size and stated USD equivalent are superseded by the disclosed £3.071 billion AUM at 31 March 2026; the formal policy also expands the region field beyond Europe.","SIZE_OR_AMOUNT_CHANGE | MEDIUM_CONFIDENCE | PROGRAM_EXCEPTION","https://www.3i-infrastructure.com/media/jb2dxwel/3in-annual-report-2026-press-release.pdf | https://www.3i.com/media/04oheewu/3i-group-press-release-fy26.pdf | https://www.3i-infrastructure.com/investors/our-objectives-and-strategy/market-conditions/"
"UPD-002","UPDATE","3i Infrastructure","3i Group","FUND-002","3i NA Infrastructure Fund","3i North American Infrastructure Fund","HIGH","NAMED_FUND","CLOSED_ACTIVE","EXPLICIT_NA_MANDATE","—","—","fundName","3i NA Infrastructure Fund","3i North American Infrastructure Fund","The repository row matches the commercial fund but uses an abbreviated name, omits the final-commitment amount semantics and native-currency fields, lacks the reporting date, includes Digital despite the current three-holding sector set, and points its strategy URL to the separate listed vehicle.","RENAME_OR_CANONICAL_NAME | SIZE_OR_AMOUNT_CHANGE","https://www.3i.com/media/fkcntktr/infrastructure_business_review.pdf | https://www.3i.com/media/04oheewu/3i-group-press-release-fy26.pdf | https://www.sec.gov/Archives/edgar/data/1922071/000192207123000001/xslFormDX08/primary_doc.xml | https://www.3i.com/infrastructure/our-approach/"
"UPD-002","UPDATE","3i Infrastructure","3i Group","FUND-002","3i NA Infrastructure Fund","3i North American Infrastructure Fund","HIGH","NAMED_FUND","CLOSED_ACTIVE","EXPLICIT_NA_MANDATE","—","—","investmentStrategy","Inaugural North American mid-market infrastructure fund using 3i's core-plus/value-add approach; final close completed in December 2023.","Closed-end North American mid-market core-plus infrastructure fund making direct-equity investments in operating infrastructure businesses.","The repository row matches the commercial fund but uses an abbreviated name, omits the final-commitment amount semantics and native-currency fields, lacks the reporting date, includes Digital despite the current three-holding sector set, and points its strategy URL to the separate listed vehicle.","RENAME_OR_CANONICAL_NAME | SIZE_OR_AMOUNT_CHANGE","https://www.3i.com/media/fkcntktr/infrastructure_business_review.pdf | https://www.3i.com/media/04oheewu/3i-group-press-release-fy26.pdf | https://www.sec.gov/Archives/edgar/data/1922071/000192207123000001/xslFormDX08/primary_doc.xml | https://www.3i.com/infrastructure/our-approach/"
"UPD-002","UPDATE","3i Infrastructure","3i Group","FUND-002","3i NA Infrastructure Fund","3i North American Infrastructure Fund","HIGH","NAMED_FUND","CLOSED_ACTIVE","EXPLICIT_NA_MANDATE","—","—","size","$739M","$739M final commitments","The repository row matches the commercial fund but uses an abbreviated name, omits the final-commitment amount semantics and native-currency fields, lacks the reporting date, includes Digital despite the current three-holding sector set, and points its strategy URL to the separate listed vehicle.","RENAME_OR_CANONICAL_NAME | SIZE_OR_AMOUNT_CHANGE","https://www.3i.com/media/fkcntktr/infrastructure_business_review.pdf | https://www.3i.com/media/04oheewu/3i-group-press-release-fy26.pdf | https://www.sec.gov/Archives/edgar/data/1922071/000192207123000001/xslFormDX08/primary_doc.xml | https://www.3i.com/infrastructure/our-approach/"
"UPD-002","UPDATE","3i Infrastructure","3i Group","FUND-002","3i NA Infrastructure Fund","3i North American Infrastructure Fund","HIGH","NAMED_FUND","CLOSED_ACTIVE","EXPLICIT_NA_MANDATE","—","—","sizeNativeCurrency","—","USD","The repository row matches the commercial fund but uses an abbreviated name, omits the final-commitment amount semantics and native-currency fields, lacks the reporting date, includes Digital despite the current three-holding sector set, and points its strategy URL to the separate listed vehicle.","RENAME_OR_CANONICAL_NAME | SIZE_OR_AMOUNT_CHANGE","https://www.3i.com/media/fkcntktr/infrastructure_business_review.pdf | https://www.3i.com/media/04oheewu/3i-group-press-release-fy26.pdf | https://www.sec.gov/Archives/edgar/data/1922071/000192207123000001/xslFormDX08/primary_doc.xml | https://www.3i.com/infrastructure/our-approach/"
"UPD-002","UPDATE","3i Infrastructure","3i Group","FUND-002","3i NA Infrastructure Fund","3i North American Infrastructure Fund","HIGH","NAMED_FUND","CLOSED_ACTIVE","EXPLICIT_NA_MANDATE","—","—","sizeNativeAmount","—","739000000","The repository row matches the commercial fund but uses an abbreviated name, omits the final-commitment amount semantics and native-currency fields, lacks the reporting date, includes Digital despite the current three-holding sector set, and points its strategy URL to the separate listed vehicle.","RENAME_OR_CANONICAL_NAME | SIZE_OR_AMOUNT_CHANGE","https://www.3i.com/media/fkcntktr/infrastructure_business_review.pdf | https://www.3i.com/media/04oheewu/3i-group-press-release-fy26.pdf | https://www.sec.gov/Archives/edgar/data/1922071/000192207123000001/xslFormDX08/primary_doc.xml | https://www.3i.com/infrastructure/our-approach/"
"UPD-002","UPDATE","3i Infrastructure","3i Group","FUND-002","3i NA Infrastructure Fund","3i North American Infrastructure Fund","HIGH","NAMED_FUND","CLOSED_ACTIVE","EXPLICIT_NA_MANDATE","—","—","sizeBasis","—","COMMITMENTS","The repository row matches the commercial fund but uses an abbreviated name, omits the final-commitment amount semantics and native-currency fields, lacks the reporting date, includes Digital despite the current three-holding sector set, and points its strategy URL to the separate listed vehicle.","RENAME_OR_CANONICAL_NAME | SIZE_OR_AMOUNT_CHANGE","https://www.3i.com/media/fkcntktr/infrastructure_business_review.pdf | https://www.3i.com/media/04oheewu/3i-group-press-release-fy26.pdf | https://www.sec.gov/Archives/edgar/data/1922071/000192207123000001/xslFormDX08/primary_doc.xml | https://www.3i.com/infrastructure/our-approach/"
"UPD-002","UPDATE","3i Infrastructure","3i Group","FUND-002","3i NA Infrastructure Fund","3i North American Infrastructure Fund","HIGH","NAMED_FUND","CLOSED_ACTIVE","EXPLICIT_NA_MANDATE","—","—","sizeAsOf","—","2024-03-31","The repository row matches the commercial fund but uses an abbreviated name, omits the final-commitment amount semantics and native-currency fields, lacks the reporting date, includes Digital despite the current three-holding sector set, and points its strategy URL to the separate listed vehicle.","RENAME_OR_CANONICAL_NAME | SIZE_OR_AMOUNT_CHANGE","https://www.3i.com/media/fkcntktr/infrastructure_business_review.pdf | https://www.3i.com/media/04oheewu/3i-group-press-release-fy26.pdf | https://www.sec.gov/Archives/edgar/data/1922071/000192207123000001/xslFormDX08/primary_doc.xml | https://www.3i.com/infrastructure/our-approach/"
"UPD-002","UPDATE","3i Infrastructure","3i Group","FUND-002","3i NA Infrastructure Fund","3i North American Infrastructure Fund","HIGH","NAMED_FUND","CLOSED_ACTIVE","EXPLICIT_NA_MANDATE","—","—","sectors","Digital | Transportation | Social Infra","Transportation | Social Infra","The repository row matches the commercial fund but uses an abbreviated name, omits the final-commitment amount semantics and native-currency fields, lacks the reporting date, includes Digital despite the current three-holding sector set, and points its strategy URL to the separate listed vehicle.","RENAME_OR_CANONICAL_NAME | SIZE_OR_AMOUNT_CHANGE","https://www.3i.com/media/fkcntktr/infrastructure_business_review.pdf | https://www.3i.com/media/04oheewu/3i-group-press-release-fy26.pdf | https://www.sec.gov/Archives/edgar/data/1922071/000192207123000001/xslFormDX08/primary_doc.xml | https://www.3i.com/infrastructure/our-approach/"
"UPD-002","UPDATE","3i Infrastructure","3i Group","FUND-002","3i NA Infrastructure Fund","3i North American Infrastructure Fund","HIGH","NAMED_FUND","CLOSED_ACTIVE","EXPLICIT_NA_MANDATE","—","—","sourceUrls","https://www.3i.com/infrastructure/our-funds/","https://www.3i.com/media/fkcntktr/infrastructure_business_review.pdf | https://www.3i.com/media/04oheewu/3i-group-press-release-fy26.pdf | https://www.sec.gov/Archives/edgar/data/1922071/000192207123000001/xslFormDX08/primary_doc.xml | https://www.3i.com/infrastructure/","The repository row matches the commercial fund but uses an abbreviated name, omits the final-commitment amount semantics and native-currency fields, lacks the reporting date, includes Digital despite the current three-holding sector set, and points its strategy URL to the separate listed vehicle.","RENAME_OR_CANONICAL_NAME | SIZE_OR_AMOUNT_CHANGE","https://www.3i.com/media/fkcntktr/infrastructure_business_review.pdf | https://www.3i.com/media/04oheewu/3i-group-press-release-fy26.pdf | https://www.sec.gov/Archives/edgar/data/1922071/000192207123000001/xslFormDX08/primary_doc.xml | https://www.3i.com/infrastructure/our-approach/"
"UPD-002","UPDATE","3i Infrastructure","3i Group","FUND-002","3i NA Infrastructure Fund","3i North American Infrastructure Fund","HIGH","NAMED_FUND","CLOSED_ACTIVE","EXPLICIT_NA_MANDATE","—","—","strategyUrl","https://www.3i-infrastructure.com/","https://www.3i.com/infrastructure/our-approach/","The repository row matches the commercial fund but uses an abbreviated name, omits the final-commitment amount semantics and native-currency fields, lacks the reporting date, includes Digital despite the current three-holding sector set, and points its strategy URL to the separate listed vehicle.","RENAME_OR_CANONICAL_NAME | SIZE_OR_AMOUNT_CHANGE","https://www.3i.com/media/fkcntktr/infrastructure_business_review.pdf | https://www.3i.com/media/04oheewu/3i-group-press-release-fy26.pdf | https://www.sec.gov/Archives/edgar/data/1922071/000192207123000001/xslFormDX08/primary_doc.xml | https://www.3i.com/infrastructure/our-approach/"
"UPD-003","UPDATE","ADIA Infrastructure","Abu Dhabi Investment Authority (ADIA)","FUND-003","ADIA Direct Infrastructure","Infrastructure Department","MEDIUM","PROGRAM_EXCEPTION","EVERGREEN_ACTIVE","VERIFIED_CURRENT_NA_HOLDING: Sempra Infrastructure Partners","—","—","fundName","ADIA Direct Infrastructure","Infrastructure Department","The repository row matches the same sovereign infrastructure program, but current primary materials identify the official program as the Infrastructure Department rather than 'ADIA Direct Infrastructure'. The program has an evidenced current North American deployment through Sempra Infrastructure Partners, so North America is added to the existing Global region classification. The legacy ID is preserved and no other canonical repository field is changed.","RENAME_OR_CANONICAL_NAME | MEDIUM_CONFIDENCE | PROGRAM_EXCEPTION","https://www.adia.ae/en/investments/infrastructure | https://www.adia.ae/en/pr/2024/pdf/adia-annual-review-2024_final.pdf | https://www.adia.ae/en/investments/infrastructure/portfolio/case-studies/sempra-infrastructure | https://www.sempra.com/newsroom/press-releases/sempra-advances-strategic-priorities-key-leadership-appointments"
"UPD-003","UPDATE","ADIA Infrastructure","Abu Dhabi Investment Authority (ADIA)","FUND-003","ADIA Direct Infrastructure","Infrastructure Department","MEDIUM","PROGRAM_EXCEPTION","EVERGREEN_ACTIVE","VERIFIED_CURRENT_NA_HOLDING: Sempra Infrastructure Partners","—","—","regions","Global","North America | Global","The repository row matches the same sovereign infrastructure program, but current primary materials identify the official program as the Infrastructure Department rather than 'ADIA Direct Infrastructure'. The program has an evidenced current North American deployment through Sempra Infrastructure Partners, so North America is added to the existing Global region classification. The legacy ID is preserved and no other canonical repository field is changed.","RENAME_OR_CANONICAL_NAME | MEDIUM_CONFIDENCE | PROGRAM_EXCEPTION","https://www.adia.ae/en/investments/infrastructure | https://www.adia.ae/en/pr/2024/pdf/adia-annual-review-2024_final.pdf | https://www.adia.ae/en/investments/infrastructure/portfolio/case-studies/sempra-infrastructure | https://www.sempra.com/newsroom/press-releases/sempra-advances-strategic-priorities-key-leadership-appointments"
"UPD-004","UPDATE","Amber Infrastructure","Amber Infrastructure Group","FUND-005","International Public Partnerships (INPP)","International Public Partnerships (INPP)","HIGH","NAMED_FUND","CLOSED_ACTIVE","EXPLICIT_NA_MANDATE","—","—","size","£3.0B","£2.7B NAV","The repository identity is correct, but current evidence supports £2.7 billion of GBP NAV at 31 December 2025 with no sourced USD conversion and an explicit Europe, North America and Asia-Pacific footprint.","SIZE_OR_AMOUNT_CHANGE","https://www.amberinfrastructure.com/funds/international-public-partnerships/ | https://www.internationalpublicpartnerships.com/media/oeqitesp/inpp_fy-2025_kid-vf.pdf | https://www.internationalpublicpartnerships.com/media/nvyaj5am/inpp-sustainability-report-march-2026.pdf | https://www.investegate.co.uk/announcement/rns/international-public-partnerships-ltd---inpp/full-year-results-to-year-ended-31-december-2025/9492544"
"UPD-004","UPDATE","Amber Infrastructure","Amber Infrastructure Group","FUND-005","International Public Partnerships (INPP)","International Public Partnerships (INPP)","HIGH","NAMED_FUND","CLOSED_ACTIVE","EXPLICIT_NA_MANDATE","—","—","sizeUsdMm","3900","—","The repository identity is correct, but current evidence supports £2.7 billion of GBP NAV at 31 December 2025 with no sourced USD conversion and an explicit Europe, North America and Asia-Pacific footprint.","SIZE_OR_AMOUNT_CHANGE","https://www.amberinfrastructure.com/funds/international-public-partnerships/ | https://www.internationalpublicpartnerships.com/media/oeqitesp/inpp_fy-2025_kid-vf.pdf | https://www.internationalpublicpartnerships.com/media/nvyaj5am/inpp-sustainability-report-march-2026.pdf | https://www.investegate.co.uk/announcement/rns/international-public-partnerships-ltd---inpp/full-year-results-to-year-ended-31-december-2025/9492544"
"UPD-004","UPDATE","Amber Infrastructure","Amber Infrastructure Group","FUND-005","International Public Partnerships (INPP)","International Public Partnerships (INPP)","HIGH","NAMED_FUND","CLOSED_ACTIVE","EXPLICIT_NA_MANDATE","—","—","sizeNativeCurrency","—","GBP","The repository identity is correct, but current evidence supports £2.7 billion of GBP NAV at 31 December 2025 with no sourced USD conversion and an explicit Europe, North America and Asia-Pacific footprint.","SIZE_OR_AMOUNT_CHANGE","https://www.amberinfrastructure.com/funds/international-public-partnerships/ | https://www.internationalpublicpartnerships.com/media/oeqitesp/inpp_fy-2025_kid-vf.pdf | https://www.internationalpublicpartnerships.com/media/nvyaj5am/inpp-sustainability-report-march-2026.pdf | https://www.investegate.co.uk/announcement/rns/international-public-partnerships-ltd---inpp/full-year-results-to-year-ended-31-december-2025/9492544"
"UPD-004","UPDATE","Amber Infrastructure","Amber Infrastructure Group","FUND-005","International Public Partnerships (INPP)","International Public Partnerships (INPP)","HIGH","NAMED_FUND","CLOSED_ACTIVE","EXPLICIT_NA_MANDATE","—","—","sizeNativeAmount","—","2700000000","The repository identity is correct, but current evidence supports £2.7 billion of GBP NAV at 31 December 2025 with no sourced USD conversion and an explicit Europe, North America and Asia-Pacific footprint.","SIZE_OR_AMOUNT_CHANGE","https://www.amberinfrastructure.com/funds/international-public-partnerships/ | https://www.internationalpublicpartnerships.com/media/oeqitesp/inpp_fy-2025_kid-vf.pdf | https://www.internationalpublicpartnerships.com/media/nvyaj5am/inpp-sustainability-report-march-2026.pdf | https://www.investegate.co.uk/announcement/rns/international-public-partnerships-ltd---inpp/full-year-results-to-year-ended-31-december-2025/9492544"
"UPD-004","UPDATE","Amber Infrastructure","Amber Infrastructure Group","FUND-005","International Public Partnerships (INPP)","International Public Partnerships (INPP)","HIGH","NAMED_FUND","CLOSED_ACTIVE","EXPLICIT_NA_MANDATE","—","—","sizeBasis","—","AUM","The repository identity is correct, but current evidence supports £2.7 billion of GBP NAV at 31 December 2025 with no sourced USD conversion and an explicit Europe, North America and Asia-Pacific footprint.","SIZE_OR_AMOUNT_CHANGE","https://www.amberinfrastructure.com/funds/international-public-partnerships/ | https://www.internationalpublicpartnerships.com/media/oeqitesp/inpp_fy-2025_kid-vf.pdf | https://www.internationalpublicpartnerships.com/media/nvyaj5am/inpp-sustainability-report-march-2026.pdf | https://www.investegate.co.uk/announcement/rns/international-public-partnerships-ltd---inpp/full-year-results-to-year-ended-31-december-2025/9492544"
"UPD-004","UPDATE","Amber Infrastructure","Amber Infrastructure Group","FUND-005","International Public Partnerships (INPP)","International Public Partnerships (INPP)","HIGH","NAMED_FUND","CLOSED_ACTIVE","EXPLICIT_NA_MANDATE","—","—","sizeAsOf","—","2025-12-31","The repository identity is correct, but current evidence supports £2.7 billion of GBP NAV at 31 December 2025 with no sourced USD conversion and an explicit Europe, North America and Asia-Pacific footprint.","SIZE_OR_AMOUNT_CHANGE","https://www.amberinfrastructure.com/funds/international-public-partnerships/ | https://www.internationalpublicpartnerships.com/media/oeqitesp/inpp_fy-2025_kid-vf.pdf | https://www.internationalpublicpartnerships.com/media/nvyaj5am/inpp-sustainability-report-march-2026.pdf | https://www.investegate.co.uk/announcement/rns/international-public-partnerships-ltd---inpp/full-year-results-to-year-ended-31-december-2025/9492544"
"UPD-004","UPDATE","Amber Infrastructure","Amber Infrastructure Group","FUND-005","International Public Partnerships (INPP)","International Public Partnerships (INPP)","HIGH","NAMED_FUND","CLOSED_ACTIVE","EXPLICIT_NA_MANDATE","—","—","regions","Europe","Europe | North America | Asia-Pacific","The repository identity is correct, but current evidence supports £2.7 billion of GBP NAV at 31 December 2025 with no sourced USD conversion and an explicit Europe, North America and Asia-Pacific footprint.","SIZE_OR_AMOUNT_CHANGE","https://www.amberinfrastructure.com/funds/international-public-partnerships/ | https://www.internationalpublicpartnerships.com/media/oeqitesp/inpp_fy-2025_kid-vf.pdf | https://www.internationalpublicpartnerships.com/media/nvyaj5am/inpp-sustainability-report-march-2026.pdf | https://www.investegate.co.uk/announcement/rns/international-public-partnerships-ltd---inpp/full-year-results-to-year-ended-31-december-2025/9492544"
"UPD-005","UPDATE","Antin Infrastructure Partners","Antin Infrastructure Partners","FUND-006A","Antin Flagship Fund III","Antin Flagship Fund III","HIGH","NAMED_FUND","CLOSED_ACTIVE","VERIFIED_CURRENT_NA_HOLDING: FirstLight Fiber","—","—","sizeUsdMm","3960","—","The repository identity and core strategy match, but primary sources require native EUR amount metadata, final-close semantics and date, a null USD amount because no official USD equivalent was stated, and replacement of the indirect filing/homepage links with direct official fund and strategy sources.","SIZE_OR_AMOUNT_CHANGE","https://www.antin-ip.com/media/our-news/antin-infrastructure-partners-raises-e3-6-billion-fund | https://www.antin-ip.com/wp-content/uploads/2026/06/Antin-IP-SA-2025-URD.pdf | https://www.antin-ip.com/investments/firstlight-fiber | https://www.antin-ip.com/wp-content/uploads/2026/03/Antin-FY25-Results-PR.pdf | https://www.antin-ip.com/who-we-are/strategies/flagship"
"UPD-005","UPDATE","Antin Infrastructure Partners","Antin Infrastructure Partners","FUND-006A","Antin Flagship Fund III","Antin Flagship Fund III","HIGH","NAMED_FUND","CLOSED_ACTIVE","VERIFIED_CURRENT_NA_HOLDING: FirstLight Fiber","—","—","sizeNativeCurrency","—","EUR","The repository identity and core strategy match, but primary sources require native EUR amount metadata, final-close semantics and date, a null USD amount because no official USD equivalent was stated, and replacement of the indirect filing/homepage links with direct official fund and strategy sources.","SIZE_OR_AMOUNT_CHANGE","https://www.antin-ip.com/media/our-news/antin-infrastructure-partners-raises-e3-6-billion-fund | https://www.antin-ip.com/wp-content/uploads/2026/06/Antin-IP-SA-2025-URD.pdf | https://www.antin-ip.com/investments/firstlight-fiber | https://www.antin-ip.com/wp-content/uploads/2026/03/Antin-FY25-Results-PR.pdf | https://www.antin-ip.com/who-we-are/strategies/flagship"
"UPD-005","UPDATE","Antin Infrastructure Partners","Antin Infrastructure Partners","FUND-006A","Antin Flagship Fund III","Antin Flagship Fund III","HIGH","NAMED_FUND","CLOSED_ACTIVE","VERIFIED_CURRENT_NA_HOLDING: FirstLight Fiber","—","—","sizeNativeAmount","—","3600000000","The repository identity and core strategy match, but primary sources require native EUR amount metadata, final-close semantics and date, a null USD amount because no official USD equivalent was stated, and replacement of the indirect filing/homepage links with direct official fund and strategy sources.","SIZE_OR_AMOUNT_CHANGE","https://www.antin-ip.com/media/our-news/antin-infrastructure-partners-raises-e3-6-billion-fund | https://www.antin-ip.com/wp-content/uploads/2026/06/Antin-IP-SA-2025-URD.pdf | https://www.antin-ip.com/investments/firstlight-fiber | https://www.antin-ip.com/wp-content/uploads/2026/03/Antin-FY25-Results-PR.pdf | https://www.antin-ip.com/who-we-are/strategies/flagship"
"UPD-005","UPDATE","Antin Infrastructure Partners","Antin Infrastructure Partners","FUND-006A","Antin Flagship Fund III","Antin Flagship Fund III","HIGH","NAMED_FUND","CLOSED_ACTIVE","VERIFIED_CURRENT_NA_HOLDING: FirstLight Fiber","—","—","sizeBasis","—","FINAL_CLOSE","The repository identity and core strategy match, but primary sources require native EUR amount metadata, final-close semantics and date, a null USD amount because no official USD equivalent was stated, and replacement of the indirect filing/homepage links with direct official fund and strategy sources.","SIZE_OR_AMOUNT_CHANGE","https://www.antin-ip.com/media/our-news/antin-infrastructure-partners-raises-e3-6-billion-fund | https://www.antin-ip.com/wp-content/uploads/2026/06/Antin-IP-SA-2025-URD.pdf | https://www.antin-ip.com/investments/firstlight-fiber | https://www.antin-ip.com/wp-content/uploads/2026/03/Antin-FY25-Results-PR.pdf | https://www.antin-ip.com/who-we-are/strategies/flagship"
"UPD-005","UPDATE","Antin Infrastructure Partners","Antin Infrastructure Partners","FUND-006A","Antin Flagship Fund III","Antin Flagship Fund III","HIGH","NAMED_FUND","CLOSED_ACTIVE","VERIFIED_CURRENT_NA_HOLDING: FirstLight Fiber","—","—","sizeAsOf","—","2016-12-13","The repository identity and core strategy match, but primary sources require native EUR amount metadata, final-close semantics and date, a null USD amount because no official USD equivalent was stated, and replacement of the indirect filing/homepage links with direct official fund and strategy sources.","SIZE_OR_AMOUNT_CHANGE","https://www.antin-ip.com/media/our-news/antin-infrastructure-partners-raises-e3-6-billion-fund | https://www.antin-ip.com/wp-content/uploads/2026/06/Antin-IP-SA-2025-URD.pdf | https://www.antin-ip.com/investments/firstlight-fiber | https://www.antin-ip.com/wp-content/uploads/2026/03/Antin-FY25-Results-PR.pdf | https://www.antin-ip.com/who-we-are/strategies/flagship"
"UPD-005","UPDATE","Antin Infrastructure Partners","Antin Infrastructure Partners","FUND-006A","Antin Flagship Fund III","Antin Flagship Fund III","HIGH","NAMED_FUND","CLOSED_ACTIVE","VERIFIED_CURRENT_NA_HOLDING: FirstLight Fiber","—","—","sourceUrls","https://financialreports.eu/filings/835156/content/","https://www.antin-ip.com/media/our-news/antin-infrastructure-partners-raises-e3-6-billion-fund | https://www.antin-ip.com/wp-content/uploads/2026/03/Antin-FY25-Results-PR.pdf | https://www.antin-ip.com/wp-content/uploads/2026/05/Antin-1Q26-Activity-Update-PR-VF.pdf | https://www.antin-ip.com/wp-content/uploads/2026/06/Antin-IP-SA-2025-URD.pdf | https://www.antin-ip.com/investments/firstlight-fiber | https://www.antin-ip.com/who-we-are/strategies/flagship","The repository identity and core strategy match, but primary sources require native EUR amount metadata, final-close semantics and date, a null USD amount because no official USD equivalent was stated, and replacement of the indirect filing/homepage links with direct official fund and strategy sources.","SIZE_OR_AMOUNT_CHANGE","https://www.antin-ip.com/media/our-news/antin-infrastructure-partners-raises-e3-6-billion-fund | https://www.antin-ip.com/wp-content/uploads/2026/06/Antin-IP-SA-2025-URD.pdf | https://www.antin-ip.com/investments/firstlight-fiber | https://www.antin-ip.com/wp-content/uploads/2026/03/Antin-FY25-Results-PR.pdf | https://www.antin-ip.com/who-we-are/strategies/flagship"
"UPD-005","UPDATE","Antin Infrastructure Partners","Antin Infrastructure Partners","FUND-006A","Antin Flagship Fund III","Antin Flagship Fund III","HIGH","NAMED_FUND","CLOSED_ACTIVE","VERIFIED_CURRENT_NA_HOLDING: FirstLight Fiber","—","—","strategyUrl","https://www.antin-ip.com/","https://www.antin-ip.com/who-we-are/strategies/flagship","The repository identity and core strategy match, but primary sources require native EUR amount metadata, final-close semantics and date, a null USD amount because no official USD equivalent was stated, and replacement of the indirect filing/homepage links with direct official fund and strategy sources.","SIZE_OR_AMOUNT_CHANGE","https://www.antin-ip.com/media/our-news/antin-infrastructure-partners-raises-e3-6-billion-fund | https://www.antin-ip.com/wp-content/uploads/2026/06/Antin-IP-SA-2025-URD.pdf | https://www.antin-ip.com/investments/firstlight-fiber | https://www.antin-ip.com/wp-content/uploads/2026/03/Antin-FY25-Results-PR.pdf | https://www.antin-ip.com/who-we-are/strategies/flagship"
"UPD-006","UPDATE","Antin Infrastructure Partners","Antin Infrastructure Partners","FUND-006B","Antin Fund III-B","Antin Fund III-B","HIGH","NAMED_FUND","CLOSED_ACTIVE","VERIFIED_CURRENT_NA_HOLDING: FirstLight Fiber","—","—","sizeUsdMm","1320","—","The repository identity and continuation-vehicle description match, but primary sources require native EUR commitment metadata and an as-of date, a null USD amount because no official USD equivalent was stated, and direct official fund and strategy sources.","SIZE_OR_AMOUNT_CHANGE","https://www.antin-ip.com/wp-content/uploads/2026/03/Antin-FY25-Results-PR.pdf | https://www.antin-ip.com/wp-content/uploads/2026/06/Antin-IP-SA-2025-URD.pdf | https://www.antin-ip.com/wp-content/uploads/2026/05/Antin-1Q26-Activity-Update-PR-VF.pdf | https://www.antin-ip.com/who-we-are/strategies/flagship"
"UPD-006","UPDATE","Antin Infrastructure Partners","Antin Infrastructure Partners","FUND-006B","Antin Fund III-B","Antin Fund III-B","HIGH","NAMED_FUND","CLOSED_ACTIVE","VERIFIED_CURRENT_NA_HOLDING: FirstLight Fiber","—","—","sizeNativeCurrency","—","EUR","The repository identity and continuation-vehicle description match, but primary sources require native EUR commitment metadata and an as-of date, a null USD amount because no official USD equivalent was stated, and direct official fund and strategy sources.","SIZE_OR_AMOUNT_CHANGE","https://www.antin-ip.com/wp-content/uploads/2026/03/Antin-FY25-Results-PR.pdf | https://www.antin-ip.com/wp-content/uploads/2026/06/Antin-IP-SA-2025-URD.pdf | https://www.antin-ip.com/wp-content/uploads/2026/05/Antin-1Q26-Activity-Update-PR-VF.pdf | https://www.antin-ip.com/who-we-are/strategies/flagship"
"UPD-006","UPDATE","Antin Infrastructure Partners","Antin Infrastructure Partners","FUND-006B","Antin Fund III-B","Antin Fund III-B","HIGH","NAMED_FUND","CLOSED_ACTIVE","VERIFIED_CURRENT_NA_HOLDING: FirstLight Fiber","—","—","sizeNativeAmount","—","1200000000","The repository identity and continuation-vehicle description match, but primary sources require native EUR commitment metadata and an as-of date, a null USD amount because no official USD equivalent was stated, and direct official fund and strategy sources.","SIZE_OR_AMOUNT_CHANGE","https://www.antin-ip.com/wp-content/uploads/2026/03/Antin-FY25-Results-PR.pdf | https://www.antin-ip.com/wp-content/uploads/2026/06/Antin-IP-SA-2025-URD.pdf | https://www.antin-ip.com/wp-content/uploads/2026/05/Antin-1Q26-Activity-Update-PR-VF.pdf | https://www.antin-ip.com/who-we-are/strategies/flagship"
"UPD-006","UPDATE","Antin Infrastructure Partners","Antin Infrastructure Partners","FUND-006B","Antin Fund III-B","Antin Fund III-B","HIGH","NAMED_FUND","CLOSED_ACTIVE","VERIFIED_CURRENT_NA_HOLDING: FirstLight Fiber","—","—","sizeBasis","—","COMMITMENTS","The repository identity and continuation-vehicle description match, but primary sources require native EUR commitment metadata and an as-of date, a null USD amount because no official USD equivalent was stated, and direct official fund and strategy sources.","SIZE_OR_AMOUNT_CHANGE","https://www.antin-ip.com/wp-content/uploads/2026/03/Antin-FY25-Results-PR.pdf | https://www.antin-ip.com/wp-content/uploads/2026/06/Antin-IP-SA-2025-URD.pdf | https://www.antin-ip.com/wp-content/uploads/2026/05/Antin-1Q26-Activity-Update-PR-VF.pdf | https://www.antin-ip.com/who-we-are/strategies/flagship"
"UPD-006","UPDATE","Antin Infrastructure Partners","Antin Infrastructure Partners","FUND-006B","Antin Fund III-B","Antin Fund III-B","HIGH","NAMED_FUND","CLOSED_ACTIVE","VERIFIED_CURRENT_NA_HOLDING: FirstLight Fiber","—","—","sizeAsOf","—","2025-12-31","The repository identity and continuation-vehicle description match, but primary sources require native EUR commitment metadata and an as-of date, a null USD amount because no official USD equivalent was stated, and direct official fund and strategy sources.","SIZE_OR_AMOUNT_CHANGE","https://www.antin-ip.com/wp-content/uploads/2026/03/Antin-FY25-Results-PR.pdf | https://www.antin-ip.com/wp-content/uploads/2026/06/Antin-IP-SA-2025-URD.pdf | https://www.antin-ip.com/wp-content/uploads/2026/05/Antin-1Q26-Activity-Update-PR-VF.pdf | https://www.antin-ip.com/who-we-are/strategies/flagship"
"UPD-006","UPDATE","Antin Infrastructure Partners","Antin Infrastructure Partners","FUND-006B","Antin Fund III-B","Antin Fund III-B","HIGH","NAMED_FUND","CLOSED_ACTIVE","VERIFIED_CURRENT_NA_HOLDING: FirstLight Fiber","—","—","sourceUrls","https://financialreports.eu/filings/835156/content/","https://www.antin-ip.com/wp-content/uploads/2026/03/Antin-FY25-Results-PR.pdf | https://www.antin-ip.com/wp-content/uploads/2026/05/Antin-1Q26-Activity-Update-PR-VF.pdf | https://www.antin-ip.com/wp-content/uploads/2026/06/Antin-IP-SA-2025-URD.pdf | https://www.antin-ip.com/investments/firstlight-fiber | https://www.antin-ip.com/who-we-are/strategies/flagship","The repository identity and continuation-vehicle description match, but primary sources require native EUR commitment metadata and an as-of date, a null USD amount because no official USD equivalent was stated, and direct official fund and strategy sources.","SIZE_OR_AMOUNT_CHANGE","https://www.antin-ip.com/wp-content/uploads/2026/03/Antin-FY25-Results-PR.pdf | https://www.antin-ip.com/wp-content/uploads/2026/06/Antin-IP-SA-2025-URD.pdf | https://www.antin-ip.com/wp-content/uploads/2026/05/Antin-1Q26-Activity-Update-PR-VF.pdf | https://www.antin-ip.com/who-we-are/strategies/flagship"
"UPD-006","UPDATE","Antin Infrastructure Partners","Antin Infrastructure Partners","FUND-006B","Antin Fund III-B","Antin Fund III-B","HIGH","NAMED_FUND","CLOSED_ACTIVE","VERIFIED_CURRENT_NA_HOLDING: FirstLight Fiber","—","—","strategyUrl","https://www.antin-ip.com/","https://www.antin-ip.com/who-we-are/strategies/flagship","The repository identity and continuation-vehicle description match, but primary sources require native EUR commitment metadata and an as-of date, a null USD amount because no official USD equivalent was stated, and direct official fund and strategy sources.","SIZE_OR_AMOUNT_CHANGE","https://www.antin-ip.com/wp-content/uploads/2026/03/Antin-FY25-Results-PR.pdf | https://www.antin-ip.com/wp-content/uploads/2026/06/Antin-IP-SA-2025-URD.pdf | https://www.antin-ip.com/wp-content/uploads/2026/05/Antin-1Q26-Activity-Update-PR-VF.pdf | https://www.antin-ip.com/who-we-are/strategies/flagship"
"UPD-007","UPDATE","Antin Infrastructure Partners","Antin Infrastructure Partners","FUND-006C","Antin Flagship Fund IV","Antin Flagship Fund IV","HIGH","NAMED_FUND","CLOSED_ACTIVE","EXPLICIT_NA_MANDATE","—","—","sizeUsdMm","7150","7600","The repository identity, strategy and native size match, but the official release states a $7.6 billion USD equivalent rather than $7.15 billion and supports native EUR amount, final-close semantics/date, and direct official source and strategy URLs.","SIZE_OR_AMOUNT_CHANGE","https://www.antin-ip.com/media/our-news/antin-infrastructure-partners-successfully-closes-fourth-fund-hard-cap-raising-e65 | https://www.antin-ip.com/wp-content/uploads/2026/03/Antin-FY25-Results-PR.pdf | https://www.antin-ip.com/wp-content/uploads/2026/05/Antin-1Q26-Activity-Update-PR-VF.pdf | https://www.antin-ip.com/who-we-are/strategies/flagship"
"UPD-007","UPDATE","Antin Infrastructure Partners","Antin Infrastructure Partners","FUND-006C","Antin Flagship Fund IV","Antin Flagship Fund IV","HIGH","NAMED_FUND","CLOSED_ACTIVE","EXPLICIT_NA_MANDATE","—","—","sizeNativeCurrency","—","EUR","The repository identity, strategy and native size match, but the official release states a $7.6 billion USD equivalent rather than $7.15 billion and supports native EUR amount, final-close semantics/date, and direct official source and strategy URLs.","SIZE_OR_AMOUNT_CHANGE","https://www.antin-ip.com/media/our-news/antin-infrastructure-partners-successfully-closes-fourth-fund-hard-cap-raising-e65 | https://www.antin-ip.com/wp-content/uploads/2026/03/Antin-FY25-Results-PR.pdf | https://www.antin-ip.com/wp-content/uploads/2026/05/Antin-1Q26-Activity-Update-PR-VF.pdf | https://www.antin-ip.com/who-we-are/strategies/flagship"
"UPD-007","UPDATE","Antin Infrastructure Partners","Antin Infrastructure Partners","FUND-006C","Antin Flagship Fund IV","Antin Flagship Fund IV","HIGH","NAMED_FUND","CLOSED_ACTIVE","EXPLICIT_NA_MANDATE","—","—","sizeNativeAmount","—","6500000000","The repository identity, strategy and native size match, but the official release states a $7.6 billion USD equivalent rather than $7.15 billion and supports native EUR amount, final-close semantics/date, and direct official source and strategy URLs.","SIZE_OR_AMOUNT_CHANGE","https://www.antin-ip.com/media/our-news/antin-infrastructure-partners-successfully-closes-fourth-fund-hard-cap-raising-e65 | https://www.antin-ip.com/wp-content/uploads/2026/03/Antin-FY25-Results-PR.pdf | https://www.antin-ip.com/wp-content/uploads/2026/05/Antin-1Q26-Activity-Update-PR-VF.pdf | https://www.antin-ip.com/who-we-are/strategies/flagship"
"UPD-007","UPDATE","Antin Infrastructure Partners","Antin Infrastructure Partners","FUND-006C","Antin Flagship Fund IV","Antin Flagship Fund IV","HIGH","NAMED_FUND","CLOSED_ACTIVE","EXPLICIT_NA_MANDATE","—","—","sizeBasis","—","FINAL_CLOSE","The repository identity, strategy and native size match, but the official release states a $7.6 billion USD equivalent rather than $7.15 billion and supports native EUR amount, final-close semantics/date, and direct official source and strategy URLs.","SIZE_OR_AMOUNT_CHANGE","https://www.antin-ip.com/media/our-news/antin-infrastructure-partners-successfully-closes-fourth-fund-hard-cap-raising-e65 | https://www.antin-ip.com/wp-content/uploads/2026/03/Antin-FY25-Results-PR.pdf | https://www.antin-ip.com/wp-content/uploads/2026/05/Antin-1Q26-Activity-Update-PR-VF.pdf | https://www.antin-ip.com/who-we-are/strategies/flagship"
"UPD-007","UPDATE","Antin Infrastructure Partners","Antin Infrastructure Partners","FUND-006C","Antin Flagship Fund IV","Antin Flagship Fund IV","HIGH","NAMED_FUND","CLOSED_ACTIVE","EXPLICIT_NA_MANDATE","—","—","sizeAsOf","—","2020-07-28","The repository identity, strategy and native size match, but the official release states a $7.6 billion USD equivalent rather than $7.15 billion and supports native EUR amount, final-close semantics/date, and direct official source and strategy URLs.","SIZE_OR_AMOUNT_CHANGE","https://www.antin-ip.com/media/our-news/antin-infrastructure-partners-successfully-closes-fourth-fund-hard-cap-raising-e65 | https://www.antin-ip.com/wp-content/uploads/2026/03/Antin-FY25-Results-PR.pdf | https://www.antin-ip.com/wp-content/uploads/2026/05/Antin-1Q26-Activity-Update-PR-VF.pdf | https://www.antin-ip.com/who-we-are/strategies/flagship"
"UPD-007","UPDATE","Antin Infrastructure Partners","Antin Infrastructure Partners","FUND-006C","Antin Flagship Fund IV","Antin Flagship Fund IV","HIGH","NAMED_FUND","CLOSED_ACTIVE","EXPLICIT_NA_MANDATE","—","—","sourceUrls","https://financialreports.eu/filings/835156/content/","https://www.antin-ip.com/media/our-news/antin-infrastructure-partners-successfully-closes-fourth-fund-hard-cap-raising-e65 | https://www.antin-ip.com/wp-content/uploads/2026/03/Antin-FY25-Results-PR.pdf | https://www.antin-ip.com/wp-content/uploads/2026/05/Antin-1Q26-Activity-Update-PR-VF.pdf | https://www.antin-ip.com/who-we-are/strategies/flagship","The repository identity, strategy and native size match, but the official release states a $7.6 billion USD equivalent rather than $7.15 billion and supports native EUR amount, final-close semantics/date, and direct official source and strategy URLs.","SIZE_OR_AMOUNT_CHANGE","https://www.antin-ip.com/media/our-news/antin-infrastructure-partners-successfully-closes-fourth-fund-hard-cap-raising-e65 | https://www.antin-ip.com/wp-content/uploads/2026/03/Antin-FY25-Results-PR.pdf | https://www.antin-ip.com/wp-content/uploads/2026/05/Antin-1Q26-Activity-Update-PR-VF.pdf | https://www.antin-ip.com/who-we-are/strategies/flagship"
"UPD-007","UPDATE","Antin Infrastructure Partners","Antin Infrastructure Partners","FUND-006C","Antin Flagship Fund IV","Antin Flagship Fund IV","HIGH","NAMED_FUND","CLOSED_ACTIVE","EXPLICIT_NA_MANDATE","—","—","strategyUrl","https://www.antin-ip.com/","https://www.antin-ip.com/who-we-are/strategies/flagship","The repository identity, strategy and native size match, but the official release states a $7.6 billion USD equivalent rather than $7.15 billion and supports native EUR amount, final-close semantics/date, and direct official source and strategy URLs.","SIZE_OR_AMOUNT_CHANGE","https://www.antin-ip.com/media/our-news/antin-infrastructure-partners-successfully-closes-fourth-fund-hard-cap-raising-e65 | https://www.antin-ip.com/wp-content/uploads/2026/03/Antin-FY25-Results-PR.pdf | https://www.antin-ip.com/wp-content/uploads/2026/05/Antin-1Q26-Activity-Update-PR-VF.pdf | https://www.antin-ip.com/who-we-are/strategies/flagship"
"UPD-008","UPDATE","Antin Infrastructure Partners","Antin Infrastructure Partners","FUND-007","Antin Flagship Fund V","Antin Flagship Fund V","HIGH","NAMED_FUND","CLOSED_ACTIVE","EXPLICIT_NA_MANDATE","—","—","sizeUsdMm","11220","10700","The repository identity and strategy match, but the official final-close release states a $10.7 billion USD equivalent rather than $11.22 billion and supports native EUR amount, final-close semantics/date, and direct official source and strategy URLs.","SIZE_OR_AMOUNT_CHANGE","https://www.antin-ip.com/media/our-news/antin-infrastructure-partners-closes-flagship-fund-v-above-e10-billion-target | https://www.antin-ip.com/wp-content/uploads/2026/03/Antin-FY25-Results-PR.pdf | https://www.antin-ip.com/media/our-news/antin-acquires-sapphire-gas-solutions-from-apollo-funds | https://www.antin-ip.com/who-we-are/strategies/flagship"
"UPD-008","UPDATE","Antin Infrastructure Partners","Antin Infrastructure Partners","FUND-007","Antin Flagship Fund V","Antin Flagship Fund V","HIGH","NAMED_FUND","CLOSED_ACTIVE","EXPLICIT_NA_MANDATE","—","—","sizeNativeCurrency","—","EUR","The repository identity and strategy match, but the official final-close release states a $10.7 billion USD equivalent rather than $11.22 billion and supports native EUR amount, final-close semantics/date, and direct official source and strategy URLs.","SIZE_OR_AMOUNT_CHANGE","https://www.antin-ip.com/media/our-news/antin-infrastructure-partners-closes-flagship-fund-v-above-e10-billion-target | https://www.antin-ip.com/wp-content/uploads/2026/03/Antin-FY25-Results-PR.pdf | https://www.antin-ip.com/media/our-news/antin-acquires-sapphire-gas-solutions-from-apollo-funds | https://www.antin-ip.com/who-we-are/strategies/flagship"
"UPD-008","UPDATE","Antin Infrastructure Partners","Antin Infrastructure Partners","FUND-007","Antin Flagship Fund V","Antin Flagship Fund V","HIGH","NAMED_FUND","CLOSED_ACTIVE","EXPLICIT_NA_MANDATE","—","—","sizeNativeAmount","—","10200000000","The repository identity and strategy match, but the official final-close release states a $10.7 billion USD equivalent rather than $11.22 billion and supports native EUR amount, final-close semantics/date, and direct official source and strategy URLs.","SIZE_OR_AMOUNT_CHANGE","https://www.antin-ip.com/media/our-news/antin-infrastructure-partners-closes-flagship-fund-v-above-e10-billion-target | https://www.antin-ip.com/wp-content/uploads/2026/03/Antin-FY25-Results-PR.pdf | https://www.antin-ip.com/media/our-news/antin-acquires-sapphire-gas-solutions-from-apollo-funds | https://www.antin-ip.com/who-we-are/strategies/flagship"
"UPD-008","UPDATE","Antin Infrastructure Partners","Antin Infrastructure Partners","FUND-007","Antin Flagship Fund V","Antin Flagship Fund V","HIGH","NAMED_FUND","CLOSED_ACTIVE","EXPLICIT_NA_MANDATE","—","—","sizeBasis","—","FINAL_CLOSE","The repository identity and strategy match, but the official final-close release states a $10.7 billion USD equivalent rather than $11.22 billion and supports native EUR amount, final-close semantics/date, and direct official source and strategy URLs.","SIZE_OR_AMOUNT_CHANGE","https://www.antin-ip.com/media/our-news/antin-infrastructure-partners-closes-flagship-fund-v-above-e10-billion-target | https://www.antin-ip.com/wp-content/uploads/2026/03/Antin-FY25-Results-PR.pdf | https://www.antin-ip.com/media/our-news/antin-acquires-sapphire-gas-solutions-from-apollo-funds | https://www.antin-ip.com/who-we-are/strategies/flagship"
"UPD-008","UPDATE","Antin Infrastructure Partners","Antin Infrastructure Partners","FUND-007","Antin Flagship Fund V","Antin Flagship Fund V","HIGH","NAMED_FUND","CLOSED_ACTIVE","EXPLICIT_NA_MANDATE","—","—","sizeAsOf","—","2024-12-19","The repository identity and strategy match, but the official final-close release states a $10.7 billion USD equivalent rather than $11.22 billion and supports native EUR amount, final-close semantics/date, and direct official source and strategy URLs.","SIZE_OR_AMOUNT_CHANGE","https://www.antin-ip.com/media/our-news/antin-infrastructure-partners-closes-flagship-fund-v-above-e10-billion-target | https://www.antin-ip.com/wp-content/uploads/2026/03/Antin-FY25-Results-PR.pdf | https://www.antin-ip.com/media/our-news/antin-acquires-sapphire-gas-solutions-from-apollo-funds | https://www.antin-ip.com/who-we-are/strategies/flagship"
"UPD-008","UPDATE","Antin Infrastructure Partners","Antin Infrastructure Partners","FUND-007","Antin Flagship Fund V","Antin Flagship Fund V","HIGH","NAMED_FUND","CLOSED_ACTIVE","EXPLICIT_NA_MANDATE","—","—","sourceUrls","https://www.antin-ip.com/media/our-news/antin-infrastructure-partners-closes-flagship-fund-v-above-e10-billion-target","https://www.antin-ip.com/media/our-news/antin-infrastructure-partners-closes-flagship-fund-v-above-e10-billion-target | https://www.antin-ip.com/wp-content/uploads/2026/03/Antin-FY25-Results-PR.pdf | https://www.antin-ip.com/wp-content/uploads/2026/05/Antin-1Q26-Activity-Update-PR-VF.pdf | https://www.antin-ip.com/media/our-news/antin-acquires-sapphire-gas-solutions-from-apollo-funds | https://www.antin-ip.com/who-we-are/strategies/flagship","The repository identity and strategy match, but the official final-close release states a $10.7 billion USD equivalent rather than $11.22 billion and supports native EUR amount, final-close semantics/date, and direct official source and strategy URLs.","SIZE_OR_AMOUNT_CHANGE","https://www.antin-ip.com/media/our-news/antin-infrastructure-partners-closes-flagship-fund-v-above-e10-billion-target | https://www.antin-ip.com/wp-content/uploads/2026/03/Antin-FY25-Results-PR.pdf | https://www.antin-ip.com/media/our-news/antin-acquires-sapphire-gas-solutions-from-apollo-funds | https://www.antin-ip.com/who-we-are/strategies/flagship"
"UPD-008","UPDATE","Antin Infrastructure Partners","Antin Infrastructure Partners","FUND-007","Antin Flagship Fund V","Antin Flagship Fund V","HIGH","NAMED_FUND","CLOSED_ACTIVE","EXPLICIT_NA_MANDATE","—","—","strategyUrl","https://www.antin-ip.com/","https://www.antin-ip.com/who-we-are/strategies/flagship","The repository identity and strategy match, but the official final-close release states a $10.7 billion USD equivalent rather than $11.22 billion and supports native EUR amount, final-close semantics/date, and direct official source and strategy URLs.","SIZE_OR_AMOUNT_CHANGE","https://www.antin-ip.com/media/our-news/antin-infrastructure-partners-closes-flagship-fund-v-above-e10-billion-target | https://www.antin-ip.com/wp-content/uploads/2026/03/Antin-FY25-Results-PR.pdf | https://www.antin-ip.com/media/our-news/antin-acquires-sapphire-gas-solutions-from-apollo-funds | https://www.antin-ip.com/who-we-are/strategies/flagship"
"UPD-009","UPDATE","Antin Infrastructure Partners","Antin Infrastructure Partners","FUND-008","Antin Mid Cap Fund I","Antin Mid Cap Fund I","HIGH","NAMED_FUND","CLOSED_ACTIVE","EXPLICIT_NA_MANDATE","—","—","sizeUsdMm","2420","2600","The repository identity and core strategy match, but the official release states a $2.6 billion USD equivalent rather than $2.42 billion, supports native EUR amount and final-close semantics/date, evidences energy-and-environment exposure mapped to Power & ET, and provides direct official source and strategy URLs.","SIZE_OR_AMOUNT_CHANGE","https://www.antin-ip.com/media/our-news/antin-infrastructure-partners-closes-inaugural-mid-cap-fund-e22-billion-hard-cap | https://www.antin-ip.com/wp-content/uploads/2026/03/Antin-FY25-Results-PR.pdf | https://www.antin-ip.com/wp-content/uploads/2026/05/Antin-1Q26-Activity-Update-PR-VF.pdf | https://www.antin-ip.com/who-we-are/strategies/mid-cap"
"UPD-009","UPDATE","Antin Infrastructure Partners","Antin Infrastructure Partners","FUND-008","Antin Mid Cap Fund I","Antin Mid Cap Fund I","HIGH","NAMED_FUND","CLOSED_ACTIVE","EXPLICIT_NA_MANDATE","—","—","sizeNativeCurrency","—","EUR","The repository identity and core strategy match, but the official release states a $2.6 billion USD equivalent rather than $2.42 billion, supports native EUR amount and final-close semantics/date, evidences energy-and-environment exposure mapped to Power & ET, and provides direct official source and strategy URLs.","SIZE_OR_AMOUNT_CHANGE","https://www.antin-ip.com/media/our-news/antin-infrastructure-partners-closes-inaugural-mid-cap-fund-e22-billion-hard-cap | https://www.antin-ip.com/wp-content/uploads/2026/03/Antin-FY25-Results-PR.pdf | https://www.antin-ip.com/wp-content/uploads/2026/05/Antin-1Q26-Activity-Update-PR-VF.pdf | https://www.antin-ip.com/who-we-are/strategies/mid-cap"
"UPD-009","UPDATE","Antin Infrastructure Partners","Antin Infrastructure Partners","FUND-008","Antin Mid Cap Fund I","Antin Mid Cap Fund I","HIGH","NAMED_FUND","CLOSED_ACTIVE","EXPLICIT_NA_MANDATE","—","—","sizeNativeAmount","—","2200000000","The repository identity and core strategy match, but the official release states a $2.6 billion USD equivalent rather than $2.42 billion, supports native EUR amount and final-close semantics/date, evidences energy-and-environment exposure mapped to Power & ET, and provides direct official source and strategy URLs.","SIZE_OR_AMOUNT_CHANGE","https://www.antin-ip.com/media/our-news/antin-infrastructure-partners-closes-inaugural-mid-cap-fund-e22-billion-hard-cap | https://www.antin-ip.com/wp-content/uploads/2026/03/Antin-FY25-Results-PR.pdf | https://www.antin-ip.com/wp-content/uploads/2026/05/Antin-1Q26-Activity-Update-PR-VF.pdf | https://www.antin-ip.com/who-we-are/strategies/mid-cap"
"UPD-009","UPDATE","Antin Infrastructure Partners","Antin Infrastructure Partners","FUND-008","Antin Mid Cap Fund I","Antin Mid Cap Fund I","HIGH","NAMED_FUND","CLOSED_ACTIVE","EXPLICIT_NA_MANDATE","—","—","sizeBasis","—","FINAL_CLOSE","The repository identity and core strategy match, but the official release states a $2.6 billion USD equivalent rather than $2.42 billion, supports native EUR amount and final-close semantics/date, evidences energy-and-environment exposure mapped to Power & ET, and provides direct official source and strategy URLs.","SIZE_OR_AMOUNT_CHANGE","https://www.antin-ip.com/media/our-news/antin-infrastructure-partners-closes-inaugural-mid-cap-fund-e22-billion-hard-cap | https://www.antin-ip.com/wp-content/uploads/2026/03/Antin-FY25-Results-PR.pdf | https://www.antin-ip.com/wp-content/uploads/2026/05/Antin-1Q26-Activity-Update-PR-VF.pdf | https://www.antin-ip.com/who-we-are/strategies/mid-cap"
"UPD-009","UPDATE","Antin Infrastructure Partners","Antin Infrastructure Partners","FUND-008","Antin Mid Cap Fund I","Antin Mid Cap Fund I","HIGH","NAMED_FUND","CLOSED_ACTIVE","EXPLICIT_NA_MANDATE","—","—","sizeAsOf","—","2021-06-30","The repository identity and core strategy match, but the official release states a $2.6 billion USD equivalent rather than $2.42 billion, supports native EUR amount and final-close semantics/date, evidences energy-and-environment exposure mapped to Power & ET, and provides direct official source and strategy URLs.","SIZE_OR_AMOUNT_CHANGE","https://www.antin-ip.com/media/our-news/antin-infrastructure-partners-closes-inaugural-mid-cap-fund-e22-billion-hard-cap | https://www.antin-ip.com/wp-content/uploads/2026/03/Antin-FY25-Results-PR.pdf | https://www.antin-ip.com/wp-content/uploads/2026/05/Antin-1Q26-Activity-Update-PR-VF.pdf | https://www.antin-ip.com/who-we-are/strategies/mid-cap"
"UPD-009","UPDATE","Antin Infrastructure Partners","Antin Infrastructure Partners","FUND-008","Antin Mid Cap Fund I","Antin Mid Cap Fund I","HIGH","NAMED_FUND","CLOSED_ACTIVE","EXPLICIT_NA_MANDATE","—","—","sectors","Digital | Transportation | Social Infra","Power & ET | Digital | Transportation | Social Infra","The repository identity and core strategy match, but the official release states a $2.6 billion USD equivalent rather than $2.42 billion, supports native EUR amount and final-close semantics/date, evidences energy-and-environment exposure mapped to Power & ET, and provides direct official source and strategy URLs.","SIZE_OR_AMOUNT_CHANGE","https://www.antin-ip.com/media/our-news/antin-infrastructure-partners-closes-inaugural-mid-cap-fund-e22-billion-hard-cap | https://www.antin-ip.com/wp-content/uploads/2026/03/Antin-FY25-Results-PR.pdf | https://www.antin-ip.com/wp-content/uploads/2026/05/Antin-1Q26-Activity-Update-PR-VF.pdf | https://www.antin-ip.com/who-we-are/strategies/mid-cap"
"UPD-009","UPDATE","Antin Infrastructure Partners","Antin Infrastructure Partners","FUND-008","Antin Mid Cap Fund I","Antin Mid Cap Fund I","HIGH","NAMED_FUND","CLOSED_ACTIVE","EXPLICIT_NA_MANDATE","—","—","sourceUrls","https://www.antin-ip.com/media/our-news/antin-infrastructure-partners-closes-inaugural-mid-cap-fund-e22-billion-hard-cap","https://www.antin-ip.com/media/our-news/antin-infrastructure-partners-closes-inaugural-mid-cap-fund-e22-billion-hard-cap | https://www.antin-ip.com/wp-content/uploads/2026/03/Antin-FY25-Results-PR.pdf | https://www.antin-ip.com/wp-content/uploads/2026/05/Antin-1Q26-Activity-Update-PR-VF.pdf | https://www.antin-ip.com/who-we-are/strategies/mid-cap","The repository identity and core strategy match, but the official release states a $2.6 billion USD equivalent rather than $2.42 billion, supports native EUR amount and final-close semantics/date, evidences energy-and-environment exposure mapped to Power & ET, and provides direct official source and strategy URLs.","SIZE_OR_AMOUNT_CHANGE","https://www.antin-ip.com/media/our-news/antin-infrastructure-partners-closes-inaugural-mid-cap-fund-e22-billion-hard-cap | https://www.antin-ip.com/wp-content/uploads/2026/03/Antin-FY25-Results-PR.pdf | https://www.antin-ip.com/wp-content/uploads/2026/05/Antin-1Q26-Activity-Update-PR-VF.pdf | https://www.antin-ip.com/who-we-are/strategies/mid-cap"
"UPD-009","UPDATE","Antin Infrastructure Partners","Antin Infrastructure Partners","FUND-008","Antin Mid Cap Fund I","Antin Mid Cap Fund I","HIGH","NAMED_FUND","CLOSED_ACTIVE","EXPLICIT_NA_MANDATE","—","—","strategyUrl","https://www.antin-ip.com/","https://www.antin-ip.com/who-we-are/strategies/mid-cap","The repository identity and core strategy match, but the official release states a $2.6 billion USD equivalent rather than $2.42 billion, supports native EUR amount and final-close semantics/date, evidences energy-and-environment exposure mapped to Power & ET, and provides direct official source and strategy URLs.","SIZE_OR_AMOUNT_CHANGE","https://www.antin-ip.com/media/our-news/antin-infrastructure-partners-closes-inaugural-mid-cap-fund-e22-billion-hard-cap | https://www.antin-ip.com/wp-content/uploads/2026/03/Antin-FY25-Results-PR.pdf | https://www.antin-ip.com/wp-content/uploads/2026/05/Antin-1Q26-Activity-Update-PR-VF.pdf | https://www.antin-ip.com/who-we-are/strategies/mid-cap"
"UPD-010","UPDATE","Antin Infrastructure Partners","Antin Infrastructure Partners","FUND-009","Antin NextGen Fund I","Antin NextGen Fund I","HIGH","NAMED_FUND","CLOSED_ACTIVE","EXPLICIT_NA_MANDATE","—","—","sizeUsdMm","1320","—","The repository identity, native size and geography match, but primary sources support Growth rather than Opportunistic, add Digital to the evidenced sector set, require native EUR amount and final-close semantics/date, require a null USD amount because no official USD equivalent was stated, and replace indirect links with direct official sources.","SIZE_OR_AMOUNT_CHANGE","https://www.antin-ip.com/media/our-news/antin-holds-final-close-on-inaugural-nextgen-fund-at-e1-2-billion-target | https://www.antin-ip.com/wp-content/uploads/2025/01/Antin-IP-SA-2023-URD-site-Antin-EN-1.pdf | https://www.antin-ip.com/wp-content/uploads/2026/03/Antin-FY25-Results-PR.pdf | https://www.antin-ip.com/wp-content/uploads/2026/05/Antin-1Q26-Activity-Update-PR-VF.pdf | https://www.antin-ip.com/who-we-are/strategies/nextgen"
"UPD-010","UPDATE","Antin Infrastructure Partners","Antin Infrastructure Partners","FUND-009","Antin NextGen Fund I","Antin NextGen Fund I","HIGH","NAMED_FUND","CLOSED_ACTIVE","EXPLICIT_NA_MANDATE","—","—","sizeNativeCurrency","—","EUR","The repository identity, native size and geography match, but primary sources support Growth rather than Opportunistic, add Digital to the evidenced sector set, require native EUR amount and final-close semantics/date, require a null USD amount because no official USD equivalent was stated, and replace indirect links with direct official sources.","SIZE_OR_AMOUNT_CHANGE","https://www.antin-ip.com/media/our-news/antin-holds-final-close-on-inaugural-nextgen-fund-at-e1-2-billion-target | https://www.antin-ip.com/wp-content/uploads/2025/01/Antin-IP-SA-2023-URD-site-Antin-EN-1.pdf | https://www.antin-ip.com/wp-content/uploads/2026/03/Antin-FY25-Results-PR.pdf | https://www.antin-ip.com/wp-content/uploads/2026/05/Antin-1Q26-Activity-Update-PR-VF.pdf | https://www.antin-ip.com/who-we-are/strategies/nextgen"
"UPD-010","UPDATE","Antin Infrastructure Partners","Antin Infrastructure Partners","FUND-009","Antin NextGen Fund I","Antin NextGen Fund I","HIGH","NAMED_FUND","CLOSED_ACTIVE","EXPLICIT_NA_MANDATE","—","—","sizeNativeAmount","—","1200000000","The repository identity, native size and geography match, but primary sources support Growth rather than Opportunistic, add Digital to the evidenced sector set, require native EUR amount and final-close semantics/date, require a null USD amount because no official USD equivalent was stated, and replace indirect links with direct official sources.","SIZE_OR_AMOUNT_CHANGE","https://www.antin-ip.com/media/our-news/antin-holds-final-close-on-inaugural-nextgen-fund-at-e1-2-billion-target | https://www.antin-ip.com/wp-content/uploads/2025/01/Antin-IP-SA-2023-URD-site-Antin-EN-1.pdf | https://www.antin-ip.com/wp-content/uploads/2026/03/Antin-FY25-Results-PR.pdf | https://www.antin-ip.com/wp-content/uploads/2026/05/Antin-1Q26-Activity-Update-PR-VF.pdf | https://www.antin-ip.com/who-we-are/strategies/nextgen"
"UPD-010","UPDATE","Antin Infrastructure Partners","Antin Infrastructure Partners","FUND-009","Antin NextGen Fund I","Antin NextGen Fund I","HIGH","NAMED_FUND","CLOSED_ACTIVE","EXPLICIT_NA_MANDATE","—","—","sizeBasis","—","FINAL_CLOSE","The repository identity, native size and geography match, but primary sources support Growth rather than Opportunistic, add Digital to the evidenced sector set, require native EUR amount and final-close semantics/date, require a null USD amount because no official USD equivalent was stated, and replace indirect links with direct official sources.","SIZE_OR_AMOUNT_CHANGE","https://www.antin-ip.com/media/our-news/antin-holds-final-close-on-inaugural-nextgen-fund-at-e1-2-billion-target | https://www.antin-ip.com/wp-content/uploads/2025/01/Antin-IP-SA-2023-URD-site-Antin-EN-1.pdf | https://www.antin-ip.com/wp-content/uploads/2026/03/Antin-FY25-Results-PR.pdf | https://www.antin-ip.com/wp-content/uploads/2026/05/Antin-1Q26-Activity-Update-PR-VF.pdf | https://www.antin-ip.com/who-we-are/strategies/nextgen"
"UPD-010","UPDATE","Antin Infrastructure Partners","Antin Infrastructure Partners","FUND-009","Antin NextGen Fund I","Antin NextGen Fund I","HIGH","NAMED_FUND","CLOSED_ACTIVE","EXPLICIT_NA_MANDATE","—","—","sizeAsOf","—","2023-11-30","The repository identity, native size and geography match, but primary sources support Growth rather than Opportunistic, add Digital to the evidenced sector set, require native EUR amount and final-close semantics/date, require a null USD amount because no official USD equivalent was stated, and replace indirect links with direct official sources.","SIZE_OR_AMOUNT_CHANGE","https://www.antin-ip.com/media/our-news/antin-holds-final-close-on-inaugural-nextgen-fund-at-e1-2-billion-target | https://www.antin-ip.com/wp-content/uploads/2025/01/Antin-IP-SA-2023-URD-site-Antin-EN-1.pdf | https://www.antin-ip.com/wp-content/uploads/2026/03/Antin-FY25-Results-PR.pdf | https://www.antin-ip.com/wp-content/uploads/2026/05/Antin-1Q26-Activity-Update-PR-VF.pdf | https://www.antin-ip.com/who-we-are/strategies/nextgen"
"UPD-010","UPDATE","Antin Infrastructure Partners","Antin Infrastructure Partners","FUND-009","Antin NextGen Fund I","Antin NextGen Fund I","HIGH","NAMED_FUND","CLOSED_ACTIVE","EXPLICIT_NA_MANDATE","—","—","strategies","Opportunistic","Growth","The repository identity, native size and geography match, but primary sources support Growth rather than Opportunistic, add Digital to the evidenced sector set, require native EUR amount and final-close semantics/date, require a null USD amount because no official USD equivalent was stated, and replace indirect links with direct official sources.","SIZE_OR_AMOUNT_CHANGE","https://www.antin-ip.com/media/our-news/antin-holds-final-close-on-inaugural-nextgen-fund-at-e1-2-billion-target | https://www.antin-ip.com/wp-content/uploads/2025/01/Antin-IP-SA-2023-URD-site-Antin-EN-1.pdf | https://www.antin-ip.com/wp-content/uploads/2026/03/Antin-FY25-Results-PR.pdf | https://www.antin-ip.com/wp-content/uploads/2026/05/Antin-1Q26-Activity-Update-PR-VF.pdf | https://www.antin-ip.com/who-we-are/strategies/nextgen"
"UPD-010","UPDATE","Antin Infrastructure Partners","Antin Infrastructure Partners","FUND-009","Antin NextGen Fund I","Antin NextGen Fund I","HIGH","NAMED_FUND","CLOSED_ACTIVE","EXPLICIT_NA_MANDATE","—","—","sectors","Power & ET | Transportation | Social Infra","Power & ET | Digital | Transportation | Social Infra","The repository identity, native size and geography match, but primary sources support Growth rather than Opportunistic, add Digital to the evidenced sector set, require native EUR amount and final-close semantics/date, require a null USD amount because no official USD equivalent was stated, and replace indirect links with direct official sources.","SIZE_OR_AMOUNT_CHANGE","https://www.antin-ip.com/media/our-news/antin-holds-final-close-on-inaugural-nextgen-fund-at-e1-2-billion-target | https://www.antin-ip.com/wp-content/uploads/2025/01/Antin-IP-SA-2023-URD-site-Antin-EN-1.pdf | https://www.antin-ip.com/wp-content/uploads/2026/03/Antin-FY25-Results-PR.pdf | https://www.antin-ip.com/wp-content/uploads/2026/05/Antin-1Q26-Activity-Update-PR-VF.pdf | https://www.antin-ip.com/who-we-are/strategies/nextgen"
"UPD-010","UPDATE","Antin Infrastructure Partners","Antin Infrastructure Partners","FUND-009","Antin NextGen Fund I","Antin NextGen Fund I","HIGH","NAMED_FUND","CLOSED_ACTIVE","EXPLICIT_NA_MANDATE","—","—","sourceUrls","https://www.antin-ip.com/media/our-news/antin-holds-final-close-on-inaugural-nextgen-fund-at-e1-2-billion-target","https://www.antin-ip.com/media/our-news/antin-holds-final-close-on-inaugural-nextgen-fund-at-e1-2-billion-target | https://www.antin-ip.com/wp-content/uploads/2025/01/Antin-IP-SA-2023-URD-site-Antin-EN-1.pdf | https://www.antin-ip.com/wp-content/uploads/2026/03/Antin-FY25-Results-PR.pdf | https://www.antin-ip.com/wp-content/uploads/2026/05/Antin-1Q26-Activity-Update-PR-VF.pdf | https://www.antin-ip.com/who-we-are/strategies/nextgen","The repository identity, native size and geography match, but primary sources support Growth rather than Opportunistic, add Digital to the evidenced sector set, require native EUR amount and final-close semantics/date, require a null USD amount because no official USD equivalent was stated, and replace indirect links with direct official sources.","SIZE_OR_AMOUNT_CHANGE","https://www.antin-ip.com/media/our-news/antin-holds-final-close-on-inaugural-nextgen-fund-at-e1-2-billion-target | https://www.antin-ip.com/wp-content/uploads/2025/01/Antin-IP-SA-2023-URD-site-Antin-EN-1.pdf | https://www.antin-ip.com/wp-content/uploads/2026/03/Antin-FY25-Results-PR.pdf | https://www.antin-ip.com/wp-content/uploads/2026/05/Antin-1Q26-Activity-Update-PR-VF.pdf | https://www.antin-ip.com/who-we-are/strategies/nextgen"
"UPD-010","UPDATE","Antin Infrastructure Partners","Antin Infrastructure Partners","FUND-009","Antin NextGen Fund I","Antin NextGen Fund I","HIGH","NAMED_FUND","CLOSED_ACTIVE","EXPLICIT_NA_MANDATE","—","—","strategyUrl","https://www.antin-ip.com/","https://www.antin-ip.com/who-we-are/strategies/nextgen","The repository identity, native size and geography match, but primary sources support Growth rather than Opportunistic, add Digital to the evidenced sector set, require native EUR amount and final-close semantics/date, require a null USD amount because no official USD equivalent was stated, and replace indirect links with direct official sources.","SIZE_OR_AMOUNT_CHANGE","https://www.antin-ip.com/media/our-news/antin-holds-final-close-on-inaugural-nextgen-fund-at-e1-2-billion-target | https://www.antin-ip.com/wp-content/uploads/2025/01/Antin-IP-SA-2023-URD-site-Antin-EN-1.pdf | https://www.antin-ip.com/wp-content/uploads/2026/03/Antin-FY25-Results-PR.pdf | https://www.antin-ip.com/wp-content/uploads/2026/05/Antin-1Q26-Activity-Update-PR-VF.pdf | https://www.antin-ip.com/who-we-are/strategies/nextgen"
"UPD-011","UPDATE","APG Infrastructure","APG Asset Management","FUND-010","APG Direct Infrastructure Pool","APG Infrastructure Pool 2020-2021","HIGH","NAMED_FUND","CLOSED_ACTIVE","EXPLICIT_NA_MANDATE","—","—","fundName","APG Direct Infrastructure Pool","APG Infrastructure Pool 2020-2021","FUND-010 matches this pool, but the official name and fund fields differ; the repository's €33 billion is manager-level infrastructure AUM, not fund capital.","RENAME_OR_CANONICAL_NAME | STATUS_TRANSITION | SIZE_OR_AMOUNT_CHANGE","https://assetmanagement.apg.nl/investments/apg-infrastructure-pool-2020-2021/ | https://apg.nl/media/ei5b0cjd/20221221-sustainability-related-disclosures-of-apg-am-financial-products.pdf | https://assetmanagement.apg.nl/media/mkgf0hap/6230-sfdr-pd-2025-apg-infrastructure-pool-2020-2021.pdf | https://assetmanagement.apg.nl/infrastructure/"
"UPD-011","UPDATE","APG Infrastructure","APG Asset Management","FUND-010","APG Direct Infrastructure Pool","APG Infrastructure Pool 2020-2021","HIGH","NAMED_FUND","CLOSED_ACTIVE","EXPLICIT_NA_MANDATE","—","—","investmentStrategy","Closest public match is APG Infrastructure Pool 2020-2021 within APG's broader direct infrastructure program: a long-term global pool spanning multiple asset styles, sectors and regions, with major exposure to power, transport, social and digital themes.","Long-term global infrastructure equity and equity-related investments, primarily non-listed, through companies, funds, joint ventures and co-investments, targeting stable and predictable returns.","FUND-010 matches this pool, but the official name and fund fields differ; the repository's €33 billion is manager-level infrastructure AUM, not fund capital.","RENAME_OR_CANONICAL_NAME | STATUS_TRANSITION | SIZE_OR_AMOUNT_CHANGE","https://assetmanagement.apg.nl/investments/apg-infrastructure-pool-2020-2021/ | https://apg.nl/media/ei5b0cjd/20221221-sustainability-related-disclosures-of-apg-am-financial-products.pdf | https://assetmanagement.apg.nl/media/mkgf0hap/6230-sfdr-pd-2025-apg-infrastructure-pool-2020-2021.pdf | https://assetmanagement.apg.nl/infrastructure/"
"UPD-011","UPDATE","APG Infrastructure","APG Asset Management","FUND-010","APG Direct Infrastructure Pool","APG Infrastructure Pool 2020-2021","HIGH","NAMED_FUND","CLOSED_ACTIVE","EXPLICIT_NA_MANDATE","—","—","size","€33.0B","Undisclosed","FUND-010 matches this pool, but the official name and fund fields differ; the repository's €33 billion is manager-level infrastructure AUM, not fund capital.","RENAME_OR_CANONICAL_NAME | STATUS_TRANSITION | SIZE_OR_AMOUNT_CHANGE","https://assetmanagement.apg.nl/investments/apg-infrastructure-pool-2020-2021/ | https://apg.nl/media/ei5b0cjd/20221221-sustainability-related-disclosures-of-apg-am-financial-products.pdf | https://assetmanagement.apg.nl/media/mkgf0hap/6230-sfdr-pd-2025-apg-infrastructure-pool-2020-2021.pdf | https://assetmanagement.apg.nl/infrastructure/"
"UPD-011","UPDATE","APG Infrastructure","APG Asset Management","FUND-010","APG Direct Infrastructure Pool","APG Infrastructure Pool 2020-2021","HIGH","NAMED_FUND","CLOSED_ACTIVE","EXPLICIT_NA_MANDATE","—","—","sizeUsdMm","36300","—","FUND-010 matches this pool, but the official name and fund fields differ; the repository's €33 billion is manager-level infrastructure AUM, not fund capital.","RENAME_OR_CANONICAL_NAME | STATUS_TRANSITION | SIZE_OR_AMOUNT_CHANGE","https://assetmanagement.apg.nl/investments/apg-infrastructure-pool-2020-2021/ | https://apg.nl/media/ei5b0cjd/20221221-sustainability-related-disclosures-of-apg-am-financial-products.pdf | https://assetmanagement.apg.nl/media/mkgf0hap/6230-sfdr-pd-2025-apg-infrastructure-pool-2020-2021.pdf | https://assetmanagement.apg.nl/infrastructure/"
"UPD-011","UPDATE","APG Infrastructure","APG Asset Management","FUND-010","APG Direct Infrastructure Pool","APG Infrastructure Pool 2020-2021","HIGH","NAMED_FUND","CLOSED_ACTIVE","EXPLICIT_NA_MANDATE","—","—","vintage","Evergreen","2020-2021","FUND-010 matches this pool, but the official name and fund fields differ; the repository's €33 billion is manager-level infrastructure AUM, not fund capital.","RENAME_OR_CANONICAL_NAME | STATUS_TRANSITION | SIZE_OR_AMOUNT_CHANGE","https://assetmanagement.apg.nl/investments/apg-infrastructure-pool-2020-2021/ | https://apg.nl/media/ei5b0cjd/20221221-sustainability-related-disclosures-of-apg-am-financial-products.pdf | https://assetmanagement.apg.nl/media/mkgf0hap/6230-sfdr-pd-2025-apg-infrastructure-pool-2020-2021.pdf | https://assetmanagement.apg.nl/infrastructure/"
"UPD-011","UPDATE","APG Infrastructure","APG Asset Management","FUND-010","APG Direct Infrastructure Pool","APG Infrastructure Pool 2020-2021","HIGH","NAMED_FUND","CLOSED_ACTIVE","EXPLICIT_NA_MANDATE","—","—","structure","Permanent Capital","Closed-End","FUND-010 matches this pool, but the official name and fund fields differ; the repository's €33 billion is manager-level infrastructure AUM, not fund capital.","RENAME_OR_CANONICAL_NAME | STATUS_TRANSITION | SIZE_OR_AMOUNT_CHANGE","https://assetmanagement.apg.nl/investments/apg-infrastructure-pool-2020-2021/ | https://apg.nl/media/ei5b0cjd/20221221-sustainability-related-disclosures-of-apg-am-financial-products.pdf | https://assetmanagement.apg.nl/media/mkgf0hap/6230-sfdr-pd-2025-apg-infrastructure-pool-2020-2021.pdf | https://assetmanagement.apg.nl/infrastructure/"
"UPD-011","UPDATE","APG Infrastructure","APG Asset Management","FUND-010","APG Direct Infrastructure Pool","APG Infrastructure Pool 2020-2021","HIGH","NAMED_FUND","CLOSED_ACTIVE","EXPLICIT_NA_MANDATE","—","—","fundStatus","Evergreen","Financial Close","FUND-010 matches this pool, but the official name and fund fields differ; the repository's €33 billion is manager-level infrastructure AUM, not fund capital.","RENAME_OR_CANONICAL_NAME | STATUS_TRANSITION | SIZE_OR_AMOUNT_CHANGE","https://assetmanagement.apg.nl/investments/apg-infrastructure-pool-2020-2021/ | https://apg.nl/media/ei5b0cjd/20221221-sustainability-related-disclosures-of-apg-am-financial-products.pdf | https://assetmanagement.apg.nl/media/mkgf0hap/6230-sfdr-pd-2025-apg-infrastructure-pool-2020-2021.pdf | https://assetmanagement.apg.nl/infrastructure/"
"UPD-011","UPDATE","APG Infrastructure","APG Asset Management","FUND-010","APG Direct Infrastructure Pool","APG Infrastructure Pool 2020-2021","HIGH","NAMED_FUND","CLOSED_ACTIVE","EXPLICIT_NA_MANDATE","—","—","regions","Global","North America | Europe | Asia-Pacific | Latin America","FUND-010 matches this pool, but the official name and fund fields differ; the repository's €33 billion is manager-level infrastructure AUM, not fund capital.","RENAME_OR_CANONICAL_NAME | STATUS_TRANSITION | SIZE_OR_AMOUNT_CHANGE","https://assetmanagement.apg.nl/investments/apg-infrastructure-pool-2020-2021/ | https://apg.nl/media/ei5b0cjd/20221221-sustainability-related-disclosures-of-apg-am-financial-products.pdf | https://assetmanagement.apg.nl/media/mkgf0hap/6230-sfdr-pd-2025-apg-infrastructure-pool-2020-2021.pdf | https://assetmanagement.apg.nl/infrastructure/"
"UPD-011","UPDATE","APG Infrastructure","APG Asset Management","FUND-010","APG Direct Infrastructure Pool","APG Infrastructure Pool 2020-2021","HIGH","NAMED_FUND","CLOSED_ACTIVE","EXPLICIT_NA_MANDATE","—","—","sourceUrls","https://assetmanagement.apg.nl/infrastructure/","https://assetmanagement.apg.nl/investments/apg-infrastructure-pool-2020-2021/ | https://assetmanagement.apg.nl/media/dddfft1s/6230-pcd-2026-apg-infrastructure-pool-2020-2021.pdf | https://apg.nl/media/ei5b0cjd/20221221-sustainability-related-disclosures-of-apg-am-financial-products.pdf | https://assetmanagement.apg.nl/media/mkgf0hap/6230-sfdr-pd-2025-apg-infrastructure-pool-2020-2021.pdf","FUND-010 matches this pool, but the official name and fund fields differ; the repository's €33 billion is manager-level infrastructure AUM, not fund capital.","RENAME_OR_CANONICAL_NAME | STATUS_TRANSITION | SIZE_OR_AMOUNT_CHANGE","https://assetmanagement.apg.nl/investments/apg-infrastructure-pool-2020-2021/ | https://apg.nl/media/ei5b0cjd/20221221-sustainability-related-disclosures-of-apg-am-financial-products.pdf | https://assetmanagement.apg.nl/media/mkgf0hap/6230-sfdr-pd-2025-apg-infrastructure-pool-2020-2021.pdf | https://assetmanagement.apg.nl/infrastructure/"
"UPD-011","UPDATE","APG Infrastructure","APG Asset Management","FUND-010","APG Direct Infrastructure Pool","APG Infrastructure Pool 2020-2021","HIGH","NAMED_FUND","CLOSED_ACTIVE","EXPLICIT_NA_MANDATE","—","—","strategyUrl","https://assetmanagement.apg.nl/infrastructure/","https://assetmanagement.apg.nl/investments/apg-infrastructure-pool-2020-2021/","FUND-010 matches this pool, but the official name and fund fields differ; the repository's €33 billion is manager-level infrastructure AUM, not fund capital.","RENAME_OR_CANONICAL_NAME | STATUS_TRANSITION | SIZE_OR_AMOUNT_CHANGE","https://assetmanagement.apg.nl/investments/apg-infrastructure-pool-2020-2021/ | https://apg.nl/media/ei5b0cjd/20221221-sustainability-related-disclosures-of-apg-am-financial-products.pdf | https://assetmanagement.apg.nl/media/mkgf0hap/6230-sfdr-pd-2025-apg-infrastructure-pool-2020-2021.pdf | https://assetmanagement.apg.nl/infrastructure/"
"UPD-012","UPDATE","Apollo Global Management","Apollo Global Management","FUND-010A","Apollo Infrastructure Opportunities Fund II","Apollo Infrastructure Opportunities Fund II","HIGH","NAMED_FUND","CLOSED_ACTIVE","VERIFIED_CURRENT_NA_HOLDING: US Wind","—","—","investmentStrategy","Second dedicated Apollo infrastructure fund focused on mid-market communications, power and renewables, and transportation infrastructure assets, including Broad Reach Power, IonicBlue, US Wind, and FirstDigital.","Mid-market core-plus and value-add infrastructure equity across communications, power and renewables, and transportation, with a current fund-attributed U.S. offshore-wind investment in US Wind.","The repository identity matches, but Apollo's March 2026 investment record provides exact commitment semantics, date and vintage; Apollo's strategy taxonomy supports core-plus as well as value-add; and fund-specific evidence supports a current North American holding while not independently substantiating the repository's Europe field.","SIZE_OR_AMOUNT_CHANGE","https://ir.apollo.com/news-events/press-releases/detail/38/apollo-closes-second-dedicated-infrastructure-fund-with | https://www.sec.gov/Archives/edgar/data/1858681/000185868126000021/agmearningsrelease1q2026.htm | https://www.sec.gov/Archives/edgar/data/1527469/000152746924000083/apollo2024investordaypre.htm | https://uswindinc.com/about-us/"
"UPD-012","UPDATE","Apollo Global Management","Apollo Global Management","FUND-010A","Apollo Infrastructure Opportunities Fund II","Apollo Infrastructure Opportunities Fund II","HIGH","NAMED_FUND","CLOSED_ACTIVE","VERIFIED_CURRENT_NA_HOLDING: US Wind","—","—","size","$2.54B","$2.542B committed capital","The repository identity matches, but Apollo's March 2026 investment record provides exact commitment semantics, date and vintage; Apollo's strategy taxonomy supports core-plus as well as value-add; and fund-specific evidence supports a current North American holding while not independently substantiating the repository's Europe field.","SIZE_OR_AMOUNT_CHANGE","https://ir.apollo.com/news-events/press-releases/detail/38/apollo-closes-second-dedicated-infrastructure-fund-with | https://www.sec.gov/Archives/edgar/data/1858681/000185868126000021/agmearningsrelease1q2026.htm | https://www.sec.gov/Archives/edgar/data/1527469/000152746924000083/apollo2024investordaypre.htm | https://uswindinc.com/about-us/"
"UPD-012","UPDATE","Apollo Global Management","Apollo Global Management","FUND-010A","Apollo Infrastructure Opportunities Fund II","Apollo Infrastructure Opportunities Fund II","HIGH","NAMED_FUND","CLOSED_ACTIVE","VERIFIED_CURRENT_NA_HOLDING: US Wind","—","—","sizeUsdMm","2540","2542","The repository identity matches, but Apollo's March 2026 investment record provides exact commitment semantics, date and vintage; Apollo's strategy taxonomy supports core-plus as well as value-add; and fund-specific evidence supports a current North American holding while not independently substantiating the repository's Europe field.","SIZE_OR_AMOUNT_CHANGE","https://ir.apollo.com/news-events/press-releases/detail/38/apollo-closes-second-dedicated-infrastructure-fund-with | https://www.sec.gov/Archives/edgar/data/1858681/000185868126000021/agmearningsrelease1q2026.htm | https://www.sec.gov/Archives/edgar/data/1527469/000152746924000083/apollo2024investordaypre.htm | https://uswindinc.com/about-us/"
"UPD-012","UPDATE","Apollo Global Management","Apollo Global Management","FUND-010A","Apollo Infrastructure Opportunities Fund II","Apollo Infrastructure Opportunities Fund II","HIGH","NAMED_FUND","CLOSED_ACTIVE","VERIFIED_CURRENT_NA_HOLDING: US Wind","—","—","sizeNativeCurrency","—","USD","The repository identity matches, but Apollo's March 2026 investment record provides exact commitment semantics, date and vintage; Apollo's strategy taxonomy supports core-plus as well as value-add; and fund-specific evidence supports a current North American holding while not independently substantiating the repository's Europe field.","SIZE_OR_AMOUNT_CHANGE","https://ir.apollo.com/news-events/press-releases/detail/38/apollo-closes-second-dedicated-infrastructure-fund-with | https://www.sec.gov/Archives/edgar/data/1858681/000185868126000021/agmearningsrelease1q2026.htm | https://www.sec.gov/Archives/edgar/data/1527469/000152746924000083/apollo2024investordaypre.htm | https://uswindinc.com/about-us/"
"UPD-012","UPDATE","Apollo Global Management","Apollo Global Management","FUND-010A","Apollo Infrastructure Opportunities Fund II","Apollo Infrastructure Opportunities Fund II","HIGH","NAMED_FUND","CLOSED_ACTIVE","VERIFIED_CURRENT_NA_HOLDING: US Wind","—","—","sizeNativeAmount","—","2542000000","The repository identity matches, but Apollo's March 2026 investment record provides exact commitment semantics, date and vintage; Apollo's strategy taxonomy supports core-plus as well as value-add; and fund-specific evidence supports a current North American holding while not independently substantiating the repository's Europe field.","SIZE_OR_AMOUNT_CHANGE","https://ir.apollo.com/news-events/press-releases/detail/38/apollo-closes-second-dedicated-infrastructure-fund-with | https://www.sec.gov/Archives/edgar/data/1858681/000185868126000021/agmearningsrelease1q2026.htm | https://www.sec.gov/Archives/edgar/data/1527469/000152746924000083/apollo2024investordaypre.htm | https://uswindinc.com/about-us/"
"UPD-012","UPDATE","Apollo Global Management","Apollo Global Management","FUND-010A","Apollo Infrastructure Opportunities Fund II","Apollo Infrastructure Opportunities Fund II","HIGH","NAMED_FUND","CLOSED_ACTIVE","VERIFIED_CURRENT_NA_HOLDING: US Wind","—","—","sizeBasis","—","COMMITMENTS","The repository identity matches, but Apollo's March 2026 investment record provides exact commitment semantics, date and vintage; Apollo's strategy taxonomy supports core-plus as well as value-add; and fund-specific evidence supports a current North American holding while not independently substantiating the repository's Europe field.","SIZE_OR_AMOUNT_CHANGE","https://ir.apollo.com/news-events/press-releases/detail/38/apollo-closes-second-dedicated-infrastructure-fund-with | https://www.sec.gov/Archives/edgar/data/1858681/000185868126000021/agmearningsrelease1q2026.htm | https://www.sec.gov/Archives/edgar/data/1527469/000152746924000083/apollo2024investordaypre.htm | https://uswindinc.com/about-us/"
"UPD-012","UPDATE","Apollo Global Management","Apollo Global Management","FUND-010A","Apollo Infrastructure Opportunities Fund II","Apollo Infrastructure Opportunities Fund II","HIGH","NAMED_FUND","CLOSED_ACTIVE","VERIFIED_CURRENT_NA_HOLDING: US Wind","—","—","sizeAsOf","—","2026-03-31","The repository identity matches, but Apollo's March 2026 investment record provides exact commitment semantics, date and vintage; Apollo's strategy taxonomy supports core-plus as well as value-add; and fund-specific evidence supports a current North American holding while not independently substantiating the repository's Europe field.","SIZE_OR_AMOUNT_CHANGE","https://ir.apollo.com/news-events/press-releases/detail/38/apollo-closes-second-dedicated-infrastructure-fund-with | https://www.sec.gov/Archives/edgar/data/1858681/000185868126000021/agmearningsrelease1q2026.htm | https://www.sec.gov/Archives/edgar/data/1527469/000152746924000083/apollo2024investordaypre.htm | https://uswindinc.com/about-us/"
"UPD-012","UPDATE","Apollo Global Management","Apollo Global Management","FUND-010A","Apollo Infrastructure Opportunities Fund II","Apollo Infrastructure Opportunities Fund II","HIGH","NAMED_FUND","CLOSED_ACTIVE","VERIFIED_CURRENT_NA_HOLDING: US Wind","—","—","vintage","2022","2020","The repository identity matches, but Apollo's March 2026 investment record provides exact commitment semantics, date and vintage; Apollo's strategy taxonomy supports core-plus as well as value-add; and fund-specific evidence supports a current North American holding while not independently substantiating the repository's Europe field.","SIZE_OR_AMOUNT_CHANGE","https://ir.apollo.com/news-events/press-releases/detail/38/apollo-closes-second-dedicated-infrastructure-fund-with | https://www.sec.gov/Archives/edgar/data/1858681/000185868126000021/agmearningsrelease1q2026.htm | https://www.sec.gov/Archives/edgar/data/1527469/000152746924000083/apollo2024investordaypre.htm | https://uswindinc.com/about-us/"
"UPD-012","UPDATE","Apollo Global Management","Apollo Global Management","FUND-010A","Apollo Infrastructure Opportunities Fund II","Apollo Infrastructure Opportunities Fund II","HIGH","NAMED_FUND","CLOSED_ACTIVE","VERIFIED_CURRENT_NA_HOLDING: US Wind","—","—","strategies","Value-Add","Core-Plus | Value-Add","The repository identity matches, but Apollo's March 2026 investment record provides exact commitment semantics, date and vintage; Apollo's strategy taxonomy supports core-plus as well as value-add; and fund-specific evidence supports a current North American holding while not independently substantiating the repository's Europe field.","SIZE_OR_AMOUNT_CHANGE","https://ir.apollo.com/news-events/press-releases/detail/38/apollo-closes-second-dedicated-infrastructure-fund-with | https://www.sec.gov/Archives/edgar/data/1858681/000185868126000021/agmearningsrelease1q2026.htm | https://www.sec.gov/Archives/edgar/data/1527469/000152746924000083/apollo2024investordaypre.htm | https://uswindinc.com/about-us/"
"UPD-012","UPDATE","Apollo Global Management","Apollo Global Management","FUND-010A","Apollo Infrastructure Opportunities Fund II","Apollo Infrastructure Opportunities Fund II","HIGH","NAMED_FUND","CLOSED_ACTIVE","VERIFIED_CURRENT_NA_HOLDING: US Wind","—","—","sectors","Power & ET | Utilities | Digital | Transportation","Power & ET | Digital | Transportation","The repository identity matches, but Apollo's March 2026 investment record provides exact commitment semantics, date and vintage; Apollo's strategy taxonomy supports core-plus as well as value-add; and fund-specific evidence supports a current North American holding while not independently substantiating the repository's Europe field.","SIZE_OR_AMOUNT_CHANGE","https://ir.apollo.com/news-events/press-releases/detail/38/apollo-closes-second-dedicated-infrastructure-fund-with | https://www.sec.gov/Archives/edgar/data/1858681/000185868126000021/agmearningsrelease1q2026.htm | https://www.sec.gov/Archives/edgar/data/1527469/000152746924000083/apollo2024investordaypre.htm | https://uswindinc.com/about-us/"
"UPD-012","UPDATE","Apollo Global Management","Apollo Global Management","FUND-010A","Apollo Infrastructure Opportunities Fund II","Apollo Infrastructure Opportunities Fund II","HIGH","NAMED_FUND","CLOSED_ACTIVE","VERIFIED_CURRENT_NA_HOLDING: US Wind","—","—","regions","North America | Europe","North America","The repository identity matches, but Apollo's March 2026 investment record provides exact commitment semantics, date and vintage; Apollo's strategy taxonomy supports core-plus as well as value-add; and fund-specific evidence supports a current North American holding while not independently substantiating the repository's Europe field.","SIZE_OR_AMOUNT_CHANGE","https://ir.apollo.com/news-events/press-releases/detail/38/apollo-closes-second-dedicated-infrastructure-fund-with | https://www.sec.gov/Archives/edgar/data/1858681/000185868126000021/agmearningsrelease1q2026.htm | https://www.sec.gov/Archives/edgar/data/1527469/000152746924000083/apollo2024investordaypre.htm | https://uswindinc.com/about-us/"
"UPD-012","UPDATE","Apollo Global Management","Apollo Global Management","FUND-010A","Apollo Infrastructure Opportunities Fund II","Apollo Infrastructure Opportunities Fund II","HIGH","NAMED_FUND","CLOSED_ACTIVE","VERIFIED_CURRENT_NA_HOLDING: US Wind","—","—","sourceUrls","https://www.apollo.com/insights-news/pressreleases/2022/01/apollo-closes-second-dedicated-infrastructure-fund-with-more-than-2-5-billion-in-capital-commitments-130444186","https://ir.apollo.com/news-events/press-releases/detail/38/apollo-closes-second-dedicated-infrastructure-fund-with | https://www.sec.gov/Archives/edgar/data/1858681/000185868126000021/agmearningsrelease1q2026.htm | https://www.sec.gov/Archives/edgar/data/1527469/000152746924000083/apollo2024investordaypre.htm | https://uswindinc.com/about-us/","The repository identity matches, but Apollo's March 2026 investment record provides exact commitment semantics, date and vintage; Apollo's strategy taxonomy supports core-plus as well as value-add; and fund-specific evidence supports a current North American holding while not independently substantiating the repository's Europe field.","SIZE_OR_AMOUNT_CHANGE","https://ir.apollo.com/news-events/press-releases/detail/38/apollo-closes-second-dedicated-infrastructure-fund-with | https://www.sec.gov/Archives/edgar/data/1858681/000185868126000021/agmearningsrelease1q2026.htm | https://www.sec.gov/Archives/edgar/data/1527469/000152746924000083/apollo2024investordaypre.htm | https://uswindinc.com/about-us/"
"UPD-013","UPDATE","Apollo Global Management","Apollo Global Management","FUND-011","Apollo Infrastructure Company (AIC)","Apollo Infrastructure Company","MEDIUM","PROGRAM_EXCEPTION","EVERGREEN_ACTIVE","EXPLICIT_NA_MANDATE","—","—","fundName","Apollo Infrastructure Company (AIC)","Apollo Infrastructure Company","The repository row matches AIC but uses a parenthetical name, treats displayed net asset value as a $1.7 billion fund-size amount, assigns a retail-product strategy, and records only a generic global region. Primary materials instead support the official name, 2023 inception, core/core-plus infrastructure classification, direct control-oriented ownership and a primary North American, Western European and OECD focus. AIC remains a program exception because it is an operating-company vehicle rather than a conventional commingled private fund.","RENAME_OR_CANONICAL_NAME | SIZE_OR_AMOUNT_CHANGE | MEDIUM_CONFIDENCE | PROGRAM_EXCEPTION","https://www.apollo.com/wealth/strategies/products/apollo-infrastructure-company | https://www.sec.gov/Archives/edgar/data/1971381/000119312525068918/d888030d10k.htm | https://www.sec.gov/Archives/edgar/data/1527469/000152746924000083/apollo2024investordaypre.htm | https://www.sec.gov/Archives/edgar/data/1971381/000119312526224382/0001193125-26-224382-index.htm"
"UPD-013","UPDATE","Apollo Global Management","Apollo Global Management","FUND-011","Apollo Infrastructure Company (AIC)","Apollo Infrastructure Company","MEDIUM","PROGRAM_EXCEPTION","EVERGREEN_ACTIVE","EXPLICIT_NA_MANDATE","—","—","investmentStrategy","Evergreen Apollo infrastructure vehicle pursuing income and appreciation through control acquisitions, financings and strategic investments across essential infrastructure sectors.","Evergreen operating-company program pursuing control-oriented ownership, operation and capital provision to infrastructure assets, with primary geographic focus on North America, Western Europe and other OECD markets.","The repository row matches AIC but uses a parenthetical name, treats displayed net asset value as a $1.7 billion fund-size amount, assigns a retail-product strategy, and records only a generic global region. Primary materials instead support the official name, 2023 inception, core/core-plus infrastructure classification, direct control-oriented ownership and a primary North American, Western European and OECD focus. AIC remains a program exception because it is an operating-company vehicle rather than a conventional commingled private fund.","RENAME_OR_CANONICAL_NAME | SIZE_OR_AMOUNT_CHANGE | MEDIUM_CONFIDENCE | PROGRAM_EXCEPTION","https://www.apollo.com/wealth/strategies/products/apollo-infrastructure-company | https://www.sec.gov/Archives/edgar/data/1971381/000119312525068918/d888030d10k.htm | https://www.sec.gov/Archives/edgar/data/1527469/000152746924000083/apollo2024investordaypre.htm | https://www.sec.gov/Archives/edgar/data/1971381/000119312526224382/0001193125-26-224382-index.htm"
"UPD-013","UPDATE","Apollo Global Management","Apollo Global Management","FUND-011","Apollo Infrastructure Company (AIC)","Apollo Infrastructure Company","MEDIUM","PROGRAM_EXCEPTION","EVERGREEN_ACTIVE","EXPLICIT_NA_MANDATE","—","—","size","$1.7B","$1.9B total net asset value; not classified as fund size","The repository row matches AIC but uses a parenthetical name, treats displayed net asset value as a $1.7 billion fund-size amount, assigns a retail-product strategy, and records only a generic global region. Primary materials instead support the official name, 2023 inception, core/core-plus infrastructure classification, direct control-oriented ownership and a primary North American, Western European and OECD focus. AIC remains a program exception because it is an operating-company vehicle rather than a conventional commingled private fund.","RENAME_OR_CANONICAL_NAME | SIZE_OR_AMOUNT_CHANGE | MEDIUM_CONFIDENCE | PROGRAM_EXCEPTION","https://www.apollo.com/wealth/strategies/products/apollo-infrastructure-company | https://www.sec.gov/Archives/edgar/data/1971381/000119312525068918/d888030d10k.htm | https://www.sec.gov/Archives/edgar/data/1527469/000152746924000083/apollo2024investordaypre.htm | https://www.sec.gov/Archives/edgar/data/1971381/000119312526224382/0001193125-26-224382-index.htm"
"UPD-013","UPDATE","Apollo Global Management","Apollo Global Management","FUND-011","Apollo Infrastructure Company (AIC)","Apollo Infrastructure Company","MEDIUM","PROGRAM_EXCEPTION","EVERGREEN_ACTIVE","EXPLICIT_NA_MANDATE","—","—","sizeUsdMm","1700","—","The repository row matches AIC but uses a parenthetical name, treats displayed net asset value as a $1.7 billion fund-size amount, assigns a retail-product strategy, and records only a generic global region. Primary materials instead support the official name, 2023 inception, core/core-plus infrastructure classification, direct control-oriented ownership and a primary North American, Western European and OECD focus. AIC remains a program exception because it is an operating-company vehicle rather than a conventional commingled private fund.","RENAME_OR_CANONICAL_NAME | SIZE_OR_AMOUNT_CHANGE | MEDIUM_CONFIDENCE | PROGRAM_EXCEPTION","https://www.apollo.com/wealth/strategies/products/apollo-infrastructure-company | https://www.sec.gov/Archives/edgar/data/1971381/000119312525068918/d888030d10k.htm | https://www.sec.gov/Archives/edgar/data/1527469/000152746924000083/apollo2024investordaypre.htm | https://www.sec.gov/Archives/edgar/data/1971381/000119312526224382/0001193125-26-224382-index.htm"
"UPD-013","UPDATE","Apollo Global Management","Apollo Global Management","FUND-011","Apollo Infrastructure Company (AIC)","Apollo Infrastructure Company","MEDIUM","PROGRAM_EXCEPTION","EVERGREEN_ACTIVE","EXPLICIT_NA_MANDATE","—","—","vintage","Evergreen","2023","The repository row matches AIC but uses a parenthetical name, treats displayed net asset value as a $1.7 billion fund-size amount, assigns a retail-product strategy, and records only a generic global region. Primary materials instead support the official name, 2023 inception, core/core-plus infrastructure classification, direct control-oriented ownership and a primary North American, Western European and OECD focus. AIC remains a program exception because it is an operating-company vehicle rather than a conventional commingled private fund.","RENAME_OR_CANONICAL_NAME | SIZE_OR_AMOUNT_CHANGE | MEDIUM_CONFIDENCE | PROGRAM_EXCEPTION","https://www.apollo.com/wealth/strategies/products/apollo-infrastructure-company | https://www.sec.gov/Archives/edgar/data/1971381/000119312525068918/d888030d10k.htm | https://www.sec.gov/Archives/edgar/data/1527469/000152746924000083/apollo2024investordaypre.htm | https://www.sec.gov/Archives/edgar/data/1971381/000119312526224382/0001193125-26-224382-index.htm"
"UPD-013","UPDATE","Apollo Global Management","Apollo Global Management","FUND-011","Apollo Infrastructure Company (AIC)","Apollo Infrastructure Company","MEDIUM","PROGRAM_EXCEPTION","EVERGREEN_ACTIVE","EXPLICIT_NA_MANDATE","—","—","strategies","Retail Act '40","Core | Core-Plus","The repository row matches AIC but uses a parenthetical name, treats displayed net asset value as a $1.7 billion fund-size amount, assigns a retail-product strategy, and records only a generic global region. Primary materials instead support the official name, 2023 inception, core/core-plus infrastructure classification, direct control-oriented ownership and a primary North American, Western European and OECD focus. AIC remains a program exception because it is an operating-company vehicle rather than a conventional commingled private fund.","RENAME_OR_CANONICAL_NAME | SIZE_OR_AMOUNT_CHANGE | MEDIUM_CONFIDENCE | PROGRAM_EXCEPTION","https://www.apollo.com/wealth/strategies/products/apollo-infrastructure-company | https://www.sec.gov/Archives/edgar/data/1971381/000119312525068918/d888030d10k.htm | https://www.sec.gov/Archives/edgar/data/1527469/000152746924000083/apollo2024investordaypre.htm | https://www.sec.gov/Archives/edgar/data/1971381/000119312526224382/0001193125-26-224382-index.htm"
"UPD-013","UPDATE","Apollo Global Management","Apollo Global Management","FUND-011","Apollo Infrastructure Company (AIC)","Apollo Infrastructure Company","MEDIUM","PROGRAM_EXCEPTION","EVERGREEN_ACTIVE","EXPLICIT_NA_MANDATE","—","—","sectors","Power & ET | Utilities | Digital | Midstream | Transportation","Power & ET | Transportation | Digital | Social Infra","The repository row matches AIC but uses a parenthetical name, treats displayed net asset value as a $1.7 billion fund-size amount, assigns a retail-product strategy, and records only a generic global region. Primary materials instead support the official name, 2023 inception, core/core-plus infrastructure classification, direct control-oriented ownership and a primary North American, Western European and OECD focus. AIC remains a program exception because it is an operating-company vehicle rather than a conventional commingled private fund.","RENAME_OR_CANONICAL_NAME | SIZE_OR_AMOUNT_CHANGE | MEDIUM_CONFIDENCE | PROGRAM_EXCEPTION","https://www.apollo.com/wealth/strategies/products/apollo-infrastructure-company | https://www.sec.gov/Archives/edgar/data/1971381/000119312525068918/d888030d10k.htm | https://www.sec.gov/Archives/edgar/data/1527469/000152746924000083/apollo2024investordaypre.htm | https://www.sec.gov/Archives/edgar/data/1971381/000119312526224382/0001193125-26-224382-index.htm"
"UPD-013","UPDATE","Apollo Global Management","Apollo Global Management","FUND-011","Apollo Infrastructure Company (AIC)","Apollo Infrastructure Company","MEDIUM","PROGRAM_EXCEPTION","EVERGREEN_ACTIVE","EXPLICIT_NA_MANDATE","—","—","regions","Global","North America | Europe","The repository row matches AIC but uses a parenthetical name, treats displayed net asset value as a $1.7 billion fund-size amount, assigns a retail-product strategy, and records only a generic global region. Primary materials instead support the official name, 2023 inception, core/core-plus infrastructure classification, direct control-oriented ownership and a primary North American, Western European and OECD focus. AIC remains a program exception because it is an operating-company vehicle rather than a conventional commingled private fund.","RENAME_OR_CANONICAL_NAME | SIZE_OR_AMOUNT_CHANGE | MEDIUM_CONFIDENCE | PROGRAM_EXCEPTION","https://www.apollo.com/wealth/strategies/products/apollo-infrastructure-company | https://www.sec.gov/Archives/edgar/data/1971381/000119312525068918/d888030d10k.htm | https://www.sec.gov/Archives/edgar/data/1527469/000152746924000083/apollo2024investordaypre.htm | https://www.sec.gov/Archives/edgar/data/1971381/000119312526224382/0001193125-26-224382-index.htm"
"UPD-013","UPDATE","Apollo Global Management","Apollo Global Management","FUND-011","Apollo Infrastructure Company (AIC)","Apollo Infrastructure Company","MEDIUM","PROGRAM_EXCEPTION","EVERGREEN_ACTIVE","EXPLICIT_NA_MANDATE","—","—","sourceUrls","https://www.apollo.com/wealth/strategies/products/apollo-infrastructure-company","https://www.apollo.com/wealth/strategies/products/apollo-infrastructure-company | https://www.sec.gov/Archives/edgar/data/1971381/000119312525068918/d888030d10k.htm | https://www.sec.gov/Archives/edgar/data/1971381/000119312526224382/0001193125-26-224382-index.htm | https://www.sec.gov/Archives/edgar/data/1527469/000152746924000083/apollo2024investordaypre.htm","The repository row matches AIC but uses a parenthetical name, treats displayed net asset value as a $1.7 billion fund-size amount, assigns a retail-product strategy, and records only a generic global region. Primary materials instead support the official name, 2023 inception, core/core-plus infrastructure classification, direct control-oriented ownership and a primary North American, Western European and OECD focus. AIC remains a program exception because it is an operating-company vehicle rather than a conventional commingled private fund.","RENAME_OR_CANONICAL_NAME | SIZE_OR_AMOUNT_CHANGE | MEDIUM_CONFIDENCE | PROGRAM_EXCEPTION","https://www.apollo.com/wealth/strategies/products/apollo-infrastructure-company | https://www.sec.gov/Archives/edgar/data/1971381/000119312525068918/d888030d10k.htm | https://www.sec.gov/Archives/edgar/data/1527469/000152746924000083/apollo2024investordaypre.htm | https://www.sec.gov/Archives/edgar/data/1971381/000119312526224382/0001193125-26-224382-index.htm"
"UPD-014","UPDATE","Apollo Global Management","Apollo Global Management","FUND-014","Apollo Infrastructure Opportunities Fund III","Apollo Infrastructure Opportunities Fund III","HIGH","NAMED_FUND","CLOSED_ACTIVE","EXPLICIT_NA_MANDATE","—","—","investmentStrategy","Mid-market Apollo infrastructure fund providing flexible capital across power, renewables, transport and digital infrastructure in North America and Europe.","Mid-market core-plus and value-add infrastructure equity with a fund-specific North American geographic focus and active investments.","The repository identity matches, but Apollo's primary investment record supports a 2024 vintage and $2.399 billion of committed capital as of March 31, 2026. Institutional evidence supports North America, while the repository's detailed sector list is not established by the opened fund-specific materials and is therefore cleared rather than inferred.","SIZE_OR_AMOUNT_CHANGE","https://www.sec.gov/Archives/edgar/data/1858681/000185868126000021/agmearningsrelease1q2026.htm | https://www.sec.gov/Archives/edgar/data/1527469/000152746924000083/apollo2024investordaypre.htm | https://www.sbcers.org/wp-content/uploads/SBCERS-2025-PRR-Strategic-Plan-.pdf | https://www.infrastructureinvestor.com/apollo-reaches-2-4bn-final-close-on-third-infra-fund-exclusive/"
"UPD-014","UPDATE","Apollo Global Management","Apollo Global Management","FUND-014","Apollo Infrastructure Opportunities Fund III","Apollo Infrastructure Opportunities Fund III","HIGH","NAMED_FUND","CLOSED_ACTIVE","EXPLICIT_NA_MANDATE","—","—","size","$2.4B","$2.399B committed capital","The repository identity matches, but Apollo's primary investment record supports a 2024 vintage and $2.399 billion of committed capital as of March 31, 2026. Institutional evidence supports North America, while the repository's detailed sector list is not established by the opened fund-specific materials and is therefore cleared rather than inferred.","SIZE_OR_AMOUNT_CHANGE","https://www.sec.gov/Archives/edgar/data/1858681/000185868126000021/agmearningsrelease1q2026.htm | https://www.sec.gov/Archives/edgar/data/1527469/000152746924000083/apollo2024investordaypre.htm | https://www.sbcers.org/wp-content/uploads/SBCERS-2025-PRR-Strategic-Plan-.pdf | https://www.infrastructureinvestor.com/apollo-reaches-2-4bn-final-close-on-third-infra-fund-exclusive/"
"UPD-014","UPDATE","Apollo Global Management","Apollo Global Management","FUND-014","Apollo Infrastructure Opportunities Fund III","Apollo Infrastructure Opportunities Fund III","HIGH","NAMED_FUND","CLOSED_ACTIVE","EXPLICIT_NA_MANDATE","—","—","sizeUsdMm","2400","2399","The repository identity matches, but Apollo's primary investment record supports a 2024 vintage and $2.399 billion of committed capital as of March 31, 2026. Institutional evidence supports North America, while the repository's detailed sector list is not established by the opened fund-specific materials and is therefore cleared rather than inferred.","SIZE_OR_AMOUNT_CHANGE","https://www.sec.gov/Archives/edgar/data/1858681/000185868126000021/agmearningsrelease1q2026.htm | https://www.sec.gov/Archives/edgar/data/1527469/000152746924000083/apollo2024investordaypre.htm | https://www.sbcers.org/wp-content/uploads/SBCERS-2025-PRR-Strategic-Plan-.pdf | https://www.infrastructureinvestor.com/apollo-reaches-2-4bn-final-close-on-third-infra-fund-exclusive/"
"UPD-014","UPDATE","Apollo Global Management","Apollo Global Management","FUND-014","Apollo Infrastructure Opportunities Fund III","Apollo Infrastructure Opportunities Fund III","HIGH","NAMED_FUND","CLOSED_ACTIVE","EXPLICIT_NA_MANDATE","—","—","sizeNativeCurrency","—","USD","The repository identity matches, but Apollo's primary investment record supports a 2024 vintage and $2.399 billion of committed capital as of March 31, 2026. Institutional evidence supports North America, while the repository's detailed sector list is not established by the opened fund-specific materials and is therefore cleared rather than inferred.","SIZE_OR_AMOUNT_CHANGE","https://www.sec.gov/Archives/edgar/data/1858681/000185868126000021/agmearningsrelease1q2026.htm | https://www.sec.gov/Archives/edgar/data/1527469/000152746924000083/apollo2024investordaypre.htm | https://www.sbcers.org/wp-content/uploads/SBCERS-2025-PRR-Strategic-Plan-.pdf | https://www.infrastructureinvestor.com/apollo-reaches-2-4bn-final-close-on-third-infra-fund-exclusive/"
"UPD-014","UPDATE","Apollo Global Management","Apollo Global Management","FUND-014","Apollo Infrastructure Opportunities Fund III","Apollo Infrastructure Opportunities Fund III","HIGH","NAMED_FUND","CLOSED_ACTIVE","EXPLICIT_NA_MANDATE","—","—","sizeNativeAmount","—","2399000000","The repository identity matches, but Apollo's primary investment record supports a 2024 vintage and $2.399 billion of committed capital as of March 31, 2026. Institutional evidence supports North America, while the repository's detailed sector list is not established by the opened fund-specific materials and is therefore cleared rather than inferred.","SIZE_OR_AMOUNT_CHANGE","https://www.sec.gov/Archives/edgar/data/1858681/000185868126000021/agmearningsrelease1q2026.htm | https://www.sec.gov/Archives/edgar/data/1527469/000152746924000083/apollo2024investordaypre.htm | https://www.sbcers.org/wp-content/uploads/SBCERS-2025-PRR-Strategic-Plan-.pdf | https://www.infrastructureinvestor.com/apollo-reaches-2-4bn-final-close-on-third-infra-fund-exclusive/"
"UPD-014","UPDATE","Apollo Global Management","Apollo Global Management","FUND-014","Apollo Infrastructure Opportunities Fund III","Apollo Infrastructure Opportunities Fund III","HIGH","NAMED_FUND","CLOSED_ACTIVE","EXPLICIT_NA_MANDATE","—","—","sizeBasis","—","COMMITMENTS","The repository identity matches, but Apollo's primary investment record supports a 2024 vintage and $2.399 billion of committed capital as of March 31, 2026. Institutional evidence supports North America, while the repository's detailed sector list is not established by the opened fund-specific materials and is therefore cleared rather than inferred.","SIZE_OR_AMOUNT_CHANGE","https://www.sec.gov/Archives/edgar/data/1858681/000185868126000021/agmearningsrelease1q2026.htm | https://www.sec.gov/Archives/edgar/data/1527469/000152746924000083/apollo2024investordaypre.htm | https://www.sbcers.org/wp-content/uploads/SBCERS-2025-PRR-Strategic-Plan-.pdf | https://www.infrastructureinvestor.com/apollo-reaches-2-4bn-final-close-on-third-infra-fund-exclusive/"
"UPD-014","UPDATE","Apollo Global Management","Apollo Global Management","FUND-014","Apollo Infrastructure Opportunities Fund III","Apollo Infrastructure Opportunities Fund III","HIGH","NAMED_FUND","CLOSED_ACTIVE","EXPLICIT_NA_MANDATE","—","—","sizeAsOf","—","2026-03-31","The repository identity matches, but Apollo's primary investment record supports a 2024 vintage and $2.399 billion of committed capital as of March 31, 2026. Institutional evidence supports North America, while the repository's detailed sector list is not established by the opened fund-specific materials and is therefore cleared rather than inferred.","SIZE_OR_AMOUNT_CHANGE","https://www.sec.gov/Archives/edgar/data/1858681/000185868126000021/agmearningsrelease1q2026.htm | https://www.sec.gov/Archives/edgar/data/1527469/000152746924000083/apollo2024investordaypre.htm | https://www.sbcers.org/wp-content/uploads/SBCERS-2025-PRR-Strategic-Plan-.pdf | https://www.infrastructureinvestor.com/apollo-reaches-2-4bn-final-close-on-third-infra-fund-exclusive/"
"UPD-014","UPDATE","Apollo Global Management","Apollo Global Management","FUND-014","Apollo Infrastructure Opportunities Fund III","Apollo Infrastructure Opportunities Fund III","HIGH","NAMED_FUND","CLOSED_ACTIVE","EXPLICIT_NA_MANDATE","—","—","vintage","2023","2024","The repository identity matches, but Apollo's primary investment record supports a 2024 vintage and $2.399 billion of committed capital as of March 31, 2026. Institutional evidence supports North America, while the repository's detailed sector list is not established by the opened fund-specific materials and is therefore cleared rather than inferred.","SIZE_OR_AMOUNT_CHANGE","https://www.sec.gov/Archives/edgar/data/1858681/000185868126000021/agmearningsrelease1q2026.htm | https://www.sec.gov/Archives/edgar/data/1527469/000152746924000083/apollo2024investordaypre.htm | https://www.sbcers.org/wp-content/uploads/SBCERS-2025-PRR-Strategic-Plan-.pdf | https://www.infrastructureinvestor.com/apollo-reaches-2-4bn-final-close-on-third-infra-fund-exclusive/"
"UPD-014","UPDATE","Apollo Global Management","Apollo Global Management","FUND-014","Apollo Infrastructure Opportunities Fund III","Apollo Infrastructure Opportunities Fund III","HIGH","NAMED_FUND","CLOSED_ACTIVE","EXPLICIT_NA_MANDATE","—","—","strategies","Value-Add","Core-Plus | Value-Add","The repository identity matches, but Apollo's primary investment record supports a 2024 vintage and $2.399 billion of committed capital as of March 31, 2026. Institutional evidence supports North America, while the repository's detailed sector list is not established by the opened fund-specific materials and is therefore cleared rather than inferred.","SIZE_OR_AMOUNT_CHANGE","https://www.sec.gov/Archives/edgar/data/1858681/000185868126000021/agmearningsrelease1q2026.htm | https://www.sec.gov/Archives/edgar/data/1527469/000152746924000083/apollo2024investordaypre.htm | https://www.sbcers.org/wp-content/uploads/SBCERS-2025-PRR-Strategic-Plan-.pdf | https://www.infrastructureinvestor.com/apollo-reaches-2-4bn-final-close-on-third-infra-fund-exclusive/"
"UPD-014","UPDATE","Apollo Global Management","Apollo Global Management","FUND-014","Apollo Infrastructure Opportunities Fund III","Apollo Infrastructure Opportunities Fund III","HIGH","NAMED_FUND","CLOSED_ACTIVE","EXPLICIT_NA_MANDATE","—","—","sectors","Power & ET | Utilities | Digital | Transportation | Social Infra","—","The repository identity matches, but Apollo's primary investment record supports a 2024 vintage and $2.399 billion of committed capital as of March 31, 2026. Institutional evidence supports North America, while the repository's detailed sector list is not established by the opened fund-specific materials and is therefore cleared rather than inferred.","SIZE_OR_AMOUNT_CHANGE","https://www.sec.gov/Archives/edgar/data/1858681/000185868126000021/agmearningsrelease1q2026.htm | https://www.sec.gov/Archives/edgar/data/1527469/000152746924000083/apollo2024investordaypre.htm | https://www.sbcers.org/wp-content/uploads/SBCERS-2025-PRR-Strategic-Plan-.pdf | https://www.infrastructureinvestor.com/apollo-reaches-2-4bn-final-close-on-third-infra-fund-exclusive/"
"UPD-014","UPDATE","Apollo Global Management","Apollo Global Management","FUND-014","Apollo Infrastructure Opportunities Fund III","Apollo Infrastructure Opportunities Fund III","HIGH","NAMED_FUND","CLOSED_ACTIVE","EXPLICIT_NA_MANDATE","—","—","regions","North America | Europe","North America","The repository identity matches, but Apollo's primary investment record supports a 2024 vintage and $2.399 billion of committed capital as of March 31, 2026. Institutional evidence supports North America, while the repository's detailed sector list is not established by the opened fund-specific materials and is therefore cleared rather than inferred.","SIZE_OR_AMOUNT_CHANGE","https://www.sec.gov/Archives/edgar/data/1858681/000185868126000021/agmearningsrelease1q2026.htm | https://www.sec.gov/Archives/edgar/data/1527469/000152746924000083/apollo2024investordaypre.htm | https://www.sbcers.org/wp-content/uploads/SBCERS-2025-PRR-Strategic-Plan-.pdf | https://www.infrastructureinvestor.com/apollo-reaches-2-4bn-final-close-on-third-infra-fund-exclusive/"
"UPD-014","UPDATE","Apollo Global Management","Apollo Global Management","FUND-014","Apollo Infrastructure Opportunities Fund III","Apollo Infrastructure Opportunities Fund III","HIGH","NAMED_FUND","CLOSED_ACTIVE","EXPLICIT_NA_MANDATE","—","—","sourceUrls","https://www.sec.gov/Archives/edgar/data/1961489/000095014225001711/xslFormDX01/primary_doc.xml","https://www.sec.gov/Archives/edgar/data/1858681/000185868126000021/agmearningsrelease1q2026.htm | https://www.sec.gov/Archives/edgar/data/1527469/000152746924000083/apollo2024investordaypre.htm | https://www.sbcers.org/wp-content/uploads/SBCERS-2025-PRR-Strategic-Plan-.pdf | https://www.infrastructureinvestor.com/apollo-reaches-2-4bn-final-close-on-third-infra-fund-exclusive/","The repository identity matches, but Apollo's primary investment record supports a 2024 vintage and $2.399 billion of committed capital as of March 31, 2026. Institutional evidence supports North America, while the repository's detailed sector list is not established by the opened fund-specific materials and is therefore cleared rather than inferred.","SIZE_OR_AMOUNT_CHANGE","https://www.sec.gov/Archives/edgar/data/1858681/000185868126000021/agmearningsrelease1q2026.htm | https://www.sec.gov/Archives/edgar/data/1527469/000152746924000083/apollo2024investordaypre.htm | https://www.sbcers.org/wp-content/uploads/SBCERS-2025-PRR-Strategic-Plan-.pdf | https://www.infrastructureinvestor.com/apollo-reaches-2-4bn-final-close-on-third-infra-fund-exclusive/"
"UPD-015","UPDATE","Ara Partners","Ara Partners","FUND-016","Ara Energy Decarbonization Fund I","Ara Energy Fund I","MEDIUM","NAMED_FUND","RAISING","EXPLICIT_NA_MANDATE","—","—","fundName","Ara Energy Decarbonization Fund I","Ara Energy Fund I","FUND-016 represents the same commercial vehicle, but the official legal and market name is Ara Energy Fund I. Primary evidence does not establish a $1.5 billion fund size or a 2026 vintage; the offering amount is indefinite, the manager has not announced a final close, and official materials now describe a North America-and-Europe strategy with a dedicated Energy strategy page.","RENAME_OR_CANONICAL_NAME | SIZE_OR_AMOUNT_CHANGE | MEDIUM_CONFIDENCE","https://www.sec.gov/Archives/edgar/data/2088778/000095010325016053/xslFormDX08/primary_doc.xml | https://www.sec.gov/Archives/edgar/data/2088818/000095010325016054/xslFormDX08/primary_doc.xml | https://www.arapartners.com/what-we-do/strategies/energy/ | https://www.arapartners.com/news/ara-partners-launches-new-strategy-to-decarbonize-conventional-energy-value-chain-in-partnership-with-hf-capital/ | https://www.arapartners.com/news/liberty-mutual-investments-and-ara-partners-form-strategic-partnership/ | https://www.sec.gov/Archives/edgar/data/1957892/000119312526081487/structurenport.htm | https://www.infrastructureinvestor.com/institution-profiles/ara-partners.html | https://www.arapartners.com/news/ara-energy-to-acquire-gate-city-power-gate-city-renewable-fuels-and-interest-in-jet-retail-network-for-875-million/"
"UPD-015","UPDATE","Ara Partners","Ara Partners","FUND-016","Ara Energy Decarbonization Fund I","Ara Energy Fund I","MEDIUM","NAMED_FUND","RAISING","EXPLICIT_NA_MANDATE","—","—","investmentStrategy","Inaugural Ara Energy vehicle focused on acquiring operating conventional-energy assets and decarbonizing them through operational optimization, fuel transition and retrofit pathways.","Value-add acquisition, ownership and operational optimization of existing cash-generating conventional power, biofuels, and fuels-delivery and distribution businesses and assets, with economic decarbonization where viable.","FUND-016 represents the same commercial vehicle, but the official legal and market name is Ara Energy Fund I. Primary evidence does not establish a $1.5 billion fund size or a 2026 vintage; the offering amount is indefinite, the manager has not announced a final close, and official materials now describe a North America-and-Europe strategy with a dedicated Energy strategy page.","RENAME_OR_CANONICAL_NAME | SIZE_OR_AMOUNT_CHANGE | MEDIUM_CONFIDENCE","https://www.sec.gov/Archives/edgar/data/2088778/000095010325016053/xslFormDX08/primary_doc.xml | https://www.sec.gov/Archives/edgar/data/2088818/000095010325016054/xslFormDX08/primary_doc.xml | https://www.arapartners.com/what-we-do/strategies/energy/ | https://www.arapartners.com/news/ara-partners-launches-new-strategy-to-decarbonize-conventional-energy-value-chain-in-partnership-with-hf-capital/ | https://www.arapartners.com/news/liberty-mutual-investments-and-ara-partners-form-strategic-partnership/ | https://www.sec.gov/Archives/edgar/data/1957892/000119312526081487/structurenport.htm | https://www.infrastructureinvestor.com/institution-profiles/ara-partners.html | https://www.arapartners.com/news/ara-energy-to-acquire-gate-city-power-gate-city-renewable-fuels-and-interest-in-jet-retail-network-for-875-million/"
"UPD-015","UPDATE","Ara Partners","Ara Partners","FUND-016","Ara Energy Decarbonization Fund I","Ara Energy Fund I","MEDIUM","NAMED_FUND","RAISING","EXPLICIT_NA_MANDATE","—","—","size","$1.5B","Undisclosed","FUND-016 represents the same commercial vehicle, but the official legal and market name is Ara Energy Fund I. Primary evidence does not establish a $1.5 billion fund size or a 2026 vintage; the offering amount is indefinite, the manager has not announced a final close, and official materials now describe a North America-and-Europe strategy with a dedicated Energy strategy page.","RENAME_OR_CANONICAL_NAME | SIZE_OR_AMOUNT_CHANGE | MEDIUM_CONFIDENCE","https://www.sec.gov/Archives/edgar/data/2088778/000095010325016053/xslFormDX08/primary_doc.xml | https://www.sec.gov/Archives/edgar/data/2088818/000095010325016054/xslFormDX08/primary_doc.xml | https://www.arapartners.com/what-we-do/strategies/energy/ | https://www.arapartners.com/news/ara-partners-launches-new-strategy-to-decarbonize-conventional-energy-value-chain-in-partnership-with-hf-capital/ | https://www.arapartners.com/news/liberty-mutual-investments-and-ara-partners-form-strategic-partnership/ | https://www.sec.gov/Archives/edgar/data/1957892/000119312526081487/structurenport.htm | https://www.infrastructureinvestor.com/institution-profiles/ara-partners.html | https://www.arapartners.com/news/ara-energy-to-acquire-gate-city-power-gate-city-renewable-fuels-and-interest-in-jet-retail-network-for-875-million/"
"UPD-015","UPDATE","Ara Partners","Ara Partners","FUND-016","Ara Energy Decarbonization Fund I","Ara Energy Fund I","MEDIUM","NAMED_FUND","RAISING","EXPLICIT_NA_MANDATE","—","—","sizeUsdMm","1500","—","FUND-016 represents the same commercial vehicle, but the official legal and market name is Ara Energy Fund I. Primary evidence does not establish a $1.5 billion fund size or a 2026 vintage; the offering amount is indefinite, the manager has not announced a final close, and official materials now describe a North America-and-Europe strategy with a dedicated Energy strategy page.","RENAME_OR_CANONICAL_NAME | SIZE_OR_AMOUNT_CHANGE | MEDIUM_CONFIDENCE","https://www.sec.gov/Archives/edgar/data/2088778/000095010325016053/xslFormDX08/primary_doc.xml | https://www.sec.gov/Archives/edgar/data/2088818/000095010325016054/xslFormDX08/primary_doc.xml | https://www.arapartners.com/what-we-do/strategies/energy/ | https://www.arapartners.com/news/ara-partners-launches-new-strategy-to-decarbonize-conventional-energy-value-chain-in-partnership-with-hf-capital/ | https://www.arapartners.com/news/liberty-mutual-investments-and-ara-partners-form-strategic-partnership/ | https://www.sec.gov/Archives/edgar/data/1957892/000119312526081487/structurenport.htm | https://www.infrastructureinvestor.com/institution-profiles/ara-partners.html | https://www.arapartners.com/news/ara-energy-to-acquire-gate-city-power-gate-city-renewable-fuels-and-interest-in-jet-retail-network-for-875-million/"
"UPD-015","UPDATE","Ara Partners","Ara Partners","FUND-016","Ara Energy Decarbonization Fund I","Ara Energy Fund I","MEDIUM","NAMED_FUND","RAISING","EXPLICIT_NA_MANDATE","—","—","vintage","2026","Not disclosed","FUND-016 represents the same commercial vehicle, but the official legal and market name is Ara Energy Fund I. Primary evidence does not establish a $1.5 billion fund size or a 2026 vintage; the offering amount is indefinite, the manager has not announced a final close, and official materials now describe a North America-and-Europe strategy with a dedicated Energy strategy page.","RENAME_OR_CANONICAL_NAME | SIZE_OR_AMOUNT_CHANGE | MEDIUM_CONFIDENCE","https://www.sec.gov/Archives/edgar/data/2088778/000095010325016053/xslFormDX08/primary_doc.xml | https://www.sec.gov/Archives/edgar/data/2088818/000095010325016054/xslFormDX08/primary_doc.xml | https://www.arapartners.com/what-we-do/strategies/energy/ | https://www.arapartners.com/news/ara-partners-launches-new-strategy-to-decarbonize-conventional-energy-value-chain-in-partnership-with-hf-capital/ | https://www.arapartners.com/news/liberty-mutual-investments-and-ara-partners-form-strategic-partnership/ | https://www.sec.gov/Archives/edgar/data/1957892/000119312526081487/structurenport.htm | https://www.infrastructureinvestor.com/institution-profiles/ara-partners.html | https://www.arapartners.com/news/ara-energy-to-acquire-gate-city-power-gate-city-renewable-fuels-and-interest-in-jet-retail-network-for-875-million/"
"UPD-015","UPDATE","Ara Partners","Ara Partners","FUND-016","Ara Energy Decarbonization Fund I","Ara Energy Fund I","MEDIUM","NAMED_FUND","RAISING","EXPLICIT_NA_MANDATE","—","—","regions","North America","North America | Europe","FUND-016 represents the same commercial vehicle, but the official legal and market name is Ara Energy Fund I. Primary evidence does not establish a $1.5 billion fund size or a 2026 vintage; the offering amount is indefinite, the manager has not announced a final close, and official materials now describe a North America-and-Europe strategy with a dedicated Energy strategy page.","RENAME_OR_CANONICAL_NAME | SIZE_OR_AMOUNT_CHANGE | MEDIUM_CONFIDENCE","https://www.sec.gov/Archives/edgar/data/2088778/000095010325016053/xslFormDX08/primary_doc.xml | https://www.sec.gov/Archives/edgar/data/2088818/000095010325016054/xslFormDX08/primary_doc.xml | https://www.arapartners.com/what-we-do/strategies/energy/ | https://www.arapartners.com/news/ara-partners-launches-new-strategy-to-decarbonize-conventional-energy-value-chain-in-partnership-with-hf-capital/ | https://www.arapartners.com/news/liberty-mutual-investments-and-ara-partners-form-strategic-partnership/ | https://www.sec.gov/Archives/edgar/data/1957892/000119312526081487/structurenport.htm | https://www.infrastructureinvestor.com/institution-profiles/ara-partners.html | https://www.arapartners.com/news/ara-energy-to-acquire-gate-city-power-gate-city-renewable-fuels-and-interest-in-jet-retail-network-for-875-million/"
"UPD-015","UPDATE","Ara Partners","Ara Partners","FUND-016","Ara Energy Decarbonization Fund I","Ara Energy Fund I","MEDIUM","NAMED_FUND","RAISING","EXPLICIT_NA_MANDATE","—","—","sourceUrls","https://www.arapartners.com/what-we-do/strategies/energy/","https://www.arapartners.com/what-we-do/strategies/energy/ | https://www.arapartners.com/news/ara-partners-launches-new-strategy-to-decarbonize-conventional-energy-value-chain-in-partnership-with-hf-capital/ | https://www.arapartners.com/news/liberty-mutual-investments-and-ara-partners-form-strategic-partnership/ | https://www.sec.gov/Archives/edgar/data/2088778/000095010325016053/xslFormDX08/primary_doc.xml | https://www.sec.gov/Archives/edgar/data/2088818/000095010325016054/xslFormDX08/primary_doc.xml | https://www.sec.gov/Archives/edgar/data/1957892/000119312526081487/structurenport.htm | https://www.infrastructureinvestor.com/institution-profiles/ara-partners.html | https://www.arapartners.com/news/ara-energy-to-acquire-gate-city-power-gate-city-renewable-fuels-and-interest-in-jet-retail-network-for-875-million/ | https://documents.dps.ny.gov/public/Common/ViewDoc.aspx?DocRefId=%7B30A9BC9E-0000-CC16-BB77-8FA1D20967F3%7D&DocTitle=Declaratory+Ruling+on+Transfer+Transaction","FUND-016 represents the same commercial vehicle, but the official legal and market name is Ara Energy Fund I. Primary evidence does not establish a $1.5 billion fund size or a 2026 vintage; the offering amount is indefinite, the manager has not announced a final close, and official materials now describe a North America-and-Europe strategy with a dedicated Energy strategy page.","RENAME_OR_CANONICAL_NAME | SIZE_OR_AMOUNT_CHANGE | MEDIUM_CONFIDENCE","https://www.sec.gov/Archives/edgar/data/2088778/000095010325016053/xslFormDX08/primary_doc.xml | https://www.sec.gov/Archives/edgar/data/2088818/000095010325016054/xslFormDX08/primary_doc.xml | https://www.arapartners.com/what-we-do/strategies/energy/ | https://www.arapartners.com/news/ara-partners-launches-new-strategy-to-decarbonize-conventional-energy-value-chain-in-partnership-with-hf-capital/ | https://www.arapartners.com/news/liberty-mutual-investments-and-ara-partners-form-strategic-partnership/ | https://www.sec.gov/Archives/edgar/data/1957892/000119312526081487/structurenport.htm | https://www.infrastructureinvestor.com/institution-profiles/ara-partners.html | https://www.arapartners.com/news/ara-energy-to-acquire-gate-city-power-gate-city-renewable-fuels-and-interest-in-jet-retail-network-for-875-million/"
"UPD-015","UPDATE","Ara Partners","Ara Partners","FUND-016","Ara Energy Decarbonization Fund I","Ara Energy Fund I","MEDIUM","NAMED_FUND","RAISING","EXPLICIT_NA_MANDATE","—","—","strategyUrl","https://www.arapartners.com/what-we-do/strategies/infrastructure/","https://www.arapartners.com/what-we-do/strategies/energy/","FUND-016 represents the same commercial vehicle, but the official legal and market name is Ara Energy Fund I. Primary evidence does not establish a $1.5 billion fund size or a 2026 vintage; the offering amount is indefinite, the manager has not announced a final close, and official materials now describe a North America-and-Europe strategy with a dedicated Energy strategy page.","RENAME_OR_CANONICAL_NAME | SIZE_OR_AMOUNT_CHANGE | MEDIUM_CONFIDENCE","https://www.sec.gov/Archives/edgar/data/2088778/000095010325016053/xslFormDX08/primary_doc.xml | https://www.sec.gov/Archives/edgar/data/2088818/000095010325016054/xslFormDX08/primary_doc.xml | https://www.arapartners.com/what-we-do/strategies/energy/ | https://www.arapartners.com/news/ara-partners-launches-new-strategy-to-decarbonize-conventional-energy-value-chain-in-partnership-with-hf-capital/ | https://www.arapartners.com/news/liberty-mutual-investments-and-ara-partners-form-strategic-partnership/ | https://www.sec.gov/Archives/edgar/data/1957892/000119312526081487/structurenport.htm | https://www.infrastructureinvestor.com/institution-profiles/ara-partners.html | https://www.arapartners.com/news/ara-energy-to-acquire-gate-city-power-gate-city-renewable-fuels-and-interest-in-jet-retail-network-for-875-million/"
"UPD-016","UPDATE","Ara Partners","Ara Partners","FUND-017","Ara Infrastructure Fund I","Ara Infrastructure Fund I","HIGH","NAMED_FUND","CLOSED_ACTIVE","VERIFIED_CURRENT_NA_HOLDING: Centric Fiber","—","—","investmentStrategy","Debut Ara infrastructure vehicle that reached final close above target in May 2025, targeting mid-market industrial-decarbonization infrastructure by building or repurposing assets for the lower-carbon economy.","Mid-market value-add and greenfield infrastructure focused on building new and repurposing high-quality legacy assets for industrial decarbonization, with contracted-revenue and cash-flow characteristics across North America and Europe.","FUND-017 matches the commercial vehicle, but official sources establish a 2022 launch and show that the $800 million-plus disclosure is aggregate commitments for the fund and associated co-investment vehicles, not an exact fund-only size; strategy, sector and source metadata also require correction.","SIZE_OR_AMOUNT_CHANGE","https://www.arapartners.com/news/ara-partners-reaches-final-close-for-inaugural-infrastructure-fund-surpassing-target/ | https://www.arapartners.com/news/ara-partners-q2-newsletter/ | https://www.arapartners.com/what-we-do/strategies/infrastructure/ | https://www.arapartners.com/portfolio/ | https://www.sec.gov/Archives/edgar/data/1944099/000194409922000002/xslFormDX01/primary_doc.xml | https://www.sec.gov/Archives/edgar/data/1944107/000194410724000002/xslFormDX08/primary_doc.xml"
"UPD-016","UPDATE","Ara Partners","Ara Partners","FUND-017","Ara Infrastructure Fund I","Ara Infrastructure Fund I","HIGH","NAMED_FUND","CLOSED_ACTIVE","VERIFIED_CURRENT_NA_HOLDING: Centric Fiber","—","—","size","$800M","$800M+ aggregate commitments for Ara Infrastructure Fund I and associated co-investment vehicles","FUND-017 matches the commercial vehicle, but official sources establish a 2022 launch and show that the $800 million-plus disclosure is aggregate commitments for the fund and associated co-investment vehicles, not an exact fund-only size; strategy, sector and source metadata also require correction.","SIZE_OR_AMOUNT_CHANGE","https://www.arapartners.com/news/ara-partners-reaches-final-close-for-inaugural-infrastructure-fund-surpassing-target/ | https://www.arapartners.com/news/ara-partners-q2-newsletter/ | https://www.arapartners.com/what-we-do/strategies/infrastructure/ | https://www.arapartners.com/portfolio/ | https://www.sec.gov/Archives/edgar/data/1944099/000194409922000002/xslFormDX01/primary_doc.xml | https://www.sec.gov/Archives/edgar/data/1944107/000194410724000002/xslFormDX08/primary_doc.xml"
"UPD-016","UPDATE","Ara Partners","Ara Partners","FUND-017","Ara Infrastructure Fund I","Ara Infrastructure Fund I","HIGH","NAMED_FUND","CLOSED_ACTIVE","VERIFIED_CURRENT_NA_HOLDING: Centric Fiber","—","—","sizeNativeCurrency","—","USD","FUND-017 matches the commercial vehicle, but official sources establish a 2022 launch and show that the $800 million-plus disclosure is aggregate commitments for the fund and associated co-investment vehicles, not an exact fund-only size; strategy, sector and source metadata also require correction.","SIZE_OR_AMOUNT_CHANGE","https://www.arapartners.com/news/ara-partners-reaches-final-close-for-inaugural-infrastructure-fund-surpassing-target/ | https://www.arapartners.com/news/ara-partners-q2-newsletter/ | https://www.arapartners.com/what-we-do/strategies/infrastructure/ | https://www.arapartners.com/portfolio/ | https://www.sec.gov/Archives/edgar/data/1944099/000194409922000002/xslFormDX01/primary_doc.xml | https://www.sec.gov/Archives/edgar/data/1944107/000194410724000002/xslFormDX08/primary_doc.xml"
"UPD-016","UPDATE","Ara Partners","Ara Partners","FUND-017","Ara Infrastructure Fund I","Ara Infrastructure Fund I","HIGH","NAMED_FUND","CLOSED_ACTIVE","VERIFIED_CURRENT_NA_HOLDING: Centric Fiber","—","—","sizeNativeAmount","—","800000000","FUND-017 matches the commercial vehicle, but official sources establish a 2022 launch and show that the $800 million-plus disclosure is aggregate commitments for the fund and associated co-investment vehicles, not an exact fund-only size; strategy, sector and source metadata also require correction.","SIZE_OR_AMOUNT_CHANGE","https://www.arapartners.com/news/ara-partners-reaches-final-close-for-inaugural-infrastructure-fund-surpassing-target/ | https://www.arapartners.com/news/ara-partners-q2-newsletter/ | https://www.arapartners.com/what-we-do/strategies/infrastructure/ | https://www.arapartners.com/portfolio/ | https://www.sec.gov/Archives/edgar/data/1944099/000194409922000002/xslFormDX01/primary_doc.xml | https://www.sec.gov/Archives/edgar/data/1944107/000194410724000002/xslFormDX08/primary_doc.xml"
"UPD-016","UPDATE","Ara Partners","Ara Partners","FUND-017","Ara Infrastructure Fund I","Ara Infrastructure Fund I","HIGH","NAMED_FUND","CLOSED_ACTIVE","VERIFIED_CURRENT_NA_HOLDING: Centric Fiber","—","—","sizeBasis","—","COMMITMENTS","FUND-017 matches the commercial vehicle, but official sources establish a 2022 launch and show that the $800 million-plus disclosure is aggregate commitments for the fund and associated co-investment vehicles, not an exact fund-only size; strategy, sector and source metadata also require correction.","SIZE_OR_AMOUNT_CHANGE","https://www.arapartners.com/news/ara-partners-reaches-final-close-for-inaugural-infrastructure-fund-surpassing-target/ | https://www.arapartners.com/news/ara-partners-q2-newsletter/ | https://www.arapartners.com/what-we-do/strategies/infrastructure/ | https://www.arapartners.com/portfolio/ | https://www.sec.gov/Archives/edgar/data/1944099/000194409922000002/xslFormDX01/primary_doc.xml | https://www.sec.gov/Archives/edgar/data/1944107/000194410724000002/xslFormDX08/primary_doc.xml"
"UPD-016","UPDATE","Ara Partners","Ara Partners","FUND-017","Ara Infrastructure Fund I","Ara Infrastructure Fund I","HIGH","NAMED_FUND","CLOSED_ACTIVE","VERIFIED_CURRENT_NA_HOLDING: Centric Fiber","—","—","sizeAsOf","—","2025-05-01","FUND-017 matches the commercial vehicle, but official sources establish a 2022 launch and show that the $800 million-plus disclosure is aggregate commitments for the fund and associated co-investment vehicles, not an exact fund-only size; strategy, sector and source metadata also require correction.","SIZE_OR_AMOUNT_CHANGE","https://www.arapartners.com/news/ara-partners-reaches-final-close-for-inaugural-infrastructure-fund-surpassing-target/ | https://www.arapartners.com/news/ara-partners-q2-newsletter/ | https://www.arapartners.com/what-we-do/strategies/infrastructure/ | https://www.arapartners.com/portfolio/ | https://www.sec.gov/Archives/edgar/data/1944099/000194409922000002/xslFormDX01/primary_doc.xml | https://www.sec.gov/Archives/edgar/data/1944107/000194410724000002/xslFormDX08/primary_doc.xml"
"UPD-016","UPDATE","Ara Partners","Ara Partners","FUND-017","Ara Infrastructure Fund I","Ara Infrastructure Fund I","HIGH","NAMED_FUND","CLOSED_ACTIVE","VERIFIED_CURRENT_NA_HOLDING: Centric Fiber","—","—","vintage","2025","2022","FUND-017 matches the commercial vehicle, but official sources establish a 2022 launch and show that the $800 million-plus disclosure is aggregate commitments for the fund and associated co-investment vehicles, not an exact fund-only size; strategy, sector and source metadata also require correction.","SIZE_OR_AMOUNT_CHANGE","https://www.arapartners.com/news/ara-partners-reaches-final-close-for-inaugural-infrastructure-fund-surpassing-target/ | https://www.arapartners.com/news/ara-partners-q2-newsletter/ | https://www.arapartners.com/what-we-do/strategies/infrastructure/ | https://www.arapartners.com/portfolio/ | https://www.sec.gov/Archives/edgar/data/1944099/000194409922000002/xslFormDX01/primary_doc.xml | https://www.sec.gov/Archives/edgar/data/1944107/000194410724000002/xslFormDX08/primary_doc.xml"
"UPD-016","UPDATE","Ara Partners","Ara Partners","FUND-017","Ara Infrastructure Fund I","Ara Infrastructure Fund I","HIGH","NAMED_FUND","CLOSED_ACTIVE","VERIFIED_CURRENT_NA_HOLDING: Centric Fiber","—","—","strategies","Value-Add","Value-Add | Greenfield","FUND-017 matches the commercial vehicle, but official sources establish a 2022 launch and show that the $800 million-plus disclosure is aggregate commitments for the fund and associated co-investment vehicles, not an exact fund-only size; strategy, sector and source metadata also require correction.","SIZE_OR_AMOUNT_CHANGE","https://www.arapartners.com/news/ara-partners-reaches-final-close-for-inaugural-infrastructure-fund-surpassing-target/ | https://www.arapartners.com/news/ara-partners-q2-newsletter/ | https://www.arapartners.com/what-we-do/strategies/infrastructure/ | https://www.arapartners.com/portfolio/ | https://www.sec.gov/Archives/edgar/data/1944099/000194409922000002/xslFormDX01/primary_doc.xml | https://www.sec.gov/Archives/edgar/data/1944107/000194410724000002/xslFormDX08/primary_doc.xml"
"UPD-016","UPDATE","Ara Partners","Ara Partners","FUND-017","Ara Infrastructure Fund I","Ara Infrastructure Fund I","HIGH","NAMED_FUND","CLOSED_ACTIVE","VERIFIED_CURRENT_NA_HOLDING: Centric Fiber","—","—","sectors","Power & ET | Digital | Midstream | Social Infra","Power & ET | Digital | Midstream | Transportation","FUND-017 matches the commercial vehicle, but official sources establish a 2022 launch and show that the $800 million-plus disclosure is aggregate commitments for the fund and associated co-investment vehicles, not an exact fund-only size; strategy, sector and source metadata also require correction.","SIZE_OR_AMOUNT_CHANGE","https://www.arapartners.com/news/ara-partners-reaches-final-close-for-inaugural-infrastructure-fund-surpassing-target/ | https://www.arapartners.com/news/ara-partners-q2-newsletter/ | https://www.arapartners.com/what-we-do/strategies/infrastructure/ | https://www.arapartners.com/portfolio/ | https://www.sec.gov/Archives/edgar/data/1944099/000194409922000002/xslFormDX01/primary_doc.xml | https://www.sec.gov/Archives/edgar/data/1944107/000194410724000002/xslFormDX08/primary_doc.xml"
"UPD-016","UPDATE","Ara Partners","Ara Partners","FUND-017","Ara Infrastructure Fund I","Ara Infrastructure Fund I","HIGH","NAMED_FUND","CLOSED_ACTIVE","VERIFIED_CURRENT_NA_HOLDING: Centric Fiber","—","—","sourceUrls","https://www.arapartners.com/news/ara-partners-reaches-final-close-for-inaugural-infrastructure-fund-surpassing-target/","https://www.arapartners.com/news/ara-partners-reaches-final-close-for-inaugural-infrastructure-fund-surpassing-target/ | https://www.arapartners.com/news/ara-partners-q2-newsletter/ | https://www.arapartners.com/what-we-do/strategies/infrastructure/ | https://www.arapartners.com/portfolio/ | https://www.sec.gov/Archives/edgar/data/1944099/000194409922000002/xslFormDX01/primary_doc.xml | https://www.sec.gov/Archives/edgar/data/1944107/000194410724000002/xslFormDX08/primary_doc.xml","FUND-017 matches the commercial vehicle, but official sources establish a 2022 launch and show that the $800 million-plus disclosure is aggregate commitments for the fund and associated co-investment vehicles, not an exact fund-only size; strategy, sector and source metadata also require correction.","SIZE_OR_AMOUNT_CHANGE","https://www.arapartners.com/news/ara-partners-reaches-final-close-for-inaugural-infrastructure-fund-surpassing-target/ | https://www.arapartners.com/news/ara-partners-q2-newsletter/ | https://www.arapartners.com/what-we-do/strategies/infrastructure/ | https://www.arapartners.com/portfolio/ | https://www.sec.gov/Archives/edgar/data/1944099/000194409922000002/xslFormDX01/primary_doc.xml | https://www.sec.gov/Archives/edgar/data/1944107/000194410724000002/xslFormDX08/primary_doc.xml"
"UPD-017","UPDATE","ArcLight Capital","ArcLight Capital Partners","FUND-018","ArcLight Infrastructure Partners Fund VIII","ArcLight Infrastructure Partners Fund VIII","HIGH","NAMED_FUND","CLOSED_ACTIVE","VERIFIED_CURRENT_NA_HOLDING: Phoenix Renewables","—","—","investmentStrategy","Eighth flagship ArcLight infrastructure vehicle, which reached final close in April 2026 above its original $3.0B target and focuses on electrification infrastructure through power, renewables, strategic gas, storage, transmission, midstream and digital infrastructure.","Value-added electrification infrastructure investments across power, renewables, storage, transmission, strategic gas, midstream and digital power.","FUND-018 matches the commercial vehicle, but the official close supports a value-added—not opportunistic—classification and specifies $3.9 billion of total commitments, USD native amount, commitment basis and the April 7, 2026 close date; the evidence-backed canonical source list also adds the official portfolio, investment and regulatory URLs.","SIZE_OR_AMOUNT_CHANGE","https://www.prnewswire.com/news-releases/arclight-announces-final-fund-viii-close-of-3-9-billion-302734967.html | https://arclight.com/portfolio-services/ | https://reports.adviserinfo.sec.gov/reports/ADV/161228/PDF/161228.pdf"
"UPD-017","UPDATE","ArcLight Capital","ArcLight Capital Partners","FUND-018","ArcLight Infrastructure Partners Fund VIII","ArcLight Infrastructure Partners Fund VIII","HIGH","NAMED_FUND","CLOSED_ACTIVE","VERIFIED_CURRENT_NA_HOLDING: Phoenix Renewables","—","—","size","$3.9B","$3.9B total commitments","FUND-018 matches the commercial vehicle, but the official close supports a value-added—not opportunistic—classification and specifies $3.9 billion of total commitments, USD native amount, commitment basis and the April 7, 2026 close date; the evidence-backed canonical source list also adds the official portfolio, investment and regulatory URLs.","SIZE_OR_AMOUNT_CHANGE","https://www.prnewswire.com/news-releases/arclight-announces-final-fund-viii-close-of-3-9-billion-302734967.html | https://arclight.com/portfolio-services/ | https://reports.adviserinfo.sec.gov/reports/ADV/161228/PDF/161228.pdf"
"UPD-017","UPDATE","ArcLight Capital","ArcLight Capital Partners","FUND-018","ArcLight Infrastructure Partners Fund VIII","ArcLight Infrastructure Partners Fund VIII","HIGH","NAMED_FUND","CLOSED_ACTIVE","VERIFIED_CURRENT_NA_HOLDING: Phoenix Renewables","—","—","sizeNativeCurrency","—","USD","FUND-018 matches the commercial vehicle, but the official close supports a value-added—not opportunistic—classification and specifies $3.9 billion of total commitments, USD native amount, commitment basis and the April 7, 2026 close date; the evidence-backed canonical source list also adds the official portfolio, investment and regulatory URLs.","SIZE_OR_AMOUNT_CHANGE","https://www.prnewswire.com/news-releases/arclight-announces-final-fund-viii-close-of-3-9-billion-302734967.html | https://arclight.com/portfolio-services/ | https://reports.adviserinfo.sec.gov/reports/ADV/161228/PDF/161228.pdf"
"UPD-017","UPDATE","ArcLight Capital","ArcLight Capital Partners","FUND-018","ArcLight Infrastructure Partners Fund VIII","ArcLight Infrastructure Partners Fund VIII","HIGH","NAMED_FUND","CLOSED_ACTIVE","VERIFIED_CURRENT_NA_HOLDING: Phoenix Renewables","—","—","sizeNativeAmount","—","3900000000","FUND-018 matches the commercial vehicle, but the official close supports a value-added—not opportunistic—classification and specifies $3.9 billion of total commitments, USD native amount, commitment basis and the April 7, 2026 close date; the evidence-backed canonical source list also adds the official portfolio, investment and regulatory URLs.","SIZE_OR_AMOUNT_CHANGE","https://www.prnewswire.com/news-releases/arclight-announces-final-fund-viii-close-of-3-9-billion-302734967.html | https://arclight.com/portfolio-services/ | https://reports.adviserinfo.sec.gov/reports/ADV/161228/PDF/161228.pdf"
"UPD-017","UPDATE","ArcLight Capital","ArcLight Capital Partners","FUND-018","ArcLight Infrastructure Partners Fund VIII","ArcLight Infrastructure Partners Fund VIII","HIGH","NAMED_FUND","CLOSED_ACTIVE","VERIFIED_CURRENT_NA_HOLDING: Phoenix Renewables","—","—","sizeBasis","—","COMMITMENTS","FUND-018 matches the commercial vehicle, but the official close supports a value-added—not opportunistic—classification and specifies $3.9 billion of total commitments, USD native amount, commitment basis and the April 7, 2026 close date; the evidence-backed canonical source list also adds the official portfolio, investment and regulatory URLs.","SIZE_OR_AMOUNT_CHANGE","https://www.prnewswire.com/news-releases/arclight-announces-final-fund-viii-close-of-3-9-billion-302734967.html | https://arclight.com/portfolio-services/ | https://reports.adviserinfo.sec.gov/reports/ADV/161228/PDF/161228.pdf"
"UPD-017","UPDATE","ArcLight Capital","ArcLight Capital Partners","FUND-018","ArcLight Infrastructure Partners Fund VIII","ArcLight Infrastructure Partners Fund VIII","HIGH","NAMED_FUND","CLOSED_ACTIVE","VERIFIED_CURRENT_NA_HOLDING: Phoenix Renewables","—","—","sizeAsOf","—","2026-04-07","FUND-018 matches the commercial vehicle, but the official close supports a value-added—not opportunistic—classification and specifies $3.9 billion of total commitments, USD native amount, commitment basis and the April 7, 2026 close date; the evidence-backed canonical source list also adds the official portfolio, investment and regulatory URLs.","SIZE_OR_AMOUNT_CHANGE","https://www.prnewswire.com/news-releases/arclight-announces-final-fund-viii-close-of-3-9-billion-302734967.html | https://arclight.com/portfolio-services/ | https://reports.adviserinfo.sec.gov/reports/ADV/161228/PDF/161228.pdf"
"UPD-017","UPDATE","ArcLight Capital","ArcLight Capital Partners","FUND-018","ArcLight Infrastructure Partners Fund VIII","ArcLight Infrastructure Partners Fund VIII","HIGH","NAMED_FUND","CLOSED_ACTIVE","VERIFIED_CURRENT_NA_HOLDING: Phoenix Renewables","—","—","strategies","Opportunistic","Value-Add","FUND-018 matches the commercial vehicle, but the official close supports a value-added—not opportunistic—classification and specifies $3.9 billion of total commitments, USD native amount, commitment basis and the April 7, 2026 close date; the evidence-backed canonical source list also adds the official portfolio, investment and regulatory URLs.","SIZE_OR_AMOUNT_CHANGE","https://www.prnewswire.com/news-releases/arclight-announces-final-fund-viii-close-of-3-9-billion-302734967.html | https://arclight.com/portfolio-services/ | https://reports.adviserinfo.sec.gov/reports/ADV/161228/PDF/161228.pdf"
"UPD-017","UPDATE","ArcLight Capital","ArcLight Capital Partners","FUND-018","ArcLight Infrastructure Partners Fund VIII","ArcLight Infrastructure Partners Fund VIII","HIGH","NAMED_FUND","CLOSED_ACTIVE","VERIFIED_CURRENT_NA_HOLDING: Phoenix Renewables","—","—","sourceUrls","https://www.prnewswire.com/news-releases/arclight-announces-final-fund-viii-close-of-3-9-billion-302734967.html","https://www.prnewswire.com/news-releases/arclight-announces-final-fund-viii-close-of-3-9-billion-302734967.html | https://arclight.com/portfolio-services/ | https://arclight.com/investments/ | https://reports.adviserinfo.sec.gov/reports/ADV/161228/PDF/161228.pdf","FUND-018 matches the commercial vehicle, but the official close supports a value-added—not opportunistic—classification and specifies $3.9 billion of total commitments, USD native amount, commitment basis and the April 7, 2026 close date; the evidence-backed canonical source list also adds the official portfolio, investment and regulatory URLs.","SIZE_OR_AMOUNT_CHANGE","https://www.prnewswire.com/news-releases/arclight-announces-final-fund-viii-close-of-3-9-billion-302734967.html | https://arclight.com/portfolio-services/ | https://reports.adviserinfo.sec.gov/reports/ADV/161228/PDF/161228.pdf"
"UPD-018","UPDATE","Ardian","Ardian","FUND-018A","Ardian Americas Infrastructure Fund IV (AAIF IV)","Ardian Americas Infrastructure Fund IV (AAIF IV)","HIGH","NAMED_FUND","CLOSED_ACTIVE","EXPLICIT_NA_MANDATE","—","—","sizeNativeCurrency","—","USD","The repository identity and substantive strategy fields match; the official close evidence supports completing the native-currency amount, amount basis and as-of date.","SIZE_OR_AMOUNT_CHANGE","https://www.ardian.com/sites/default/files/2020-04/PR-Americas-Infrastructure-Fund-IV-20180514-ENG.pdf | https://www.ardian.com/press-releases/ardian-closes-its-second-generation-americas-infrastructure-fund-us21bn | https://www.ardian.com/sites/default/files/2026-05/Ardian-2025-Integrated-Report.pdf"
"UPD-018","UPDATE","Ardian","Ardian","FUND-018A","Ardian Americas Infrastructure Fund IV (AAIF IV)","Ardian Americas Infrastructure Fund IV (AAIF IV)","HIGH","NAMED_FUND","CLOSED_ACTIVE","EXPLICIT_NA_MANDATE","—","—","sizeNativeAmount","—","800000000","The repository identity and substantive strategy fields match; the official close evidence supports completing the native-currency amount, amount basis and as-of date.","SIZE_OR_AMOUNT_CHANGE","https://www.ardian.com/sites/default/files/2020-04/PR-Americas-Infrastructure-Fund-IV-20180514-ENG.pdf | https://www.ardian.com/press-releases/ardian-closes-its-second-generation-americas-infrastructure-fund-us21bn | https://www.ardian.com/sites/default/files/2026-05/Ardian-2025-Integrated-Report.pdf"
"UPD-018","UPDATE","Ardian","Ardian","FUND-018A","Ardian Americas Infrastructure Fund IV (AAIF IV)","Ardian Americas Infrastructure Fund IV (AAIF IV)","HIGH","NAMED_FUND","CLOSED_ACTIVE","EXPLICIT_NA_MANDATE","—","—","sizeBasis","—","FINAL_CLOSE","The repository identity and substantive strategy fields match; the official close evidence supports completing the native-currency amount, amount basis and as-of date.","SIZE_OR_AMOUNT_CHANGE","https://www.ardian.com/sites/default/files/2020-04/PR-Americas-Infrastructure-Fund-IV-20180514-ENG.pdf | https://www.ardian.com/press-releases/ardian-closes-its-second-generation-americas-infrastructure-fund-us21bn | https://www.ardian.com/sites/default/files/2026-05/Ardian-2025-Integrated-Report.pdf"
"UPD-018","UPDATE","Ardian","Ardian","FUND-018A","Ardian Americas Infrastructure Fund IV (AAIF IV)","Ardian Americas Infrastructure Fund IV (AAIF IV)","HIGH","NAMED_FUND","CLOSED_ACTIVE","EXPLICIT_NA_MANDATE","—","—","sizeAsOf","—","2018-05-15","The repository identity and substantive strategy fields match; the official close evidence supports completing the native-currency amount, amount basis and as-of date.","SIZE_OR_AMOUNT_CHANGE","https://www.ardian.com/sites/default/files/2020-04/PR-Americas-Infrastructure-Fund-IV-20180514-ENG.pdf | https://www.ardian.com/press-releases/ardian-closes-its-second-generation-americas-infrastructure-fund-us21bn | https://www.ardian.com/sites/default/files/2026-05/Ardian-2025-Integrated-Report.pdf"
"UPD-019","UPDATE","Ardian","Ardian","FUND-019","Ardian Americas Infrastructure Fund V (AAIF V)","Ardian Americas Infrastructure Fund V (AAIF V)","HIGH","NAMED_FUND","CLOSED_ACTIVE","EXPLICIT_NA_MANDATE","—","—","sizeNativeCurrency","—","USD","The repository identity and strategy match the official fund; final-close evidence supports completing the native USD amount, final-close basis and date.","SIZE_OR_AMOUNT_CHANGE","https://www.ardian.com/press-releases/ardian-closes-its-second-generation-americas-infrastructure-fund-us21bn | https://www.ardian.com/news-insights/press-releases/ardian-acquires-50-stake-mxt-holdings-leading-mexican | https://www.ardian.com/sites/default/files/2026-05/Ardian-2025-Integrated-Report.pdf"
"UPD-019","UPDATE","Ardian","Ardian","FUND-019","Ardian Americas Infrastructure Fund V (AAIF V)","Ardian Americas Infrastructure Fund V (AAIF V)","HIGH","NAMED_FUND","CLOSED_ACTIVE","EXPLICIT_NA_MANDATE","—","—","sizeNativeAmount","—","2100000000","The repository identity and strategy match the official fund; final-close evidence supports completing the native USD amount, final-close basis and date.","SIZE_OR_AMOUNT_CHANGE","https://www.ardian.com/press-releases/ardian-closes-its-second-generation-americas-infrastructure-fund-us21bn | https://www.ardian.com/news-insights/press-releases/ardian-acquires-50-stake-mxt-holdings-leading-mexican | https://www.ardian.com/sites/default/files/2026-05/Ardian-2025-Integrated-Report.pdf"
"UPD-019","UPDATE","Ardian","Ardian","FUND-019","Ardian Americas Infrastructure Fund V (AAIF V)","Ardian Americas Infrastructure Fund V (AAIF V)","HIGH","NAMED_FUND","CLOSED_ACTIVE","EXPLICIT_NA_MANDATE","—","—","sizeBasis","—","FINAL_CLOSE","The repository identity and strategy match the official fund; final-close evidence supports completing the native USD amount, final-close basis and date.","SIZE_OR_AMOUNT_CHANGE","https://www.ardian.com/press-releases/ardian-closes-its-second-generation-americas-infrastructure-fund-us21bn | https://www.ardian.com/news-insights/press-releases/ardian-acquires-50-stake-mxt-holdings-leading-mexican | https://www.ardian.com/sites/default/files/2026-05/Ardian-2025-Integrated-Report.pdf"
"UPD-019","UPDATE","Ardian","Ardian","FUND-019","Ardian Americas Infrastructure Fund V (AAIF V)","Ardian Americas Infrastructure Fund V (AAIF V)","HIGH","NAMED_FUND","CLOSED_ACTIVE","EXPLICIT_NA_MANDATE","—","—","sizeAsOf","—","2022-09-08","The repository identity and strategy match the official fund; final-close evidence supports completing the native USD amount, final-close basis and date.","SIZE_OR_AMOUNT_CHANGE","https://www.ardian.com/press-releases/ardian-closes-its-second-generation-americas-infrastructure-fund-us21bn | https://www.ardian.com/news-insights/press-releases/ardian-acquires-50-stake-mxt-holdings-leading-mexican | https://www.ardian.com/sites/default/files/2026-05/Ardian-2025-Integrated-Report.pdf"
"UPD-020","UPDATE","Ardian","Ardian","FUND-020","Ardian Infrastructure Fund VI","Ardian Infrastructure Fund VI","HIGH","NAMED_FUND","CLOSED_ACTIVE","VERIFIED_CURRENT_NA_HOLDING: Akuo","—","—","sizeUsdMm","12650","13500","The official final close gives a stated US-dollar equivalent of $13.5 billion and native €11.5 billion hard-cap amount, final-close basis and date; the repository's $12.65 billion conversion is therefore corrected without introducing an inferred FX rate.","SIZE_OR_AMOUNT_CHANGE","https://www.ardian.com/news-insights/press-releases/ardian-raises-20bn-power-essential-european-infrastructure | https://www.ardian.com/expertise/real-assets/infrastructure/investments | https://www.akuoenergy.com/en/press/completion-akuo-groups-acquisition-ardian-and-appointment-bruno-bensasson-ceo | https://www.akuoenergy.com/en/akuo-in-the-world/americas-and-oceania/united-states"
"UPD-020","UPDATE","Ardian","Ardian","FUND-020","Ardian Infrastructure Fund VI","Ardian Infrastructure Fund VI","HIGH","NAMED_FUND","CLOSED_ACTIVE","VERIFIED_CURRENT_NA_HOLDING: Akuo","—","—","sizeNativeCurrency","—","EUR","The official final close gives a stated US-dollar equivalent of $13.5 billion and native €11.5 billion hard-cap amount, final-close basis and date; the repository's $12.65 billion conversion is therefore corrected without introducing an inferred FX rate.","SIZE_OR_AMOUNT_CHANGE","https://www.ardian.com/news-insights/press-releases/ardian-raises-20bn-power-essential-european-infrastructure | https://www.ardian.com/expertise/real-assets/infrastructure/investments | https://www.akuoenergy.com/en/press/completion-akuo-groups-acquisition-ardian-and-appointment-bruno-bensasson-ceo | https://www.akuoenergy.com/en/akuo-in-the-world/americas-and-oceania/united-states"
"UPD-020","UPDATE","Ardian","Ardian","FUND-020","Ardian Infrastructure Fund VI","Ardian Infrastructure Fund VI","HIGH","NAMED_FUND","CLOSED_ACTIVE","VERIFIED_CURRENT_NA_HOLDING: Akuo","—","—","sizeNativeAmount","—","11500000000","The official final close gives a stated US-dollar equivalent of $13.5 billion and native €11.5 billion hard-cap amount, final-close basis and date; the repository's $12.65 billion conversion is therefore corrected without introducing an inferred FX rate.","SIZE_OR_AMOUNT_CHANGE","https://www.ardian.com/news-insights/press-releases/ardian-raises-20bn-power-essential-european-infrastructure | https://www.ardian.com/expertise/real-assets/infrastructure/investments | https://www.akuoenergy.com/en/press/completion-akuo-groups-acquisition-ardian-and-appointment-bruno-bensasson-ceo | https://www.akuoenergy.com/en/akuo-in-the-world/americas-and-oceania/united-states"
"UPD-020","UPDATE","Ardian","Ardian","FUND-020","Ardian Infrastructure Fund VI","Ardian Infrastructure Fund VI","HIGH","NAMED_FUND","CLOSED_ACTIVE","VERIFIED_CURRENT_NA_HOLDING: Akuo","—","—","sizeBasis","—","FINAL_CLOSE","The official final close gives a stated US-dollar equivalent of $13.5 billion and native €11.5 billion hard-cap amount, final-close basis and date; the repository's $12.65 billion conversion is therefore corrected without introducing an inferred FX rate.","SIZE_OR_AMOUNT_CHANGE","https://www.ardian.com/news-insights/press-releases/ardian-raises-20bn-power-essential-european-infrastructure | https://www.ardian.com/expertise/real-assets/infrastructure/investments | https://www.akuoenergy.com/en/press/completion-akuo-groups-acquisition-ardian-and-appointment-bruno-bensasson-ceo | https://www.akuoenergy.com/en/akuo-in-the-world/americas-and-oceania/united-states"
"UPD-020","UPDATE","Ardian","Ardian","FUND-020","Ardian Infrastructure Fund VI","Ardian Infrastructure Fund VI","HIGH","NAMED_FUND","CLOSED_ACTIVE","VERIFIED_CURRENT_NA_HOLDING: Akuo","—","—","sizeAsOf","—","2025-10-16","The official final close gives a stated US-dollar equivalent of $13.5 billion and native €11.5 billion hard-cap amount, final-close basis and date; the repository's $12.65 billion conversion is therefore corrected without introducing an inferred FX rate.","SIZE_OR_AMOUNT_CHANGE","https://www.ardian.com/news-insights/press-releases/ardian-raises-20bn-power-essential-european-infrastructure | https://www.ardian.com/expertise/real-assets/infrastructure/investments | https://www.akuoenergy.com/en/press/completion-akuo-groups-acquisition-ardian-and-appointment-bruno-bensasson-ceo | https://www.akuoenergy.com/en/akuo-in-the-world/americas-and-oceania/united-states"
"UPD-021","UPDATE","Ares Management","Ares Management","FUND-021","Ares Core Infrastructure Fund (ACI)","Ares Core Infrastructure Fund","HIGH","NAMED_FUND","EVERGREEN_ACTIVE","EXPLICIT_NA_MANDATE","—","—","fundName","Ares Core Infrastructure Fund (ACI)","Ares Core Infrastructure Fund","The repository row matches ACI, but the canonical official name treats ACI as an alias, the vehicle began operations in 2024 rather than having an Evergreen vintage, and current primary evidence supports a predominantly North American direct-equity core strategy. The repository's $3.9 billion figure has no documented allowed amount basis in the opened current materials; Ares now reports $7.3 billion of gross asset value, which is outside the permitted amount classifications, so the normalized size states that no allowed-basis amount was disclosed and the remaining normalized amount fields are null.","RENAME_OR_CANONICAL_NAME | SIZE_OR_AMOUNT_CHANGE","https://www.ares.com/us/our-strategies/ares-core-infrastructure-fund | https://www.sec.gov/Archives/edgar/data/2031750/000203175026000015/aci-20251231.htm"
"UPD-021","UPDATE","Ares Management","Ares Management","FUND-021","Ares Core Infrastructure Fund (ACI)","Ares Core Infrastructure Fund","HIGH","NAMED_FUND","EVERGREEN_ACTIVE","EXPLICIT_NA_MANDATE","—","—","investmentStrategy","Evergreen core infrastructure income vehicle investing in long-contracted or rate-regulated assets, with disclosed exposure centered on renewables, power, pipelines/LNG and some telecom/digital holdings.","Perpetual-life core infrastructure income strategy investing primarily through direct equity in contracted or rate-regulated infrastructure assets and companies, with approximately 70% to 100% of investments sourced in North America.","The repository row matches ACI, but the canonical official name treats ACI as an alias, the vehicle began operations in 2024 rather than having an Evergreen vintage, and current primary evidence supports a predominantly North American direct-equity core strategy. The repository's $3.9 billion figure has no documented allowed amount basis in the opened current materials; Ares now reports $7.3 billion of gross asset value, which is outside the permitted amount classifications, so the normalized size states that no allowed-basis amount was disclosed and the remaining normalized amount fields are null.","RENAME_OR_CANONICAL_NAME | SIZE_OR_AMOUNT_CHANGE","https://www.ares.com/us/our-strategies/ares-core-infrastructure-fund | https://www.sec.gov/Archives/edgar/data/2031750/000203175026000015/aci-20251231.htm"
"UPD-021","UPDATE","Ares Management","Ares Management","FUND-021","Ares Core Infrastructure Fund (ACI)","Ares Core Infrastructure Fund","HIGH","NAMED_FUND","EVERGREEN_ACTIVE","EXPLICIT_NA_MANDATE","—","—","size","$3.9B","Not disclosed on an allowed basis","The repository row matches ACI, but the canonical official name treats ACI as an alias, the vehicle began operations in 2024 rather than having an Evergreen vintage, and current primary evidence supports a predominantly North American direct-equity core strategy. The repository's $3.9 billion figure has no documented allowed amount basis in the opened current materials; Ares now reports $7.3 billion of gross asset value, which is outside the permitted amount classifications, so the normalized size states that no allowed-basis amount was disclosed and the remaining normalized amount fields are null.","RENAME_OR_CANONICAL_NAME | SIZE_OR_AMOUNT_CHANGE","https://www.ares.com/us/our-strategies/ares-core-infrastructure-fund | https://www.sec.gov/Archives/edgar/data/2031750/000203175026000015/aci-20251231.htm"
"UPD-021","UPDATE","Ares Management","Ares Management","FUND-021","Ares Core Infrastructure Fund (ACI)","Ares Core Infrastructure Fund","HIGH","NAMED_FUND","EVERGREEN_ACTIVE","EXPLICIT_NA_MANDATE","—","—","sizeUsdMm","3900","—","The repository row matches ACI, but the canonical official name treats ACI as an alias, the vehicle began operations in 2024 rather than having an Evergreen vintage, and current primary evidence supports a predominantly North American direct-equity core strategy. The repository's $3.9 billion figure has no documented allowed amount basis in the opened current materials; Ares now reports $7.3 billion of gross asset value, which is outside the permitted amount classifications, so the normalized size states that no allowed-basis amount was disclosed and the remaining normalized amount fields are null.","RENAME_OR_CANONICAL_NAME | SIZE_OR_AMOUNT_CHANGE","https://www.ares.com/us/our-strategies/ares-core-infrastructure-fund | https://www.sec.gov/Archives/edgar/data/2031750/000203175026000015/aci-20251231.htm"
"UPD-021","UPDATE","Ares Management","Ares Management","FUND-021","Ares Core Infrastructure Fund (ACI)","Ares Core Infrastructure Fund","HIGH","NAMED_FUND","EVERGREEN_ACTIVE","EXPLICIT_NA_MANDATE","—","—","vintage","Evergreen","2024","The repository row matches ACI, but the canonical official name treats ACI as an alias, the vehicle began operations in 2024 rather than having an Evergreen vintage, and current primary evidence supports a predominantly North American direct-equity core strategy. The repository's $3.9 billion figure has no documented allowed amount basis in the opened current materials; Ares now reports $7.3 billion of gross asset value, which is outside the permitted amount classifications, so the normalized size states that no allowed-basis amount was disclosed and the remaining normalized amount fields are null.","RENAME_OR_CANONICAL_NAME | SIZE_OR_AMOUNT_CHANGE","https://www.ares.com/us/our-strategies/ares-core-infrastructure-fund | https://www.sec.gov/Archives/edgar/data/2031750/000203175026000015/aci-20251231.htm"
"UPD-021","UPDATE","Ares Management","Ares Management","FUND-021","Ares Core Infrastructure Fund (ACI)","Ares Core Infrastructure Fund","HIGH","NAMED_FUND","EVERGREEN_ACTIVE","EXPLICIT_NA_MANDATE","—","—","strategies","Retail Act '40","Core | Retail Act '40","The repository row matches ACI, but the canonical official name treats ACI as an alias, the vehicle began operations in 2024 rather than having an Evergreen vintage, and current primary evidence supports a predominantly North American direct-equity core strategy. The repository's $3.9 billion figure has no documented allowed amount basis in the opened current materials; Ares now reports $7.3 billion of gross asset value, which is outside the permitted amount classifications, so the normalized size states that no allowed-basis amount was disclosed and the remaining normalized amount fields are null.","RENAME_OR_CANONICAL_NAME | SIZE_OR_AMOUNT_CHANGE","https://www.ares.com/us/our-strategies/ares-core-infrastructure-fund | https://www.sec.gov/Archives/edgar/data/2031750/000203175026000015/aci-20251231.htm"
"UPD-021","UPDATE","Ares Management","Ares Management","FUND-021","Ares Core Infrastructure Fund (ACI)","Ares Core Infrastructure Fund","HIGH","NAMED_FUND","EVERGREEN_ACTIVE","EXPLICIT_NA_MANDATE","—","—","sectors","Power & ET | Utilities | Digital | Midstream","Power & ET | Utilities | Digital | Midstream | Transportation","The repository row matches ACI, but the canonical official name treats ACI as an alias, the vehicle began operations in 2024 rather than having an Evergreen vintage, and current primary evidence supports a predominantly North American direct-equity core strategy. The repository's $3.9 billion figure has no documented allowed amount basis in the opened current materials; Ares now reports $7.3 billion of gross asset value, which is outside the permitted amount classifications, so the normalized size states that no allowed-basis amount was disclosed and the remaining normalized amount fields are null.","RENAME_OR_CANONICAL_NAME | SIZE_OR_AMOUNT_CHANGE","https://www.ares.com/us/our-strategies/ares-core-infrastructure-fund | https://www.sec.gov/Archives/edgar/data/2031750/000203175026000015/aci-20251231.htm"
"UPD-021","UPDATE","Ares Management","Ares Management","FUND-021","Ares Core Infrastructure Fund (ACI)","Ares Core Infrastructure Fund","HIGH","NAMED_FUND","EVERGREEN_ACTIVE","EXPLICIT_NA_MANDATE","—","—","regions","Global","North America | Europe","The repository row matches ACI, but the canonical official name treats ACI as an alias, the vehicle began operations in 2024 rather than having an Evergreen vintage, and current primary evidence supports a predominantly North American direct-equity core strategy. The repository's $3.9 billion figure has no documented allowed amount basis in the opened current materials; Ares now reports $7.3 billion of gross asset value, which is outside the permitted amount classifications, so the normalized size states that no allowed-basis amount was disclosed and the remaining normalized amount fields are null.","RENAME_OR_CANONICAL_NAME | SIZE_OR_AMOUNT_CHANGE","https://www.ares.com/us/our-strategies/ares-core-infrastructure-fund | https://www.sec.gov/Archives/edgar/data/2031750/000203175026000015/aci-20251231.htm"
"UPD-021","UPDATE","Ares Management","Ares Management","FUND-021","Ares Core Infrastructure Fund (ACI)","Ares Core Infrastructure Fund","HIGH","NAMED_FUND","EVERGREEN_ACTIVE","EXPLICIT_NA_MANDATE","—","—","sourceUrls","https://www.areswms.com/solutions/aci","https://www.ares.com/us/our-strategies/ares-core-infrastructure-fund | https://www.sec.gov/Archives/edgar/data/2031750/000203175026000015/aci-20251231.htm","The repository row matches ACI, but the canonical official name treats ACI as an alias, the vehicle began operations in 2024 rather than having an Evergreen vintage, and current primary evidence supports a predominantly North American direct-equity core strategy. The repository's $3.9 billion figure has no documented allowed amount basis in the opened current materials; Ares now reports $7.3 billion of gross asset value, which is outside the permitted amount classifications, so the normalized size states that no allowed-basis amount was disclosed and the remaining normalized amount fields are null.","RENAME_OR_CANONICAL_NAME | SIZE_OR_AMOUNT_CHANGE","https://www.ares.com/us/our-strategies/ares-core-infrastructure-fund | https://www.sec.gov/Archives/edgar/data/2031750/000203175026000015/aci-20251231.htm"
"UPD-021","UPDATE","Ares Management","Ares Management","FUND-021","Ares Core Infrastructure Fund (ACI)","Ares Core Infrastructure Fund","HIGH","NAMED_FUND","EVERGREEN_ACTIVE","EXPLICIT_NA_MANDATE","—","—","strategyUrl","https://www.aresmgmt.com/our-business/infrastructure","https://www.ares.com/us/businesses-and-products/our-businesses/infrastructure","The repository row matches ACI, but the canonical official name treats ACI as an alias, the vehicle began operations in 2024 rather than having an Evergreen vintage, and current primary evidence supports a predominantly North American direct-equity core strategy. The repository's $3.9 billion figure has no documented allowed amount basis in the opened current materials; Ares now reports $7.3 billion of gross asset value, which is outside the permitted amount classifications, so the normalized size states that no allowed-basis amount was disclosed and the remaining normalized amount fields are null.","RENAME_OR_CANONICAL_NAME | SIZE_OR_AMOUNT_CHANGE","https://www.ares.com/us/our-strategies/ares-core-infrastructure-fund | https://www.sec.gov/Archives/edgar/data/2031750/000203175026000015/aci-20251231.htm"
"UPD-022","UPDATE","Australian Super","AustralianSuper","FUND-026","AustralianSuper Infrastructure Portfolio","AustralianSuper Infrastructure Portfolio","MEDIUM","PROGRAM_EXCEPTION","EVERGREEN_ACTIVE","VERIFIED_CURRENT_NA_HOLDING: DataBank Data Centers","—","—","investmentStrategy","Evergreen pension infrastructure sleeve within AustralianSuper's Mid-Risk real-assets platform, using large direct stakes in unlisted assets; current disclosed holdings tilt to transport/logistics and digital infrastructure, with energy transition an explicit deployment theme.","Evergreen pension direct-investment program using internally managed direct equity and co-investment positions in unlisted infrastructure across digital infrastructure, transportation and energy-transition assets; externally managed infrastructure exposures are reported at the broader portfolio level but are outside the direct-equity component.","FUND-026 matches the only qualifying commercially distinct infrastructure program, but its >$30.0B size label and 30,000 sizeUsdMm presentation should be replaced by the audited A$48.265 billion level 3 infrastructure AUM at 30 June 2025, with no inferred USD conversion. The strategy, sector, region and source fields are also revised to reflect direct/co-investment evidence, current North American deployment and current official sources.","SIZE_OR_AMOUNT_CHANGE | MEDIUM_CONFIDENCE | PROGRAM_EXCEPTION","https://www.australiansuper.com/global-investors/capabilities/portfolio-asset-class-capabilities | https://www.australiansuper.com/global-investors/who-we-are/north-america | https://www.australiansuper.com/-/media/australian-super/files/about-us/financial-statements/2025-fund-annual-financial-report.pdf | https://www.australiansuper.com/-/media/australian-super/files/about-us/media-releases/australiansuper-acquisition-of-stake-in-chesapeake-toll-roads.pdf | https://www.databank.com/about-databank/our-investors/ | https://www.australiansuper.com/investments/investment-articles/2026/07/fy26-investment-performance"
"UPD-022","UPDATE","Australian Super","AustralianSuper","FUND-026","AustralianSuper Infrastructure Portfolio","AustralianSuper Infrastructure Portfolio","MEDIUM","PROGRAM_EXCEPTION","EVERGREEN_ACTIVE","VERIFIED_CURRENT_NA_HOLDING: DataBank Data Centers","—","—","size",">$30.0B","A$48.265B AUM (level 3 infrastructure)","FUND-026 matches the only qualifying commercially distinct infrastructure program, but its >$30.0B size label and 30,000 sizeUsdMm presentation should be replaced by the audited A$48.265 billion level 3 infrastructure AUM at 30 June 2025, with no inferred USD conversion. The strategy, sector, region and source fields are also revised to reflect direct/co-investment evidence, current North American deployment and current official sources.","SIZE_OR_AMOUNT_CHANGE | MEDIUM_CONFIDENCE | PROGRAM_EXCEPTION","https://www.australiansuper.com/global-investors/capabilities/portfolio-asset-class-capabilities | https://www.australiansuper.com/global-investors/who-we-are/north-america | https://www.australiansuper.com/-/media/australian-super/files/about-us/financial-statements/2025-fund-annual-financial-report.pdf | https://www.australiansuper.com/-/media/australian-super/files/about-us/media-releases/australiansuper-acquisition-of-stake-in-chesapeake-toll-roads.pdf | https://www.databank.com/about-databank/our-investors/ | https://www.australiansuper.com/investments/investment-articles/2026/07/fy26-investment-performance"
"UPD-022","UPDATE","Australian Super","AustralianSuper","FUND-026","AustralianSuper Infrastructure Portfolio","AustralianSuper Infrastructure Portfolio","MEDIUM","PROGRAM_EXCEPTION","EVERGREEN_ACTIVE","VERIFIED_CURRENT_NA_HOLDING: DataBank Data Centers","—","—","sizeUsdMm","30000","—","FUND-026 matches the only qualifying commercially distinct infrastructure program, but its >$30.0B size label and 30,000 sizeUsdMm presentation should be replaced by the audited A$48.265 billion level 3 infrastructure AUM at 30 June 2025, with no inferred USD conversion. The strategy, sector, region and source fields are also revised to reflect direct/co-investment evidence, current North American deployment and current official sources.","SIZE_OR_AMOUNT_CHANGE | MEDIUM_CONFIDENCE | PROGRAM_EXCEPTION","https://www.australiansuper.com/global-investors/capabilities/portfolio-asset-class-capabilities | https://www.australiansuper.com/global-investors/who-we-are/north-america | https://www.australiansuper.com/-/media/australian-super/files/about-us/financial-statements/2025-fund-annual-financial-report.pdf | https://www.australiansuper.com/-/media/australian-super/files/about-us/media-releases/australiansuper-acquisition-of-stake-in-chesapeake-toll-roads.pdf | https://www.databank.com/about-databank/our-investors/ | https://www.australiansuper.com/investments/investment-articles/2026/07/fy26-investment-performance"
"UPD-022","UPDATE","Australian Super","AustralianSuper","FUND-026","AustralianSuper Infrastructure Portfolio","AustralianSuper Infrastructure Portfolio","MEDIUM","PROGRAM_EXCEPTION","EVERGREEN_ACTIVE","VERIFIED_CURRENT_NA_HOLDING: DataBank Data Centers","—","—","sizeNativeCurrency","—","AUD","FUND-026 matches the only qualifying commercially distinct infrastructure program, but its >$30.0B size label and 30,000 sizeUsdMm presentation should be replaced by the audited A$48.265 billion level 3 infrastructure AUM at 30 June 2025, with no inferred USD conversion. The strategy, sector, region and source fields are also revised to reflect direct/co-investment evidence, current North American deployment and current official sources.","SIZE_OR_AMOUNT_CHANGE | MEDIUM_CONFIDENCE | PROGRAM_EXCEPTION","https://www.australiansuper.com/global-investors/capabilities/portfolio-asset-class-capabilities | https://www.australiansuper.com/global-investors/who-we-are/north-america | https://www.australiansuper.com/-/media/australian-super/files/about-us/financial-statements/2025-fund-annual-financial-report.pdf | https://www.australiansuper.com/-/media/australian-super/files/about-us/media-releases/australiansuper-acquisition-of-stake-in-chesapeake-toll-roads.pdf | https://www.databank.com/about-databank/our-investors/ | https://www.australiansuper.com/investments/investment-articles/2026/07/fy26-investment-performance"
"UPD-022","UPDATE","Australian Super","AustralianSuper","FUND-026","AustralianSuper Infrastructure Portfolio","AustralianSuper Infrastructure Portfolio","MEDIUM","PROGRAM_EXCEPTION","EVERGREEN_ACTIVE","VERIFIED_CURRENT_NA_HOLDING: DataBank Data Centers","—","—","sizeNativeAmount","—","48265000000","FUND-026 matches the only qualifying commercially distinct infrastructure program, but its >$30.0B size label and 30,000 sizeUsdMm presentation should be replaced by the audited A$48.265 billion level 3 infrastructure AUM at 30 June 2025, with no inferred USD conversion. The strategy, sector, region and source fields are also revised to reflect direct/co-investment evidence, current North American deployment and current official sources.","SIZE_OR_AMOUNT_CHANGE | MEDIUM_CONFIDENCE | PROGRAM_EXCEPTION","https://www.australiansuper.com/global-investors/capabilities/portfolio-asset-class-capabilities | https://www.australiansuper.com/global-investors/who-we-are/north-america | https://www.australiansuper.com/-/media/australian-super/files/about-us/financial-statements/2025-fund-annual-financial-report.pdf | https://www.australiansuper.com/-/media/australian-super/files/about-us/media-releases/australiansuper-acquisition-of-stake-in-chesapeake-toll-roads.pdf | https://www.databank.com/about-databank/our-investors/ | https://www.australiansuper.com/investments/investment-articles/2026/07/fy26-investment-performance"
"UPD-022","UPDATE","Australian Super","AustralianSuper","FUND-026","AustralianSuper Infrastructure Portfolio","AustralianSuper Infrastructure Portfolio","MEDIUM","PROGRAM_EXCEPTION","EVERGREEN_ACTIVE","VERIFIED_CURRENT_NA_HOLDING: DataBank Data Centers","—","—","sizeBasis","—","AUM","FUND-026 matches the only qualifying commercially distinct infrastructure program, but its >$30.0B size label and 30,000 sizeUsdMm presentation should be replaced by the audited A$48.265 billion level 3 infrastructure AUM at 30 June 2025, with no inferred USD conversion. The strategy, sector, region and source fields are also revised to reflect direct/co-investment evidence, current North American deployment and current official sources.","SIZE_OR_AMOUNT_CHANGE | MEDIUM_CONFIDENCE | PROGRAM_EXCEPTION","https://www.australiansuper.com/global-investors/capabilities/portfolio-asset-class-capabilities | https://www.australiansuper.com/global-investors/who-we-are/north-america | https://www.australiansuper.com/-/media/australian-super/files/about-us/financial-statements/2025-fund-annual-financial-report.pdf | https://www.australiansuper.com/-/media/australian-super/files/about-us/media-releases/australiansuper-acquisition-of-stake-in-chesapeake-toll-roads.pdf | https://www.databank.com/about-databank/our-investors/ | https://www.australiansuper.com/investments/investment-articles/2026/07/fy26-investment-performance"
"UPD-022","UPDATE","Australian Super","AustralianSuper","FUND-026","AustralianSuper Infrastructure Portfolio","AustralianSuper Infrastructure Portfolio","MEDIUM","PROGRAM_EXCEPTION","EVERGREEN_ACTIVE","VERIFIED_CURRENT_NA_HOLDING: DataBank Data Centers","—","—","sizeAsOf","—","2025-06-30","FUND-026 matches the only qualifying commercially distinct infrastructure program, but its >$30.0B size label and 30,000 sizeUsdMm presentation should be replaced by the audited A$48.265 billion level 3 infrastructure AUM at 30 June 2025, with no inferred USD conversion. The strategy, sector, region and source fields are also revised to reflect direct/co-investment evidence, current North American deployment and current official sources.","SIZE_OR_AMOUNT_CHANGE | MEDIUM_CONFIDENCE | PROGRAM_EXCEPTION","https://www.australiansuper.com/global-investors/capabilities/portfolio-asset-class-capabilities | https://www.australiansuper.com/global-investors/who-we-are/north-america | https://www.australiansuper.com/-/media/australian-super/files/about-us/financial-statements/2025-fund-annual-financial-report.pdf | https://www.australiansuper.com/-/media/australian-super/files/about-us/media-releases/australiansuper-acquisition-of-stake-in-chesapeake-toll-roads.pdf | https://www.databank.com/about-databank/our-investors/ | https://www.australiansuper.com/investments/investment-articles/2026/07/fy26-investment-performance"
"UPD-022","UPDATE","Australian Super","AustralianSuper","FUND-026","AustralianSuper Infrastructure Portfolio","AustralianSuper Infrastructure Portfolio","MEDIUM","PROGRAM_EXCEPTION","EVERGREEN_ACTIVE","VERIFIED_CURRENT_NA_HOLDING: DataBank Data Centers","—","—","strategies","Core-Plus","Co-Investments","FUND-026 matches the only qualifying commercially distinct infrastructure program, but its >$30.0B size label and 30,000 sizeUsdMm presentation should be replaced by the audited A$48.265 billion level 3 infrastructure AUM at 30 June 2025, with no inferred USD conversion. The strategy, sector, region and source fields are also revised to reflect direct/co-investment evidence, current North American deployment and current official sources.","SIZE_OR_AMOUNT_CHANGE | MEDIUM_CONFIDENCE | PROGRAM_EXCEPTION","https://www.australiansuper.com/global-investors/capabilities/portfolio-asset-class-capabilities | https://www.australiansuper.com/global-investors/who-we-are/north-america | https://www.australiansuper.com/-/media/australian-super/files/about-us/financial-statements/2025-fund-annual-financial-report.pdf | https://www.australiansuper.com/-/media/australian-super/files/about-us/media-releases/australiansuper-acquisition-of-stake-in-chesapeake-toll-roads.pdf | https://www.databank.com/about-databank/our-investors/ | https://www.australiansuper.com/investments/investment-articles/2026/07/fy26-investment-performance"
"UPD-022","UPDATE","Australian Super","AustralianSuper","FUND-026","AustralianSuper Infrastructure Portfolio","AustralianSuper Infrastructure Portfolio","MEDIUM","PROGRAM_EXCEPTION","EVERGREEN_ACTIVE","VERIFIED_CURRENT_NA_HOLDING: DataBank Data Centers","—","—","sectors","Power & ET | Utilities | Digital | Transportation","Power & ET | Digital | Transportation","FUND-026 matches the only qualifying commercially distinct infrastructure program, but its >$30.0B size label and 30,000 sizeUsdMm presentation should be replaced by the audited A$48.265 billion level 3 infrastructure AUM at 30 June 2025, with no inferred USD conversion. The strategy, sector, region and source fields are also revised to reflect direct/co-investment evidence, current North American deployment and current official sources.","SIZE_OR_AMOUNT_CHANGE | MEDIUM_CONFIDENCE | PROGRAM_EXCEPTION","https://www.australiansuper.com/global-investors/capabilities/portfolio-asset-class-capabilities | https://www.australiansuper.com/global-investors/who-we-are/north-america | https://www.australiansuper.com/-/media/australian-super/files/about-us/financial-statements/2025-fund-annual-financial-report.pdf | https://www.australiansuper.com/-/media/australian-super/files/about-us/media-releases/australiansuper-acquisition-of-stake-in-chesapeake-toll-roads.pdf | https://www.databank.com/about-databank/our-investors/ | https://www.australiansuper.com/investments/investment-articles/2026/07/fy26-investment-performance"
"UPD-022","UPDATE","Australian Super","AustralianSuper","FUND-026","AustralianSuper Infrastructure Portfolio","AustralianSuper Infrastructure Portfolio","MEDIUM","PROGRAM_EXCEPTION","EVERGREEN_ACTIVE","VERIFIED_CURRENT_NA_HOLDING: DataBank Data Centers","—","—","regions","Global | Asia-Pacific","Global | North America | Asia-Pacific | Europe","FUND-026 matches the only qualifying commercially distinct infrastructure program, but its >$30.0B size label and 30,000 sizeUsdMm presentation should be replaced by the audited A$48.265 billion level 3 infrastructure AUM at 30 June 2025, with no inferred USD conversion. The strategy, sector, region and source fields are also revised to reflect direct/co-investment evidence, current North American deployment and current official sources.","SIZE_OR_AMOUNT_CHANGE | MEDIUM_CONFIDENCE | PROGRAM_EXCEPTION","https://www.australiansuper.com/global-investors/capabilities/portfolio-asset-class-capabilities | https://www.australiansuper.com/global-investors/who-we-are/north-america | https://www.australiansuper.com/-/media/australian-super/files/about-us/financial-statements/2025-fund-annual-financial-report.pdf | https://www.australiansuper.com/-/media/australian-super/files/about-us/media-releases/australiansuper-acquisition-of-stake-in-chesapeake-toll-roads.pdf | https://www.databank.com/about-databank/our-investors/ | https://www.australiansuper.com/investments/investment-articles/2026/07/fy26-investment-performance"
"UPD-022","UPDATE","Australian Super","AustralianSuper","FUND-026","AustralianSuper Infrastructure Portfolio","AustralianSuper Infrastructure Portfolio","MEDIUM","PROGRAM_EXCEPTION","EVERGREEN_ACTIVE","VERIFIED_CURRENT_NA_HOLDING: DataBank Data Centers","—","—","sourceUrls","https://www.australiansuper.com/global-investors/capabilities/portfolio-asset-class-capabilities","https://www.australiansuper.com/global-investors/capabilities/portfolio-asset-class-capabilities | https://www.australiansuper.com/global-investors/who-we-are/north-america | https://www.australiansuper.com/-/media/australian-super/files/about-us/financial-statements/2025-fund-annual-financial-report.pdf | https://www.australiansuper.com/-/media/australian-super/files/about-us/media-releases/australiansuper-acquisition-of-stake-in-chesapeake-toll-roads.pdf | https://www.databank.com/about-databank/our-investors/ | https://www.australiansuper.com/investments/investment-articles/2026/07/fy26-investment-performance","FUND-026 matches the only qualifying commercially distinct infrastructure program, but its >$30.0B size label and 30,000 sizeUsdMm presentation should be replaced by the audited A$48.265 billion level 3 infrastructure AUM at 30 June 2025, with no inferred USD conversion. The strategy, sector, region and source fields are also revised to reflect direct/co-investment evidence, current North American deployment and current official sources.","SIZE_OR_AMOUNT_CHANGE | MEDIUM_CONFIDENCE | PROGRAM_EXCEPTION","https://www.australiansuper.com/global-investors/capabilities/portfolio-asset-class-capabilities | https://www.australiansuper.com/global-investors/who-we-are/north-america | https://www.australiansuper.com/-/media/australian-super/files/about-us/financial-statements/2025-fund-annual-financial-report.pdf | https://www.australiansuper.com/-/media/australian-super/files/about-us/media-releases/australiansuper-acquisition-of-stake-in-chesapeake-toll-roads.pdf | https://www.databank.com/about-databank/our-investors/ | https://www.australiansuper.com/investments/investment-articles/2026/07/fy26-investment-performance"
"UPD-023","UPDATE","Axium Infrastructure","Axium Infrastructure","FUND-027","AxInfra Fund I-IV","Axium Infrastructure North American Fund","HIGH","NAMED_FUND","EVERGREEN_ACTIVE","EXPLICIT_NA_MANDATE","—","—","fundName","AxInfra Fund I-IV","Axium Infrastructure North American Fund","FUND-027 conflates the closed-end Canada Fund I with the later open-end North American fund and extends the row to Europe. Fund-specific sources establish a distinct 2011 Canada fund and one continuing 2012-vintage North American open-end commercial fund whose numbered feeders, country funds and parallel vehicles should not be counted separately. The legacy ID is therefore preserved on the continuing North American fund while the listed canonical fields are corrected. The reported $8.5 billion NAV is retained only as an unclassified size description because the opened source does not specify the amount's currency or as-of date.","RENAME_OR_CANONICAL_NAME | SIZE_OR_AMOUNT_CHANGE","https://www.axiuminfra.com/wp-content/uploads/2016/12/EN_MediaRelease-ClosingofNorthAmerican-Fund-121212.pdf | https://www.artrs.gov/board/documents/CY2025/2025-04-07/IC_Packet.pdf | https://www.axiuminfra.com/wp-content/uploads/2025/06/2024-SFDR-Website-Disclosure-EN-vF.pdf | https://www.axiuminfra.com/wp-content/uploads/2026/06/AINA-IV-2025-Principal-Adverse-Impact-Statement-EN-vF.pdf"
"UPD-023","UPDATE","Axium Infrastructure","Axium Infrastructure","FUND-027","AxInfra Fund I-IV","Axium Infrastructure North American Fund","HIGH","NAMED_FUND","EVERGREEN_ACTIVE","EXPLICIT_NA_MANDATE","—","—","investmentStrategy","Core infrastructure series targeting brownfield and greenfield energy, transportation, and social assets in OECD markets, typically backed by long-term contracts, concessions, or regulated frameworks. Public manager materials support the strategy context, but this pass did not find a fund-specific source for aggregate size.","Open-end core North American infrastructure strategy investing directly in operating and late-stage greenfield energy, utilities, transportation and social-infrastructure assets in Canada and the United States through integrated country funds, feeders and parallel access vehicles.","FUND-027 conflates the closed-end Canada Fund I with the later open-end North American fund and extends the row to Europe. Fund-specific sources establish a distinct 2011 Canada fund and one continuing 2012-vintage North American open-end commercial fund whose numbered feeders, country funds and parallel vehicles should not be counted separately. The legacy ID is therefore preserved on the continuing North American fund while the listed canonical fields are corrected. The reported $8.5 billion NAV is retained only as an unclassified size description because the opened source does not specify the amount's currency or as-of date.","RENAME_OR_CANONICAL_NAME | SIZE_OR_AMOUNT_CHANGE","https://www.axiuminfra.com/wp-content/uploads/2016/12/EN_MediaRelease-ClosingofNorthAmerican-Fund-121212.pdf | https://www.artrs.gov/board/documents/CY2025/2025-04-07/IC_Packet.pdf | https://www.axiuminfra.com/wp-content/uploads/2025/06/2024-SFDR-Website-Disclosure-EN-vF.pdf | https://www.axiuminfra.com/wp-content/uploads/2026/06/AINA-IV-2025-Principal-Adverse-Impact-Statement-EN-vF.pdf"
"UPD-023","UPDATE","Axium Infrastructure","Axium Infrastructure","FUND-027","AxInfra Fund I-IV","Axium Infrastructure North American Fund","HIGH","NAMED_FUND","EVERGREEN_ACTIVE","EXPLICIT_NA_MANDATE","—","—","size","[TBD]","$8.5 billion NAV (currency and as-of date not specified by source)","FUND-027 conflates the closed-end Canada Fund I with the later open-end North American fund and extends the row to Europe. Fund-specific sources establish a distinct 2011 Canada fund and one continuing 2012-vintage North American open-end commercial fund whose numbered feeders, country funds and parallel vehicles should not be counted separately. The legacy ID is therefore preserved on the continuing North American fund while the listed canonical fields are corrected. The reported $8.5 billion NAV is retained only as an unclassified size description because the opened source does not specify the amount's currency or as-of date.","RENAME_OR_CANONICAL_NAME | SIZE_OR_AMOUNT_CHANGE","https://www.axiuminfra.com/wp-content/uploads/2016/12/EN_MediaRelease-ClosingofNorthAmerican-Fund-121212.pdf | https://www.artrs.gov/board/documents/CY2025/2025-04-07/IC_Packet.pdf | https://www.axiuminfra.com/wp-content/uploads/2025/06/2024-SFDR-Website-Disclosure-EN-vF.pdf | https://www.axiuminfra.com/wp-content/uploads/2026/06/AINA-IV-2025-Principal-Adverse-Impact-Statement-EN-vF.pdf"
"UPD-023","UPDATE","Axium Infrastructure","Axium Infrastructure","FUND-027","AxInfra Fund I-IV","Axium Infrastructure North American Fund","HIGH","NAMED_FUND","EVERGREEN_ACTIVE","EXPLICIT_NA_MANDATE","—","—","vintage","Evergreen","2012","FUND-027 conflates the closed-end Canada Fund I with the later open-end North American fund and extends the row to Europe. Fund-specific sources establish a distinct 2011 Canada fund and one continuing 2012-vintage North American open-end commercial fund whose numbered feeders, country funds and parallel vehicles should not be counted separately. The legacy ID is therefore preserved on the continuing North American fund while the listed canonical fields are corrected. The reported $8.5 billion NAV is retained only as an unclassified size description because the opened source does not specify the amount's currency or as-of date.","RENAME_OR_CANONICAL_NAME | SIZE_OR_AMOUNT_CHANGE","https://www.axiuminfra.com/wp-content/uploads/2016/12/EN_MediaRelease-ClosingofNorthAmerican-Fund-121212.pdf | https://www.artrs.gov/board/documents/CY2025/2025-04-07/IC_Packet.pdf | https://www.axiuminfra.com/wp-content/uploads/2025/06/2024-SFDR-Website-Disclosure-EN-vF.pdf | https://www.axiuminfra.com/wp-content/uploads/2026/06/AINA-IV-2025-Principal-Adverse-Impact-Statement-EN-vF.pdf"
"UPD-023","UPDATE","Axium Infrastructure","Axium Infrastructure","FUND-027","AxInfra Fund I-IV","Axium Infrastructure North American Fund","HIGH","NAMED_FUND","EVERGREEN_ACTIVE","EXPLICIT_NA_MANDATE","—","—","structure","Evergreen","Open-End","FUND-027 conflates the closed-end Canada Fund I with the later open-end North American fund and extends the row to Europe. Fund-specific sources establish a distinct 2011 Canada fund and one continuing 2012-vintage North American open-end commercial fund whose numbered feeders, country funds and parallel vehicles should not be counted separately. The legacy ID is therefore preserved on the continuing North American fund while the listed canonical fields are corrected. The reported $8.5 billion NAV is retained only as an unclassified size description because the opened source does not specify the amount's currency or as-of date.","RENAME_OR_CANONICAL_NAME | SIZE_OR_AMOUNT_CHANGE","https://www.axiuminfra.com/wp-content/uploads/2016/12/EN_MediaRelease-ClosingofNorthAmerican-Fund-121212.pdf | https://www.artrs.gov/board/documents/CY2025/2025-04-07/IC_Packet.pdf | https://www.axiuminfra.com/wp-content/uploads/2025/06/2024-SFDR-Website-Disclosure-EN-vF.pdf | https://www.axiuminfra.com/wp-content/uploads/2026/06/AINA-IV-2025-Principal-Adverse-Impact-Statement-EN-vF.pdf"
"UPD-023","UPDATE","Axium Infrastructure","Axium Infrastructure","FUND-027","AxInfra Fund I-IV","Axium Infrastructure North American Fund","HIGH","NAMED_FUND","EVERGREEN_ACTIVE","EXPLICIT_NA_MANDATE","—","—","regions","North America | Europe","North America","FUND-027 conflates the closed-end Canada Fund I with the later open-end North American fund and extends the row to Europe. Fund-specific sources establish a distinct 2011 Canada fund and one continuing 2012-vintage North American open-end commercial fund whose numbered feeders, country funds and parallel vehicles should not be counted separately. The legacy ID is therefore preserved on the continuing North American fund while the listed canonical fields are corrected. The reported $8.5 billion NAV is retained only as an unclassified size description because the opened source does not specify the amount's currency or as-of date.","RENAME_OR_CANONICAL_NAME | SIZE_OR_AMOUNT_CHANGE","https://www.axiuminfra.com/wp-content/uploads/2016/12/EN_MediaRelease-ClosingofNorthAmerican-Fund-121212.pdf | https://www.artrs.gov/board/documents/CY2025/2025-04-07/IC_Packet.pdf | https://www.axiuminfra.com/wp-content/uploads/2025/06/2024-SFDR-Website-Disclosure-EN-vF.pdf | https://www.axiuminfra.com/wp-content/uploads/2026/06/AINA-IV-2025-Principal-Adverse-Impact-Statement-EN-vF.pdf"
"UPD-023","UPDATE","Axium Infrastructure","Axium Infrastructure","FUND-027","AxInfra Fund I-IV","Axium Infrastructure North American Fund","HIGH","NAMED_FUND","EVERGREEN_ACTIVE","EXPLICIT_NA_MANDATE","—","—","sourceUrls","https://axiuminfra.com/","https://www.axiuminfra.com/wp-content/uploads/2016/12/EN_MediaRelease-ClosingofNorthAmerican-Fund-121212.pdf | https://www.artrs.gov/board/documents/CY2025/2025-04-07/IC_Packet.pdf | https://www.axiuminfra.com/wp-content/uploads/2025/06/2024-SFDR-Website-Disclosure-EN-vF.pdf | https://www.axiuminfra.com/wp-content/uploads/2026/06/AINA-IV-2025-Principal-Adverse-Impact-Statement-EN-vF.pdf","FUND-027 conflates the closed-end Canada Fund I with the later open-end North American fund and extends the row to Europe. Fund-specific sources establish a distinct 2011 Canada fund and one continuing 2012-vintage North American open-end commercial fund whose numbered feeders, country funds and parallel vehicles should not be counted separately. The legacy ID is therefore preserved on the continuing North American fund while the listed canonical fields are corrected. The reported $8.5 billion NAV is retained only as an unclassified size description because the opened source does not specify the amount's currency or as-of date.","RENAME_OR_CANONICAL_NAME | SIZE_OR_AMOUNT_CHANGE","https://www.axiuminfra.com/wp-content/uploads/2016/12/EN_MediaRelease-ClosingofNorthAmerican-Fund-121212.pdf | https://www.artrs.gov/board/documents/CY2025/2025-04-07/IC_Packet.pdf | https://www.axiuminfra.com/wp-content/uploads/2025/06/2024-SFDR-Website-Disclosure-EN-vF.pdf | https://www.axiuminfra.com/wp-content/uploads/2026/06/AINA-IV-2025-Principal-Adverse-Impact-Statement-EN-vF.pdf"
"UPD-023","UPDATE","Axium Infrastructure","Axium Infrastructure","FUND-027","AxInfra Fund I-IV","Axium Infrastructure North American Fund","HIGH","NAMED_FUND","EVERGREEN_ACTIVE","EXPLICIT_NA_MANDATE","—","—","strategyUrl","https://axiuminfra.com/","https://www.axiuminfra.com/wp-content/uploads/2016/12/EN_MediaRelease-ClosingofNorthAmerican-Fund-121212.pdf","FUND-027 conflates the closed-end Canada Fund I with the later open-end North American fund and extends the row to Europe. Fund-specific sources establish a distinct 2011 Canada fund and one continuing 2012-vintage North American open-end commercial fund whose numbered feeders, country funds and parallel vehicles should not be counted separately. The legacy ID is therefore preserved on the continuing North American fund while the listed canonical fields are corrected. The reported $8.5 billion NAV is retained only as an unclassified size description because the opened source does not specify the amount's currency or as-of date.","RENAME_OR_CANONICAL_NAME | SIZE_OR_AMOUNT_CHANGE","https://www.axiuminfra.com/wp-content/uploads/2016/12/EN_MediaRelease-ClosingofNorthAmerican-Fund-121212.pdf | https://www.artrs.gov/board/documents/CY2025/2025-04-07/IC_Packet.pdf | https://www.axiuminfra.com/wp-content/uploads/2025/06/2024-SFDR-Website-Disclosure-EN-vF.pdf | https://www.axiuminfra.com/wp-content/uploads/2026/06/AINA-IV-2025-Principal-Adverse-Impact-Statement-EN-vF.pdf"
"UPD-024","UPDATE","BCI","BCI","FUND-030","Infrastructure & Renewable Resources","Infrastructure & Renewable Resources Program","MEDIUM","PROGRAM_EXCEPTION","EVERGREEN_ACTIVE","VERIFIED_CURRENT_NA_HOLDING: Global Container Terminals (GCT)","—","—","fundName","Infrastructure & Renewable Resources","Infrastructure & Renewable Resources Program","FUND-030 is the same BCI program, but current primary materials use the program name, report C$36.5 billion expressly as AUM, provide no source-stated USD equivalent, date the current asset data to December 31, 2025, document the 2020 consolidation and an ongoing Open Participation program structure, and support updated sector, regional, and source fields. The snapshot structure is normalized to Evergreen because Open Participation is not an available repository structure enum.","RENAME_OR_CANONICAL_NAME | SIZE_OR_AMOUNT_CHANGE | MEDIUM_CONFIDENCE | PROGRAM_EXCEPTION","https://www.bci.ca/investments/infrastructure-renewable-resources/overview/ | https://www.bci.ca/wp-content/uploads/2026/07/BCI-IRR-Program-FS-2025.pdf | https://www.bci.ca/insights/article/bci-infrastructure-renewable-resources-named-10th-largest-institutional-infrastructure-investor-worldwide/ | https://www.bci.ca/insights/article/gateway-to-growth/"
"UPD-024","UPDATE","BCI","BCI","FUND-030","Infrastructure & Renewable Resources","Infrastructure & Renewable Resources Program","MEDIUM","PROGRAM_EXCEPTION","EVERGREEN_ACTIVE","VERIFIED_CURRENT_NA_HOLDING: Global Container Terminals (GCT)","—","—","investmentStrategy","BCI's public infrastructure and renewable-resources program invests through long-term direct and partnership structures across regulated utilities, transportation, digital infrastructure, timberland, agriculture, energy and related essential assets.","Global core infrastructure and renewable-resources program focused primarily on direct investments in privately held essential-service businesses and tangible real assets, generally through meaningful positions with governance rights and anticipated multi-decade holding periods; listed infrastructure, private infrastructure debt, and selective external-fund investments complement the direct portfolio.","FUND-030 is the same BCI program, but current primary materials use the program name, report C$36.5 billion expressly as AUM, provide no source-stated USD equivalent, date the current asset data to December 31, 2025, document the 2020 consolidation and an ongoing Open Participation program structure, and support updated sector, regional, and source fields. The snapshot structure is normalized to Evergreen because Open Participation is not an available repository structure enum.","RENAME_OR_CANONICAL_NAME | SIZE_OR_AMOUNT_CHANGE | MEDIUM_CONFIDENCE | PROGRAM_EXCEPTION","https://www.bci.ca/investments/infrastructure-renewable-resources/overview/ | https://www.bci.ca/wp-content/uploads/2026/07/BCI-IRR-Program-FS-2025.pdf | https://www.bci.ca/insights/article/bci-infrastructure-renewable-resources-named-10th-largest-institutional-infrastructure-investor-worldwide/ | https://www.bci.ca/insights/article/gateway-to-growth/"
"UPD-024","UPDATE","BCI","BCI","FUND-030","Infrastructure & Renewable Resources","Infrastructure & Renewable Resources Program","MEDIUM","PROGRAM_EXCEPTION","EVERGREEN_ACTIVE","VERIFIED_CURRENT_NA_HOLDING: Global Container Terminals (GCT)","—","—","size","~C$32B","C$36.5B AUM","FUND-030 is the same BCI program, but current primary materials use the program name, report C$36.5 billion expressly as AUM, provide no source-stated USD equivalent, date the current asset data to December 31, 2025, document the 2020 consolidation and an ongoing Open Participation program structure, and support updated sector, regional, and source fields. The snapshot structure is normalized to Evergreen because Open Participation is not an available repository structure enum.","RENAME_OR_CANONICAL_NAME | SIZE_OR_AMOUNT_CHANGE | MEDIUM_CONFIDENCE | PROGRAM_EXCEPTION","https://www.bci.ca/investments/infrastructure-renewable-resources/overview/ | https://www.bci.ca/wp-content/uploads/2026/07/BCI-IRR-Program-FS-2025.pdf | https://www.bci.ca/insights/article/bci-infrastructure-renewable-resources-named-10th-largest-institutional-infrastructure-investor-worldwide/ | https://www.bci.ca/insights/article/gateway-to-growth/"
"UPD-024","UPDATE","BCI","BCI","FUND-030","Infrastructure & Renewable Resources","Infrastructure & Renewable Resources Program","MEDIUM","PROGRAM_EXCEPTION","EVERGREEN_ACTIVE","VERIFIED_CURRENT_NA_HOLDING: Global Container Terminals (GCT)","—","—","sizeUsdMm","23680","—","FUND-030 is the same BCI program, but current primary materials use the program name, report C$36.5 billion expressly as AUM, provide no source-stated USD equivalent, date the current asset data to December 31, 2025, document the 2020 consolidation and an ongoing Open Participation program structure, and support updated sector, regional, and source fields. The snapshot structure is normalized to Evergreen because Open Participation is not an available repository structure enum.","RENAME_OR_CANONICAL_NAME | SIZE_OR_AMOUNT_CHANGE | MEDIUM_CONFIDENCE | PROGRAM_EXCEPTION","https://www.bci.ca/investments/infrastructure-renewable-resources/overview/ | https://www.bci.ca/wp-content/uploads/2026/07/BCI-IRR-Program-FS-2025.pdf | https://www.bci.ca/insights/article/bci-infrastructure-renewable-resources-named-10th-largest-institutional-infrastructure-investor-worldwide/ | https://www.bci.ca/insights/article/gateway-to-growth/"
"UPD-024","UPDATE","BCI","BCI","FUND-030","Infrastructure & Renewable Resources","Infrastructure & Renewable Resources Program","MEDIUM","PROGRAM_EXCEPTION","EVERGREEN_ACTIVE","VERIFIED_CURRENT_NA_HOLDING: Global Container Terminals (GCT)","—","—","sizeNativeCurrency","—","CAD","FUND-030 is the same BCI program, but current primary materials use the program name, report C$36.5 billion expressly as AUM, provide no source-stated USD equivalent, date the current asset data to December 31, 2025, document the 2020 consolidation and an ongoing Open Participation program structure, and support updated sector, regional, and source fields. The snapshot structure is normalized to Evergreen because Open Participation is not an available repository structure enum.","RENAME_OR_CANONICAL_NAME | SIZE_OR_AMOUNT_CHANGE | MEDIUM_CONFIDENCE | PROGRAM_EXCEPTION","https://www.bci.ca/investments/infrastructure-renewable-resources/overview/ | https://www.bci.ca/wp-content/uploads/2026/07/BCI-IRR-Program-FS-2025.pdf | https://www.bci.ca/insights/article/bci-infrastructure-renewable-resources-named-10th-largest-institutional-infrastructure-investor-worldwide/ | https://www.bci.ca/insights/article/gateway-to-growth/"
"UPD-024","UPDATE","BCI","BCI","FUND-030","Infrastructure & Renewable Resources","Infrastructure & Renewable Resources Program","MEDIUM","PROGRAM_EXCEPTION","EVERGREEN_ACTIVE","VERIFIED_CURRENT_NA_HOLDING: Global Container Terminals (GCT)","—","—","sizeNativeAmount","—","36500000000","FUND-030 is the same BCI program, but current primary materials use the program name, report C$36.5 billion expressly as AUM, provide no source-stated USD equivalent, date the current asset data to December 31, 2025, document the 2020 consolidation and an ongoing Open Participation program structure, and support updated sector, regional, and source fields. The snapshot structure is normalized to Evergreen because Open Participation is not an available repository structure enum.","RENAME_OR_CANONICAL_NAME | SIZE_OR_AMOUNT_CHANGE | MEDIUM_CONFIDENCE | PROGRAM_EXCEPTION","https://www.bci.ca/investments/infrastructure-renewable-resources/overview/ | https://www.bci.ca/wp-content/uploads/2026/07/BCI-IRR-Program-FS-2025.pdf | https://www.bci.ca/insights/article/bci-infrastructure-renewable-resources-named-10th-largest-institutional-infrastructure-investor-worldwide/ | https://www.bci.ca/insights/article/gateway-to-growth/"
"UPD-024","UPDATE","BCI","BCI","FUND-030","Infrastructure & Renewable Resources","Infrastructure & Renewable Resources Program","MEDIUM","PROGRAM_EXCEPTION","EVERGREEN_ACTIVE","VERIFIED_CURRENT_NA_HOLDING: Global Container Terminals (GCT)","—","—","sizeBasis","—","AUM","FUND-030 is the same BCI program, but current primary materials use the program name, report C$36.5 billion expressly as AUM, provide no source-stated USD equivalent, date the current asset data to December 31, 2025, document the 2020 consolidation and an ongoing Open Participation program structure, and support updated sector, regional, and source fields. The snapshot structure is normalized to Evergreen because Open Participation is not an available repository structure enum.","RENAME_OR_CANONICAL_NAME | SIZE_OR_AMOUNT_CHANGE | MEDIUM_CONFIDENCE | PROGRAM_EXCEPTION","https://www.bci.ca/investments/infrastructure-renewable-resources/overview/ | https://www.bci.ca/wp-content/uploads/2026/07/BCI-IRR-Program-FS-2025.pdf | https://www.bci.ca/insights/article/bci-infrastructure-renewable-resources-named-10th-largest-institutional-infrastructure-investor-worldwide/ | https://www.bci.ca/insights/article/gateway-to-growth/"
"UPD-024","UPDATE","BCI","BCI","FUND-030","Infrastructure & Renewable Resources","Infrastructure & Renewable Resources Program","MEDIUM","PROGRAM_EXCEPTION","EVERGREEN_ACTIVE","VERIFIED_CURRENT_NA_HOLDING: Global Container Terminals (GCT)","—","—","sizeAsOf","—","2025-12-31","FUND-030 is the same BCI program, but current primary materials use the program name, report C$36.5 billion expressly as AUM, provide no source-stated USD equivalent, date the current asset data to December 31, 2025, document the 2020 consolidation and an ongoing Open Participation program structure, and support updated sector, regional, and source fields. The snapshot structure is normalized to Evergreen because Open Participation is not an available repository structure enum.","RENAME_OR_CANONICAL_NAME | SIZE_OR_AMOUNT_CHANGE | MEDIUM_CONFIDENCE | PROGRAM_EXCEPTION","https://www.bci.ca/investments/infrastructure-renewable-resources/overview/ | https://www.bci.ca/wp-content/uploads/2026/07/BCI-IRR-Program-FS-2025.pdf | https://www.bci.ca/insights/article/bci-infrastructure-renewable-resources-named-10th-largest-institutional-infrastructure-investor-worldwide/ | https://www.bci.ca/insights/article/gateway-to-growth/"
"UPD-024","UPDATE","BCI","BCI","FUND-030","Infrastructure & Renewable Resources","Infrastructure & Renewable Resources Program","MEDIUM","PROGRAM_EXCEPTION","EVERGREEN_ACTIVE","VERIFIED_CURRENT_NA_HOLDING: Global Container Terminals (GCT)","—","—","vintage","Evergreen","2020","FUND-030 is the same BCI program, but current primary materials use the program name, report C$36.5 billion expressly as AUM, provide no source-stated USD equivalent, date the current asset data to December 31, 2025, document the 2020 consolidation and an ongoing Open Participation program structure, and support updated sector, regional, and source fields. The snapshot structure is normalized to Evergreen because Open Participation is not an available repository structure enum.","RENAME_OR_CANONICAL_NAME | SIZE_OR_AMOUNT_CHANGE | MEDIUM_CONFIDENCE | PROGRAM_EXCEPTION","https://www.bci.ca/investments/infrastructure-renewable-resources/overview/ | https://www.bci.ca/wp-content/uploads/2026/07/BCI-IRR-Program-FS-2025.pdf | https://www.bci.ca/insights/article/bci-infrastructure-renewable-resources-named-10th-largest-institutional-infrastructure-investor-worldwide/ | https://www.bci.ca/insights/article/gateway-to-growth/"
"UPD-024","UPDATE","BCI","BCI","FUND-030","Infrastructure & Renewable Resources","Infrastructure & Renewable Resources Program","MEDIUM","PROGRAM_EXCEPTION","EVERGREEN_ACTIVE","VERIFIED_CURRENT_NA_HOLDING: Global Container Terminals (GCT)","—","—","structure","Permanent Capital","Evergreen","FUND-030 is the same BCI program, but current primary materials use the program name, report C$36.5 billion expressly as AUM, provide no source-stated USD equivalent, date the current asset data to December 31, 2025, document the 2020 consolidation and an ongoing Open Participation program structure, and support updated sector, regional, and source fields. The snapshot structure is normalized to Evergreen because Open Participation is not an available repository structure enum.","RENAME_OR_CANONICAL_NAME | SIZE_OR_AMOUNT_CHANGE | MEDIUM_CONFIDENCE | PROGRAM_EXCEPTION","https://www.bci.ca/investments/infrastructure-renewable-resources/overview/ | https://www.bci.ca/wp-content/uploads/2026/07/BCI-IRR-Program-FS-2025.pdf | https://www.bci.ca/insights/article/bci-infrastructure-renewable-resources-named-10th-largest-institutional-infrastructure-investor-worldwide/ | https://www.bci.ca/insights/article/gateway-to-growth/"
"UPD-024","UPDATE","BCI","BCI","FUND-030","Infrastructure & Renewable Resources","Infrastructure & Renewable Resources Program","MEDIUM","PROGRAM_EXCEPTION","EVERGREEN_ACTIVE","VERIFIED_CURRENT_NA_HOLDING: Global Container Terminals (GCT)","—","—","sectors","Power & ET | Utilities | Digital | Transportation | Social Infra","Power & ET | Utilities | Digital | Midstream | Transportation","FUND-030 is the same BCI program, but current primary materials use the program name, report C$36.5 billion expressly as AUM, provide no source-stated USD equivalent, date the current asset data to December 31, 2025, document the 2020 consolidation and an ongoing Open Participation program structure, and support updated sector, regional, and source fields. The snapshot structure is normalized to Evergreen because Open Participation is not an available repository structure enum.","RENAME_OR_CANONICAL_NAME | SIZE_OR_AMOUNT_CHANGE | MEDIUM_CONFIDENCE | PROGRAM_EXCEPTION","https://www.bci.ca/investments/infrastructure-renewable-resources/overview/ | https://www.bci.ca/wp-content/uploads/2026/07/BCI-IRR-Program-FS-2025.pdf | https://www.bci.ca/insights/article/bci-infrastructure-renewable-resources-named-10th-largest-institutional-infrastructure-investor-worldwide/ | https://www.bci.ca/insights/article/gateway-to-growth/"
"UPD-024","UPDATE","BCI","BCI","FUND-030","Infrastructure & Renewable Resources","Infrastructure & Renewable Resources Program","MEDIUM","PROGRAM_EXCEPTION","EVERGREEN_ACTIVE","VERIFIED_CURRENT_NA_HOLDING: Global Container Terminals (GCT)","—","—","regions","Global","North America | Europe | Asia-Pacific | Global","FUND-030 is the same BCI program, but current primary materials use the program name, report C$36.5 billion expressly as AUM, provide no source-stated USD equivalent, date the current asset data to December 31, 2025, document the 2020 consolidation and an ongoing Open Participation program structure, and support updated sector, regional, and source fields. The snapshot structure is normalized to Evergreen because Open Participation is not an available repository structure enum.","RENAME_OR_CANONICAL_NAME | SIZE_OR_AMOUNT_CHANGE | MEDIUM_CONFIDENCE | PROGRAM_EXCEPTION","https://www.bci.ca/investments/infrastructure-renewable-resources/overview/ | https://www.bci.ca/wp-content/uploads/2026/07/BCI-IRR-Program-FS-2025.pdf | https://www.bci.ca/insights/article/bci-infrastructure-renewable-resources-named-10th-largest-institutional-infrastructure-investor-worldwide/ | https://www.bci.ca/insights/article/gateway-to-growth/"
"UPD-024","UPDATE","BCI","BCI","FUND-030","Infrastructure & Renewable Resources","Infrastructure & Renewable Resources Program","MEDIUM","PROGRAM_EXCEPTION","EVERGREEN_ACTIVE","VERIFIED_CURRENT_NA_HOLDING: Global Container Terminals (GCT)","—","—","sourceUrls","https://www.bci.ca/investments/infrastructure-renewable-resources/","https://www.bci.ca/investments/infrastructure-renewable-resources/overview/ | https://www.bci.ca/wp-content/uploads/2026/07/BCI-IRR-Program-FS-2025.pdf | https://www.bci.ca/insights/article/bci-infrastructure-renewable-resources-named-10th-largest-institutional-infrastructure-investor-worldwide/ | https://www.bci.ca/insights/article/gateway-to-growth/","FUND-030 is the same BCI program, but current primary materials use the program name, report C$36.5 billion expressly as AUM, provide no source-stated USD equivalent, date the current asset data to December 31, 2025, document the 2020 consolidation and an ongoing Open Participation program structure, and support updated sector, regional, and source fields. The snapshot structure is normalized to Evergreen because Open Participation is not an available repository structure enum.","RENAME_OR_CANONICAL_NAME | SIZE_OR_AMOUNT_CHANGE | MEDIUM_CONFIDENCE | PROGRAM_EXCEPTION","https://www.bci.ca/investments/infrastructure-renewable-resources/overview/ | https://www.bci.ca/wp-content/uploads/2026/07/BCI-IRR-Program-FS-2025.pdf | https://www.bci.ca/insights/article/bci-infrastructure-renewable-resources-named-10th-largest-institutional-infrastructure-investor-worldwide/ | https://www.bci.ca/insights/article/gateway-to-growth/"
"UPD-024","UPDATE","BCI","BCI","FUND-030","Infrastructure & Renewable Resources","Infrastructure & Renewable Resources Program","MEDIUM","PROGRAM_EXCEPTION","EVERGREEN_ACTIVE","VERIFIED_CURRENT_NA_HOLDING: Global Container Terminals (GCT)","—","—","strategyUrl","https://www.bci.ca/investments/infrastructure-renewable-resources/","https://www.bci.ca/investments/infrastructure-renewable-resources/overview/","FUND-030 is the same BCI program, but current primary materials use the program name, report C$36.5 billion expressly as AUM, provide no source-stated USD equivalent, date the current asset data to December 31, 2025, document the 2020 consolidation and an ongoing Open Participation program structure, and support updated sector, regional, and source fields. The snapshot structure is normalized to Evergreen because Open Participation is not an available repository structure enum.","RENAME_OR_CANONICAL_NAME | SIZE_OR_AMOUNT_CHANGE | MEDIUM_CONFIDENCE | PROGRAM_EXCEPTION","https://www.bci.ca/investments/infrastructure-renewable-resources/overview/ | https://www.bci.ca/wp-content/uploads/2026/07/BCI-IRR-Program-FS-2025.pdf | https://www.bci.ca/insights/article/bci-infrastructure-renewable-resources-named-10th-largest-institutional-infrastructure-investor-worldwide/ | https://www.bci.ca/insights/article/gateway-to-growth/"
"UPD-025","UPDATE","BlackRock","BlackRock","FUND-033A","Evergreen Infrastructure Fund","Evergreen Infrastructure Fund","HIGH","NAMED_FUND","EVERGREEN_ACTIVE","EXPLICIT_NA_MANDATE","—","—","investmentStrategy","Open-ended infrastructure strategy focused on energy-transition and energy-security investments, launched with European institutional partners and seeded with Lighthouse acquisition documentation.","Open-ended direct-equity infrastructure strategy focused on energy transition and energy security in North America and Europe.","FUND-033A matches the same fund. The correction preserves the repository identity but classifies the approximately $1 billion figure as commitments as of the announcement date rather than leaving the amount basis and date unspecified.","SIZE_OR_AMOUNT_CHANGE","https://www.businesswire.com/news/home/20231115151975/en/BlackRocks-Evergreen-Infrastructure-Fund-Partners-with-European-Institutional-Investors-to-Invest-in-Energy-Transition-and-Energy-Security"
"UPD-025","UPDATE","BlackRock","BlackRock","FUND-033A","Evergreen Infrastructure Fund","Evergreen Infrastructure Fund","HIGH","NAMED_FUND","EVERGREEN_ACTIVE","EXPLICIT_NA_MANDATE","—","—","size","$1.0B+","Approximately $1.0B commitments","FUND-033A matches the same fund. The correction preserves the repository identity but classifies the approximately $1 billion figure as commitments as of the announcement date rather than leaving the amount basis and date unspecified.","SIZE_OR_AMOUNT_CHANGE","https://www.businesswire.com/news/home/20231115151975/en/BlackRocks-Evergreen-Infrastructure-Fund-Partners-with-European-Institutional-Investors-to-Invest-in-Energy-Transition-and-Energy-Security"
"UPD-025","UPDATE","BlackRock","BlackRock","FUND-033A","Evergreen Infrastructure Fund","Evergreen Infrastructure Fund","HIGH","NAMED_FUND","EVERGREEN_ACTIVE","EXPLICIT_NA_MANDATE","—","—","sizeNativeCurrency","—","USD","FUND-033A matches the same fund. The correction preserves the repository identity but classifies the approximately $1 billion figure as commitments as of the announcement date rather than leaving the amount basis and date unspecified.","SIZE_OR_AMOUNT_CHANGE","https://www.businesswire.com/news/home/20231115151975/en/BlackRocks-Evergreen-Infrastructure-Fund-Partners-with-European-Institutional-Investors-to-Invest-in-Energy-Transition-and-Energy-Security"
"UPD-025","UPDATE","BlackRock","BlackRock","FUND-033A","Evergreen Infrastructure Fund","Evergreen Infrastructure Fund","HIGH","NAMED_FUND","EVERGREEN_ACTIVE","EXPLICIT_NA_MANDATE","—","—","sizeNativeAmount","—","1000000000","FUND-033A matches the same fund. The correction preserves the repository identity but classifies the approximately $1 billion figure as commitments as of the announcement date rather than leaving the amount basis and date unspecified.","SIZE_OR_AMOUNT_CHANGE","https://www.businesswire.com/news/home/20231115151975/en/BlackRocks-Evergreen-Infrastructure-Fund-Partners-with-European-Institutional-Investors-to-Invest-in-Energy-Transition-and-Energy-Security"
"UPD-025","UPDATE","BlackRock","BlackRock","FUND-033A","Evergreen Infrastructure Fund","Evergreen Infrastructure Fund","HIGH","NAMED_FUND","EVERGREEN_ACTIVE","EXPLICIT_NA_MANDATE","—","—","sizeBasis","—","COMMITMENTS","FUND-033A matches the same fund. The correction preserves the repository identity but classifies the approximately $1 billion figure as commitments as of the announcement date rather than leaving the amount basis and date unspecified.","SIZE_OR_AMOUNT_CHANGE","https://www.businesswire.com/news/home/20231115151975/en/BlackRocks-Evergreen-Infrastructure-Fund-Partners-with-European-Institutional-Investors-to-Invest-in-Energy-Transition-and-Energy-Security"
"UPD-025","UPDATE","BlackRock","BlackRock","FUND-033A","Evergreen Infrastructure Fund","Evergreen Infrastructure Fund","HIGH","NAMED_FUND","EVERGREEN_ACTIVE","EXPLICIT_NA_MANDATE","—","—","sizeAsOf","—","2023-11-15","FUND-033A matches the same fund. The correction preserves the repository identity but classifies the approximately $1 billion figure as commitments as of the announcement date rather than leaving the amount basis and date unspecified.","SIZE_OR_AMOUNT_CHANGE","https://www.businesswire.com/news/home/20231115151975/en/BlackRocks-Evergreen-Infrastructure-Fund-Partners-with-European-Institutional-Investors-to-Invest-in-Energy-Transition-and-Energy-Security"
"UPD-025","UPDATE","BlackRock","BlackRock","FUND-033A","Evergreen Infrastructure Fund","Evergreen Infrastructure Fund","HIGH","NAMED_FUND","EVERGREEN_ACTIVE","EXPLICIT_NA_MANDATE","—","—","sectors","Power & ET","Power & ET | Utilities","FUND-033A matches the same fund. The correction preserves the repository identity but classifies the approximately $1 billion figure as commitments as of the announcement date rather than leaving the amount basis and date unspecified.","SIZE_OR_AMOUNT_CHANGE","https://www.businesswire.com/news/home/20231115151975/en/BlackRocks-Evergreen-Infrastructure-Fund-Partners-with-European-Institutional-Investors-to-Invest-in-Energy-Transition-and-Energy-Security"
"UPD-025","UPDATE","BlackRock","BlackRock","FUND-033A","Evergreen Infrastructure Fund","Evergreen Infrastructure Fund","HIGH","NAMED_FUND","EVERGREEN_ACTIVE","EXPLICIT_NA_MANDATE","—","—","sourceUrls","https://www.businesswire.com/news/home/20231115151975/en/BlackRocks-Evergreen-Infrastructure-Fund-Partners-with-European-Institutional-Investors-to-Invest-in-Energy-Transition-and-Energy-Security","https://www.businesswire.com/news/home/20231115151975/en/BlackRocks-Evergreen-Infrastructure-Fund-Partners-with-European-Institutional-Investors-to-Invest-in-Energy-Transition-and-Energy-Security | https://www.blackrock.com/institutions/en-us/strategies/alternatives/infrastructure","FUND-033A matches the same fund. The correction preserves the repository identity but classifies the approximately $1 billion figure as commitments as of the announcement date rather than leaving the amount basis and date unspecified.","SIZE_OR_AMOUNT_CHANGE","https://www.businesswire.com/news/home/20231115151975/en/BlackRocks-Evergreen-Infrastructure-Fund-Partners-with-European-Institutional-Investors-to-Invest-in-Energy-Transition-and-Energy-Security"
"UPD-026","UPDATE","Global Infrastructure Partners","BlackRock (GIP)","FUND-036","GIP V","GIP V","HIGH","NAMED_FUND","CLOSED_ACTIVE","VERIFIED_CURRENT_NA_HOLDING: ALLETE","—","—","investmentStrategy","Fifth flagship global infrastructure fund pursuing GIP's core/core-plus OECD strategy across energy, transport, digital and water/waste, with decarbonization central to the thesis.","Fifth flagship global infrastructure fund pursuing core/core-plus investments across energy, utilities, digital and transportation sectors.","Repository classifies region as Global only; evidence supports explicit North American deployment.","MATERIAL_FIELD_UPDATE","https://www.allete.com/investor-news/gip-completes-acquisition-of-allete/"
"UPD-026","UPDATE","Global Infrastructure Partners","BlackRock (GIP)","FUND-036","GIP V","GIP V","HIGH","NAMED_FUND","CLOSED_ACTIVE","VERIFIED_CURRENT_NA_HOLDING: ALLETE","—","—","regions","Global","North America | Europe","Repository classifies region as Global only; evidence supports explicit North American deployment.","MATERIAL_FIELD_UPDATE","https://www.allete.com/investor-news/gip-completes-acquisition-of-allete/"
"UPD-027","UPDATE","Global Infrastructure Partners","BlackRock (GIP)","FUND-038","Global AI Infrastructure Investment Partnership (GAIIP)","Global AI Infrastructure Investment Partnership (GAIIP)","MEDIUM","PROGRAM_EXCEPTION","RAISING","EXPLICIT_NA_MANDATE","—","—","investmentStrategy","BlackRock/GIP-led partnership with Microsoft and MGX seeking to mobilize $30B of private equity capital over time, and up to $100B including debt, for AI data centers and supporting power infrastructure.","Partnership seeking to mobilize private equity capital for AI data centers and supporting power infrastructure.","Repository classifies region as Global; primary evidence supports explicit U.S.-first mandate.","MEDIUM_CONFIDENCE | PROGRAM_EXCEPTION","https://www.blackrock.com/corporate/newsroom/press-releases/article/corporate-one/press-releases/blackrock-global-infrastructure-partners-microsoft-and-mgx-launch-new-ai"
"UPD-027","UPDATE","Global Infrastructure Partners","BlackRock (GIP)","FUND-038","Global AI Infrastructure Investment Partnership (GAIIP)","Global AI Infrastructure Investment Partnership (GAIIP)","MEDIUM","PROGRAM_EXCEPTION","RAISING","EXPLICIT_NA_MANDATE","—","—","regions","Global","North America","Repository classifies region as Global; primary evidence supports explicit U.S.-first mandate.","MEDIUM_CONFIDENCE | PROGRAM_EXCEPTION","https://www.blackrock.com/corporate/newsroom/press-releases/article/corporate-one/press-releases/blackrock-global-infrastructure-partners-microsoft-and-mgx-launch-new-ai"
"UPD-028","UPDATE","Blackstone","Blackstone","FUND-039","Blackstone Infrastructure Partners (BIP)","Blackstone Infrastructure Partners (BIP)","HIGH","NAMED_FUND","EVERGREEN_ACTIVE","VERIFIED_CURRENT_NA_HOLDING: QTS","—","—","regions","Global","North America | Global","FUND-039 matches the named permanent-capital infrastructure vehicle and no canonical repository field is changed. The $77.0 billion figure is retained with null amount basis and date rather than being strengthened into a final-close, commitment or AUM figure. The verified current North American holding requires North America in the canonical regions classification.","MATERIAL_FIELD_UPDATE","https://www.sec.gov/Archives/edgar/data/1735632/000173563225000001/xslFormDX01/primary_doc.xml | https://www.blackstone.com/our-businesses/infrastructure/"
"UPD-029","UPDATE","Blackstone","Blackstone","FUND-040","BXINFRA","Blackstone Infrastructure Strategies ELTIF (BXINFRA)","HIGH","NAMED_FUND","EVERGREEN_ACTIVE","VERIFIED_CURRENT_NA_HOLDING: QTS","—","—","fundName","BXINFRA","Blackstone Infrastructure Strategies ELTIF (BXINFRA)","FUND-040 is the same commercial vehicle. The canonical fund name is expanded to the official Blackstone Infrastructure Strategies ELTIF name, with BXINFRA retained as an alias. The repository's Retail Act '40 strategy label is replaced with the evidenced direct-equity Core-Plus strategy because the opened official source identifies the product as an ELTIF and does not support an Investment Company Act of 1940 classification. The verified current North American holding requires North America in the canonical regions classification.","RENAME_OR_CANONICAL_NAME","https://www.blackstone.com/fund/blackstone-infrastructure-strategies-eltif-bxinfra/ | https://www.blackstone.com/our-businesses/infrastructure/"
"UPD-029","UPDATE","Blackstone","Blackstone","FUND-040","BXINFRA","Blackstone Infrastructure Strategies ELTIF (BXINFRA)","HIGH","NAMED_FUND","EVERGREEN_ACTIVE","VERIFIED_CURRENT_NA_HOLDING: QTS","—","—","strategies","Retail Act '40","Core-Plus","FUND-040 is the same commercial vehicle. The canonical fund name is expanded to the official Blackstone Infrastructure Strategies ELTIF name, with BXINFRA retained as an alias. The repository's Retail Act '40 strategy label is replaced with the evidenced direct-equity Core-Plus strategy because the opened official source identifies the product as an ELTIF and does not support an Investment Company Act of 1940 classification. The verified current North American holding requires North America in the canonical regions classification.","RENAME_OR_CANONICAL_NAME","https://www.blackstone.com/fund/blackstone-infrastructure-strategies-eltif-bxinfra/ | https://www.blackstone.com/our-businesses/infrastructure/"
"UPD-029","UPDATE","Blackstone","Blackstone","FUND-040","BXINFRA","Blackstone Infrastructure Strategies ELTIF (BXINFRA)","HIGH","NAMED_FUND","EVERGREEN_ACTIVE","VERIFIED_CURRENT_NA_HOLDING: QTS","—","—","regions","Global","North America | Global","FUND-040 is the same commercial vehicle. The canonical fund name is expanded to the official Blackstone Infrastructure Strategies ELTIF name, with BXINFRA retained as an alias. The repository's Retail Act '40 strategy label is replaced with the evidenced direct-equity Core-Plus strategy because the opened official source identifies the product as an ELTIF and does not support an Investment Company Act of 1940 classification. The verified current North American holding requires North America in the canonical regions classification.","RENAME_OR_CANONICAL_NAME","https://www.blackstone.com/fund/blackstone-infrastructure-strategies-eltif-bxinfra/ | https://www.blackstone.com/our-businesses/infrastructure/"
"UPD-030","UPDATE","Blackstone","Blackstone","FUND-041","Blackstone Energy Transition Partners IV (BETP IV)","Blackstone Energy Transition Partners IV (BETP IV)","HIGH","NAMED_FUND","CLOSED_ACTIVE","EXPLICIT_NA_MANDATE","—","—","size","$5.6B","$5.6B final close","FUND-041 matches the official BETP IV vehicle. The official release expressly characterizes $5.6 billion as the final close at the hard cap, so the canonical snapshot records the amount as a USD final-close figure rather than leaving its semantics unclassified.","SIZE_OR_AMOUNT_CHANGE","https://www.blackstone.com/news/press/blackstone-announces-5-6-billion-final-close-for-blackstone-energy-transition-partners-iv-at-hard-cap/"
"UPD-030","UPDATE","Blackstone","Blackstone","FUND-041","Blackstone Energy Transition Partners IV (BETP IV)","Blackstone Energy Transition Partners IV (BETP IV)","HIGH","NAMED_FUND","CLOSED_ACTIVE","EXPLICIT_NA_MANDATE","—","—","sizeNativeCurrency","—","USD","FUND-041 matches the official BETP IV vehicle. The official release expressly characterizes $5.6 billion as the final close at the hard cap, so the canonical snapshot records the amount as a USD final-close figure rather than leaving its semantics unclassified.","SIZE_OR_AMOUNT_CHANGE","https://www.blackstone.com/news/press/blackstone-announces-5-6-billion-final-close-for-blackstone-energy-transition-partners-iv-at-hard-cap/"
"UPD-030","UPDATE","Blackstone","Blackstone","FUND-041","Blackstone Energy Transition Partners IV (BETP IV)","Blackstone Energy Transition Partners IV (BETP IV)","HIGH","NAMED_FUND","CLOSED_ACTIVE","EXPLICIT_NA_MANDATE","—","—","sizeNativeAmount","—","5600000000","FUND-041 matches the official BETP IV vehicle. The official release expressly characterizes $5.6 billion as the final close at the hard cap, so the canonical snapshot records the amount as a USD final-close figure rather than leaving its semantics unclassified.","SIZE_OR_AMOUNT_CHANGE","https://www.blackstone.com/news/press/blackstone-announces-5-6-billion-final-close-for-blackstone-energy-transition-partners-iv-at-hard-cap/"
"UPD-030","UPDATE","Blackstone","Blackstone","FUND-041","Blackstone Energy Transition Partners IV (BETP IV)","Blackstone Energy Transition Partners IV (BETP IV)","HIGH","NAMED_FUND","CLOSED_ACTIVE","EXPLICIT_NA_MANDATE","—","—","sizeBasis","—","FINAL_CLOSE","FUND-041 matches the official BETP IV vehicle. The official release expressly characterizes $5.6 billion as the final close at the hard cap, so the canonical snapshot records the amount as a USD final-close figure rather than leaving its semantics unclassified.","SIZE_OR_AMOUNT_CHANGE","https://www.blackstone.com/news/press/blackstone-announces-5-6-billion-final-close-for-blackstone-energy-transition-partners-iv-at-hard-cap/"
"UPD-030","UPDATE","Blackstone","Blackstone","FUND-041","Blackstone Energy Transition Partners IV (BETP IV)","Blackstone Energy Transition Partners IV (BETP IV)","HIGH","NAMED_FUND","CLOSED_ACTIVE","EXPLICIT_NA_MANDATE","—","—","sizeAsOf","—","2025-07-01","FUND-041 matches the official BETP IV vehicle. The official release expressly characterizes $5.6 billion as the final close at the hard cap, so the canonical snapshot records the amount as a USD final-close figure rather than leaving its semantics unclassified.","SIZE_OR_AMOUNT_CHANGE","https://www.blackstone.com/news/press/blackstone-announces-5-6-billion-final-close-for-blackstone-energy-transition-partners-iv-at-hard-cap/"
"UPD-031","UPDATE","Brookfield Asset Management","Brookfield","FUND-044A","Brookfield Global Transition Fund I (BGTF I)","Brookfield Global Transition Fund I (BGTF I)","HIGH","NAMED_FUND","CLOSED_ACTIVE","VERIFIED_CURRENT_NA_HOLDING: Circular Services","—","—","investmentStrategy","Inaugural Brookfield Global Transition Fund, dedicated to energy-transition investments including renewables, carbon capture, sustainable fuels, battery storage and nuclear services.","Inaugural global transition equity fund investing in renewable power, energy-transition infrastructure and decarbonization of carbon-intensive businesses.","The repository row matches the commercial fund. The $15 billion amount is a final-close amount and should carry explicit amount semantics, native currency and the disclosed close date. North America is added as an evidenced region based on the fund-attributed Circular Services investment in the United States.","SIZE_OR_AMOUNT_CHANGE","https://bam.brookfield.com/press-releases/brookfield-announces-10-billion-first-closing-second-brookfield-global-transition | https://bam.brookfield.com/press-releases/brookfield-invests-700-million-circular-services"
"UPD-031","UPDATE","Brookfield Asset Management","Brookfield","FUND-044A","Brookfield Global Transition Fund I (BGTF I)","Brookfield Global Transition Fund I (BGTF I)","HIGH","NAMED_FUND","CLOSED_ACTIVE","VERIFIED_CURRENT_NA_HOLDING: Circular Services","—","—","size","$15.0B","$15.0B final close","The repository row matches the commercial fund. The $15 billion amount is a final-close amount and should carry explicit amount semantics, native currency and the disclosed close date. North America is added as an evidenced region based on the fund-attributed Circular Services investment in the United States.","SIZE_OR_AMOUNT_CHANGE","https://bam.brookfield.com/press-releases/brookfield-announces-10-billion-first-closing-second-brookfield-global-transition | https://bam.brookfield.com/press-releases/brookfield-invests-700-million-circular-services"
"UPD-031","UPDATE","Brookfield Asset Management","Brookfield","FUND-044A","Brookfield Global Transition Fund I (BGTF I)","Brookfield Global Transition Fund I (BGTF I)","HIGH","NAMED_FUND","CLOSED_ACTIVE","VERIFIED_CURRENT_NA_HOLDING: Circular Services","—","—","sizeNativeCurrency","—","USD","The repository row matches the commercial fund. The $15 billion amount is a final-close amount and should carry explicit amount semantics, native currency and the disclosed close date. North America is added as an evidenced region based on the fund-attributed Circular Services investment in the United States.","SIZE_OR_AMOUNT_CHANGE","https://bam.brookfield.com/press-releases/brookfield-announces-10-billion-first-closing-second-brookfield-global-transition | https://bam.brookfield.com/press-releases/brookfield-invests-700-million-circular-services"
"UPD-031","UPDATE","Brookfield Asset Management","Brookfield","FUND-044A","Brookfield Global Transition Fund I (BGTF I)","Brookfield Global Transition Fund I (BGTF I)","HIGH","NAMED_FUND","CLOSED_ACTIVE","VERIFIED_CURRENT_NA_HOLDING: Circular Services","—","—","sizeNativeAmount","—","15000000000","The repository row matches the commercial fund. The $15 billion amount is a final-close amount and should carry explicit amount semantics, native currency and the disclosed close date. North America is added as an evidenced region based on the fund-attributed Circular Services investment in the United States.","SIZE_OR_AMOUNT_CHANGE","https://bam.brookfield.com/press-releases/brookfield-announces-10-billion-first-closing-second-brookfield-global-transition | https://bam.brookfield.com/press-releases/brookfield-invests-700-million-circular-services"
"UPD-031","UPDATE","Brookfield Asset Management","Brookfield","FUND-044A","Brookfield Global Transition Fund I (BGTF I)","Brookfield Global Transition Fund I (BGTF I)","HIGH","NAMED_FUND","CLOSED_ACTIVE","VERIFIED_CURRENT_NA_HOLDING: Circular Services","—","—","sizeBasis","—","FINAL_CLOSE","The repository row matches the commercial fund. The $15 billion amount is a final-close amount and should carry explicit amount semantics, native currency and the disclosed close date. North America is added as an evidenced region based on the fund-attributed Circular Services investment in the United States.","SIZE_OR_AMOUNT_CHANGE","https://bam.brookfield.com/press-releases/brookfield-announces-10-billion-first-closing-second-brookfield-global-transition | https://bam.brookfield.com/press-releases/brookfield-invests-700-million-circular-services"
"UPD-031","UPDATE","Brookfield Asset Management","Brookfield","FUND-044A","Brookfield Global Transition Fund I (BGTF I)","Brookfield Global Transition Fund I (BGTF I)","HIGH","NAMED_FUND","CLOSED_ACTIVE","VERIFIED_CURRENT_NA_HOLDING: Circular Services","—","—","sizeAsOf","—","2022-06-22","The repository row matches the commercial fund. The $15 billion amount is a final-close amount and should carry explicit amount semantics, native currency and the disclosed close date. North America is added as an evidenced region based on the fund-attributed Circular Services investment in the United States.","SIZE_OR_AMOUNT_CHANGE","https://bam.brookfield.com/press-releases/brookfield-announces-10-billion-first-closing-second-brookfield-global-transition | https://bam.brookfield.com/press-releases/brookfield-invests-700-million-circular-services"
"UPD-031","UPDATE","Brookfield Asset Management","Brookfield","FUND-044A","Brookfield Global Transition Fund I (BGTF I)","Brookfield Global Transition Fund I (BGTF I)","HIGH","NAMED_FUND","CLOSED_ACTIVE","VERIFIED_CURRENT_NA_HOLDING: Circular Services","—","—","regions","Global","North America | Global","The repository row matches the commercial fund. The $15 billion amount is a final-close amount and should carry explicit amount semantics, native currency and the disclosed close date. North America is added as an evidenced region based on the fund-attributed Circular Services investment in the United States.","SIZE_OR_AMOUNT_CHANGE","https://bam.brookfield.com/press-releases/brookfield-announces-10-billion-first-closing-second-brookfield-global-transition | https://bam.brookfield.com/press-releases/brookfield-invests-700-million-circular-services"
"UPD-031","UPDATE","Brookfield Asset Management","Brookfield","FUND-044A","Brookfield Global Transition Fund I (BGTF I)","Brookfield Global Transition Fund I (BGTF I)","HIGH","NAMED_FUND","CLOSED_ACTIVE","VERIFIED_CURRENT_NA_HOLDING: Circular Services","—","—","sourceUrls","https://bam.brookfield.com/press-releases/brookfield-announces-10-billion-first-closing-second-brookfield-global-transition","https://bam.brookfield.com/press-releases/brookfield-announces-10-billion-first-closing-second-brookfield-global-transition | https://bam.brookfield.com/press-releases/brookfield-invests-700-million-circular-services","The repository row matches the commercial fund. The $15 billion amount is a final-close amount and should carry explicit amount semantics, native currency and the disclosed close date. North America is added as an evidenced region based on the fund-attributed Circular Services investment in the United States.","SIZE_OR_AMOUNT_CHANGE","https://bam.brookfield.com/press-releases/brookfield-announces-10-billion-first-closing-second-brookfield-global-transition | https://bam.brookfield.com/press-releases/brookfield-invests-700-million-circular-services"
"UPD-032","UPDATE","Brookfield Asset Management","Brookfield","FUND-045","Brookfield Global Transition Fund II (BGTF II)","Brookfield Global Transition Fund II (BGTF II)","HIGH","NAMED_FUND","CLOSED_ACTIVE","VERIFIED_CURRENT_NA_HOLDING: Infinium","—","—","investmentStrategy","Flagship transition fund investing across clean-energy buildout, sustainable solutions, and decarbonization of carbon-intensive businesses.","Flagship transition equity fund investing in clean-energy buildout, sustainable solutions and the decarbonization of carbon-intensive businesses.","The repository row matches BGTF II, but the $20 billion amount should be classified as final-close capital with its native currency and close date. North America is added as an evidenced region based on the fund-attributed Infinium investment and West Texas development.","SIZE_OR_AMOUNT_CHANGE","https://bam.brookfield.com/press-releases/brookfield-raises-20-billion-record-transition-fund | https://bam.brookfield.com/press-releases/brookfield-invests-over-1-billion-infinium-scale-ultra-low-carbon-efuels"
"UPD-032","UPDATE","Brookfield Asset Management","Brookfield","FUND-045","Brookfield Global Transition Fund II (BGTF II)","Brookfield Global Transition Fund II (BGTF II)","HIGH","NAMED_FUND","CLOSED_ACTIVE","VERIFIED_CURRENT_NA_HOLDING: Infinium","—","—","size","$20.0B","$20.0B final close","The repository row matches BGTF II, but the $20 billion amount should be classified as final-close capital with its native currency and close date. North America is added as an evidenced region based on the fund-attributed Infinium investment and West Texas development.","SIZE_OR_AMOUNT_CHANGE","https://bam.brookfield.com/press-releases/brookfield-raises-20-billion-record-transition-fund | https://bam.brookfield.com/press-releases/brookfield-invests-over-1-billion-infinium-scale-ultra-low-carbon-efuels"
"UPD-032","UPDATE","Brookfield Asset Management","Brookfield","FUND-045","Brookfield Global Transition Fund II (BGTF II)","Brookfield Global Transition Fund II (BGTF II)","HIGH","NAMED_FUND","CLOSED_ACTIVE","VERIFIED_CURRENT_NA_HOLDING: Infinium","—","—","sizeNativeCurrency","—","USD","The repository row matches BGTF II, but the $20 billion amount should be classified as final-close capital with its native currency and close date. North America is added as an evidenced region based on the fund-attributed Infinium investment and West Texas development.","SIZE_OR_AMOUNT_CHANGE","https://bam.brookfield.com/press-releases/brookfield-raises-20-billion-record-transition-fund | https://bam.brookfield.com/press-releases/brookfield-invests-over-1-billion-infinium-scale-ultra-low-carbon-efuels"
"UPD-032","UPDATE","Brookfield Asset Management","Brookfield","FUND-045","Brookfield Global Transition Fund II (BGTF II)","Brookfield Global Transition Fund II (BGTF II)","HIGH","NAMED_FUND","CLOSED_ACTIVE","VERIFIED_CURRENT_NA_HOLDING: Infinium","—","—","sizeNativeAmount","—","20000000000","The repository row matches BGTF II, but the $20 billion amount should be classified as final-close capital with its native currency and close date. North America is added as an evidenced region based on the fund-attributed Infinium investment and West Texas development.","SIZE_OR_AMOUNT_CHANGE","https://bam.brookfield.com/press-releases/brookfield-raises-20-billion-record-transition-fund | https://bam.brookfield.com/press-releases/brookfield-invests-over-1-billion-infinium-scale-ultra-low-carbon-efuels"
"UPD-032","UPDATE","Brookfield Asset Management","Brookfield","FUND-045","Brookfield Global Transition Fund II (BGTF II)","Brookfield Global Transition Fund II (BGTF II)","HIGH","NAMED_FUND","CLOSED_ACTIVE","VERIFIED_CURRENT_NA_HOLDING: Infinium","—","—","sizeBasis","—","FINAL_CLOSE","The repository row matches BGTF II, but the $20 billion amount should be classified as final-close capital with its native currency and close date. North America is added as an evidenced region based on the fund-attributed Infinium investment and West Texas development.","SIZE_OR_AMOUNT_CHANGE","https://bam.brookfield.com/press-releases/brookfield-raises-20-billion-record-transition-fund | https://bam.brookfield.com/press-releases/brookfield-invests-over-1-billion-infinium-scale-ultra-low-carbon-efuels"
"UPD-032","UPDATE","Brookfield Asset Management","Brookfield","FUND-045","Brookfield Global Transition Fund II (BGTF II)","Brookfield Global Transition Fund II (BGTF II)","HIGH","NAMED_FUND","CLOSED_ACTIVE","VERIFIED_CURRENT_NA_HOLDING: Infinium","—","—","sizeAsOf","—","2024-05-28","The repository row matches BGTF II, but the $20 billion amount should be classified as final-close capital with its native currency and close date. North America is added as an evidenced region based on the fund-attributed Infinium investment and West Texas development.","SIZE_OR_AMOUNT_CHANGE","https://bam.brookfield.com/press-releases/brookfield-raises-20-billion-record-transition-fund | https://bam.brookfield.com/press-releases/brookfield-invests-over-1-billion-infinium-scale-ultra-low-carbon-efuels"
"UPD-032","UPDATE","Brookfield Asset Management","Brookfield","FUND-045","Brookfield Global Transition Fund II (BGTF II)","Brookfield Global Transition Fund II (BGTF II)","HIGH","NAMED_FUND","CLOSED_ACTIVE","VERIFIED_CURRENT_NA_HOLDING: Infinium","—","—","regions","Global","North America | Global","The repository row matches BGTF II, but the $20 billion amount should be classified as final-close capital with its native currency and close date. North America is added as an evidenced region based on the fund-attributed Infinium investment and West Texas development.","SIZE_OR_AMOUNT_CHANGE","https://bam.brookfield.com/press-releases/brookfield-raises-20-billion-record-transition-fund | https://bam.brookfield.com/press-releases/brookfield-invests-over-1-billion-infinium-scale-ultra-low-carbon-efuels"
"UPD-032","UPDATE","Brookfield Asset Management","Brookfield","FUND-045","Brookfield Global Transition Fund II (BGTF II)","Brookfield Global Transition Fund II (BGTF II)","HIGH","NAMED_FUND","CLOSED_ACTIVE","VERIFIED_CURRENT_NA_HOLDING: Infinium","—","—","sourceUrls","https://bam.brookfield.com/press-releases/brookfield-raises-20-billion-record-transition-fund","https://bam.brookfield.com/press-releases/brookfield-raises-20-billion-record-transition-fund | https://bam.brookfield.com/press-releases/brookfield-invests-over-1-billion-infinium-scale-ultra-low-carbon-efuels","The repository row matches BGTF II, but the $20 billion amount should be classified as final-close capital with its native currency and close date. North America is added as an evidenced region based on the fund-attributed Infinium investment and West Texas development.","SIZE_OR_AMOUNT_CHANGE","https://bam.brookfield.com/press-releases/brookfield-raises-20-billion-record-transition-fund | https://bam.brookfield.com/press-releases/brookfield-invests-over-1-billion-infinium-scale-ultra-low-carbon-efuels"
"UPD-033","UPDATE","Brookfield Asset Management","Brookfield","FUND-046","Brookfield BIF V","Brookfield Infrastructure Fund V","HIGH","NAMED_FUND","CLOSED_ACTIVE","VERIFIED_CURRENT_NA_HOLDING: Compass Datacenters","—","—","fundName","Brookfield BIF V","Brookfield Infrastructure Fund V","The repository shorthand maps to Brookfield Infrastructure Fund V. The official source distinguishes the named fund's $28 billion final close from the $30 billion aggregate strategy total that includes related co-investment capital. North America is added as an evidenced region based on the fund-attributed Compass Datacenters investment.","RENAME_OR_CANONICAL_NAME | SIZE_OR_AMOUNT_CHANGE","https://bam.brookfield.com/press-releases/brookfield-raises-record-30-billion-flagship-infrastructure-strategy | https://www.brookfield.com/about-us/investments/compass-datacenters"
"UPD-033","UPDATE","Brookfield Asset Management","Brookfield","FUND-046","Brookfield BIF V","Brookfield Infrastructure Fund V","HIGH","NAMED_FUND","CLOSED_ACTIVE","VERIFIED_CURRENT_NA_HOLDING: Compass Datacenters","—","—","investmentStrategy","Flagship global infrastructure fund investing on a value basis through Brookfield's operations-oriented model; BIF V is explicitly positioned around digitalization, decarbonization, and deglobalization.","Flagship global infrastructure equity fund investing on a value basis across digitalization, decarbonization and deglobalization themes through Brookfield's operations-oriented model.","The repository shorthand maps to Brookfield Infrastructure Fund V. The official source distinguishes the named fund's $28 billion final close from the $30 billion aggregate strategy total that includes related co-investment capital. North America is added as an evidenced region based on the fund-attributed Compass Datacenters investment.","RENAME_OR_CANONICAL_NAME | SIZE_OR_AMOUNT_CHANGE","https://bam.brookfield.com/press-releases/brookfield-raises-record-30-billion-flagship-infrastructure-strategy | https://www.brookfield.com/about-us/investments/compass-datacenters"
"UPD-033","UPDATE","Brookfield Asset Management","Brookfield","FUND-046","Brookfield BIF V","Brookfield Infrastructure Fund V","HIGH","NAMED_FUND","CLOSED_ACTIVE","VERIFIED_CURRENT_NA_HOLDING: Compass Datacenters","—","—","size","$28.0B","$28.0B final close; $30.0B including $2.0B of related co-investment capital","The repository shorthand maps to Brookfield Infrastructure Fund V. The official source distinguishes the named fund's $28 billion final close from the $30 billion aggregate strategy total that includes related co-investment capital. North America is added as an evidenced region based on the fund-attributed Compass Datacenters investment.","RENAME_OR_CANONICAL_NAME | SIZE_OR_AMOUNT_CHANGE","https://bam.brookfield.com/press-releases/brookfield-raises-record-30-billion-flagship-infrastructure-strategy | https://www.brookfield.com/about-us/investments/compass-datacenters"
"UPD-033","UPDATE","Brookfield Asset Management","Brookfield","FUND-046","Brookfield BIF V","Brookfield Infrastructure Fund V","HIGH","NAMED_FUND","CLOSED_ACTIVE","VERIFIED_CURRENT_NA_HOLDING: Compass Datacenters","—","—","sizeNativeCurrency","—","USD","The repository shorthand maps to Brookfield Infrastructure Fund V. The official source distinguishes the named fund's $28 billion final close from the $30 billion aggregate strategy total that includes related co-investment capital. North America is added as an evidenced region based on the fund-attributed Compass Datacenters investment.","RENAME_OR_CANONICAL_NAME | SIZE_OR_AMOUNT_CHANGE","https://bam.brookfield.com/press-releases/brookfield-raises-record-30-billion-flagship-infrastructure-strategy | https://www.brookfield.com/about-us/investments/compass-datacenters"
"UPD-033","UPDATE","Brookfield Asset Management","Brookfield","FUND-046","Brookfield BIF V","Brookfield Infrastructure Fund V","HIGH","NAMED_FUND","CLOSED_ACTIVE","VERIFIED_CURRENT_NA_HOLDING: Compass Datacenters","—","—","sizeNativeAmount","—","28000000000","The repository shorthand maps to Brookfield Infrastructure Fund V. The official source distinguishes the named fund's $28 billion final close from the $30 billion aggregate strategy total that includes related co-investment capital. North America is added as an evidenced region based on the fund-attributed Compass Datacenters investment.","RENAME_OR_CANONICAL_NAME | SIZE_OR_AMOUNT_CHANGE","https://bam.brookfield.com/press-releases/brookfield-raises-record-30-billion-flagship-infrastructure-strategy | https://www.brookfield.com/about-us/investments/compass-datacenters"
"UPD-033","UPDATE","Brookfield Asset Management","Brookfield","FUND-046","Brookfield BIF V","Brookfield Infrastructure Fund V","HIGH","NAMED_FUND","CLOSED_ACTIVE","VERIFIED_CURRENT_NA_HOLDING: Compass Datacenters","—","—","sizeBasis","—","FINAL_CLOSE","The repository shorthand maps to Brookfield Infrastructure Fund V. The official source distinguishes the named fund's $28 billion final close from the $30 billion aggregate strategy total that includes related co-investment capital. North America is added as an evidenced region based on the fund-attributed Compass Datacenters investment.","RENAME_OR_CANONICAL_NAME | SIZE_OR_AMOUNT_CHANGE","https://bam.brookfield.com/press-releases/brookfield-raises-record-30-billion-flagship-infrastructure-strategy | https://www.brookfield.com/about-us/investments/compass-datacenters"
"UPD-033","UPDATE","Brookfield Asset Management","Brookfield","FUND-046","Brookfield BIF V","Brookfield Infrastructure Fund V","HIGH","NAMED_FUND","CLOSED_ACTIVE","VERIFIED_CURRENT_NA_HOLDING: Compass Datacenters","—","—","sizeAsOf","—","2023-12-01","The repository shorthand maps to Brookfield Infrastructure Fund V. The official source distinguishes the named fund's $28 billion final close from the $30 billion aggregate strategy total that includes related co-investment capital. North America is added as an evidenced region based on the fund-attributed Compass Datacenters investment.","RENAME_OR_CANONICAL_NAME | SIZE_OR_AMOUNT_CHANGE","https://bam.brookfield.com/press-releases/brookfield-raises-record-30-billion-flagship-infrastructure-strategy | https://www.brookfield.com/about-us/investments/compass-datacenters"
"UPD-033","UPDATE","Brookfield Asset Management","Brookfield","FUND-046","Brookfield BIF V","Brookfield Infrastructure Fund V","HIGH","NAMED_FUND","CLOSED_ACTIVE","VERIFIED_CURRENT_NA_HOLDING: Compass Datacenters","—","—","regions","Global","North America | Global","The repository shorthand maps to Brookfield Infrastructure Fund V. The official source distinguishes the named fund's $28 billion final close from the $30 billion aggregate strategy total that includes related co-investment capital. North America is added as an evidenced region based on the fund-attributed Compass Datacenters investment.","RENAME_OR_CANONICAL_NAME | SIZE_OR_AMOUNT_CHANGE","https://bam.brookfield.com/press-releases/brookfield-raises-record-30-billion-flagship-infrastructure-strategy | https://www.brookfield.com/about-us/investments/compass-datacenters"
"UPD-033","UPDATE","Brookfield Asset Management","Brookfield","FUND-046","Brookfield BIF V","Brookfield Infrastructure Fund V","HIGH","NAMED_FUND","CLOSED_ACTIVE","VERIFIED_CURRENT_NA_HOLDING: Compass Datacenters","—","—","sourceUrls","https://bam.brookfield.com/press-releases/brookfield-raises-record-30-billion-flagship-infrastructure-strategy","https://bam.brookfield.com/press-releases/brookfield-raises-record-30-billion-flagship-infrastructure-strategy | https://www.brookfield.com/about-us/investments/compass-datacenters","The repository shorthand maps to Brookfield Infrastructure Fund V. The official source distinguishes the named fund's $28 billion final close from the $30 billion aggregate strategy total that includes related co-investment capital. North America is added as an evidenced region based on the fund-attributed Compass Datacenters investment.","RENAME_OR_CANONICAL_NAME | SIZE_OR_AMOUNT_CHANGE","https://bam.brookfield.com/press-releases/brookfield-raises-record-30-billion-flagship-infrastructure-strategy | https://www.brookfield.com/about-us/investments/compass-datacenters"
"UPD-034","UPDATE","Brookfield Asset Management","Brookfield","FUND-048","Brookfield BISS","Brookfield Infrastructure Structured Solutions Fund","HIGH","NAMED_FUND","CLOSED_ACTIVE","EXPLICIT_NA_MANDATE","—","—","fundName","Brookfield BISS","Brookfield Infrastructure Structured Solutions Fund","The repository shorthand matches the fund. The source supports the full official name, $1 billion final-close semantics and a specific North America and Europe mandate rather than an undifferentiated Global region.","RENAME_OR_CANONICAL_NAME | SIZE_OR_AMOUNT_CHANGE","https://www.globenewswire.com/news-release/2025/03/11/3040401/0/en/Brookfield-Closes-Infrastructure-Structured-Solutions-Fund.html"
"UPD-034","UPDATE","Brookfield Asset Management","Brookfield","FUND-048","Brookfield BISS","Brookfield Infrastructure Structured Solutions Fund","HIGH","NAMED_FUND","CLOSED_ACTIVE","EXPLICIT_NA_MANDATE","—","—","investmentStrategy","Inaugural middle-market structured-solutions fund providing structured and common equity to sponsors, developers, and corporates in Brookfield's infrastructure sectors of expertise.","Middle-market infrastructure structured-solutions strategy providing structured and common equity to sponsors, developers, corporates and infrastructure businesses in North America and Europe.","The repository shorthand matches the fund. The source supports the full official name, $1 billion final-close semantics and a specific North America and Europe mandate rather than an undifferentiated Global region.","RENAME_OR_CANONICAL_NAME | SIZE_OR_AMOUNT_CHANGE","https://www.globenewswire.com/news-release/2025/03/11/3040401/0/en/Brookfield-Closes-Infrastructure-Structured-Solutions-Fund.html"
"UPD-034","UPDATE","Brookfield Asset Management","Brookfield","FUND-048","Brookfield BISS","Brookfield Infrastructure Structured Solutions Fund","HIGH","NAMED_FUND","CLOSED_ACTIVE","EXPLICIT_NA_MANDATE","—","—","size","$1.0B","$1.0B final close","The repository shorthand matches the fund. The source supports the full official name, $1 billion final-close semantics and a specific North America and Europe mandate rather than an undifferentiated Global region.","RENAME_OR_CANONICAL_NAME | SIZE_OR_AMOUNT_CHANGE","https://www.globenewswire.com/news-release/2025/03/11/3040401/0/en/Brookfield-Closes-Infrastructure-Structured-Solutions-Fund.html"
"UPD-034","UPDATE","Brookfield Asset Management","Brookfield","FUND-048","Brookfield BISS","Brookfield Infrastructure Structured Solutions Fund","HIGH","NAMED_FUND","CLOSED_ACTIVE","EXPLICIT_NA_MANDATE","—","—","sizeNativeCurrency","—","USD","The repository shorthand matches the fund. The source supports the full official name, $1 billion final-close semantics and a specific North America and Europe mandate rather than an undifferentiated Global region.","RENAME_OR_CANONICAL_NAME | SIZE_OR_AMOUNT_CHANGE","https://www.globenewswire.com/news-release/2025/03/11/3040401/0/en/Brookfield-Closes-Infrastructure-Structured-Solutions-Fund.html"
"UPD-034","UPDATE","Brookfield Asset Management","Brookfield","FUND-048","Brookfield BISS","Brookfield Infrastructure Structured Solutions Fund","HIGH","NAMED_FUND","CLOSED_ACTIVE","EXPLICIT_NA_MANDATE","—","—","sizeNativeAmount","—","1000000000","The repository shorthand matches the fund. The source supports the full official name, $1 billion final-close semantics and a specific North America and Europe mandate rather than an undifferentiated Global region.","RENAME_OR_CANONICAL_NAME | SIZE_OR_AMOUNT_CHANGE","https://www.globenewswire.com/news-release/2025/03/11/3040401/0/en/Brookfield-Closes-Infrastructure-Structured-Solutions-Fund.html"
"UPD-034","UPDATE","Brookfield Asset Management","Brookfield","FUND-048","Brookfield BISS","Brookfield Infrastructure Structured Solutions Fund","HIGH","NAMED_FUND","CLOSED_ACTIVE","EXPLICIT_NA_MANDATE","—","—","sizeBasis","—","FINAL_CLOSE","The repository shorthand matches the fund. The source supports the full official name, $1 billion final-close semantics and a specific North America and Europe mandate rather than an undifferentiated Global region.","RENAME_OR_CANONICAL_NAME | SIZE_OR_AMOUNT_CHANGE","https://www.globenewswire.com/news-release/2025/03/11/3040401/0/en/Brookfield-Closes-Infrastructure-Structured-Solutions-Fund.html"
"UPD-034","UPDATE","Brookfield Asset Management","Brookfield","FUND-048","Brookfield BISS","Brookfield Infrastructure Structured Solutions Fund","HIGH","NAMED_FUND","CLOSED_ACTIVE","EXPLICIT_NA_MANDATE","—","—","sizeAsOf","—","2025-03-11","The repository shorthand matches the fund. The source supports the full official name, $1 billion final-close semantics and a specific North America and Europe mandate rather than an undifferentiated Global region.","RENAME_OR_CANONICAL_NAME | SIZE_OR_AMOUNT_CHANGE","https://www.globenewswire.com/news-release/2025/03/11/3040401/0/en/Brookfield-Closes-Infrastructure-Structured-Solutions-Fund.html"
"UPD-034","UPDATE","Brookfield Asset Management","Brookfield","FUND-048","Brookfield BISS","Brookfield Infrastructure Structured Solutions Fund","HIGH","NAMED_FUND","CLOSED_ACTIVE","EXPLICIT_NA_MANDATE","—","—","regions","Global","North America | Europe","The repository shorthand matches the fund. The source supports the full official name, $1 billion final-close semantics and a specific North America and Europe mandate rather than an undifferentiated Global region.","RENAME_OR_CANONICAL_NAME | SIZE_OR_AMOUNT_CHANGE","https://www.globenewswire.com/news-release/2025/03/11/3040401/0/en/Brookfield-Closes-Infrastructure-Structured-Solutions-Fund.html"
"UPD-035","UPDATE","Carlyle Infrastructure","Carlyle Group","FUND-051","Carlyle Global Infrastructure Opportunity Fund","Carlyle Global Infrastructure Opportunity Fund","HIGH","NAMED_FUND","CLOSED_ACTIVE","EXPLICIT_NA_MANDATE","—","—","investmentStrategy","Inaugural OECD-focused value-add infrastructure fund targeting transport, energy/power and water infrastructure, with actual deployment spanning airports, crude logistics, water assets, towers and microgrids.","Inaugural OECD-focused value-add infrastructure fund targeting transport, energy and power, communications, utilities and water infrastructure, with the United States expressly within its mandate.","The repository identity and principal strategy fields match. Carlyle's official announcement resolves the repository's unclassified $2.2 billion figure as a final close in U.S. dollars.","SIZE_OR_AMOUNT_CHANGE","https://www.carlyle.com/media-room/news-release-archive/carlyle-group-raises-22-billion-global-infrastructure-opportunity | https://www.carlyle.com/our-business/global-investment-solutions/infrastructure"
"UPD-035","UPDATE","Carlyle Infrastructure","Carlyle Group","FUND-051","Carlyle Global Infrastructure Opportunity Fund","Carlyle Global Infrastructure Opportunity Fund","HIGH","NAMED_FUND","CLOSED_ACTIVE","EXPLICIT_NA_MANDATE","—","—","size","$2.2B","$2.2B final close","The repository identity and principal strategy fields match. Carlyle's official announcement resolves the repository's unclassified $2.2 billion figure as a final close in U.S. dollars.","SIZE_OR_AMOUNT_CHANGE","https://www.carlyle.com/media-room/news-release-archive/carlyle-group-raises-22-billion-global-infrastructure-opportunity | https://www.carlyle.com/our-business/global-investment-solutions/infrastructure"
"UPD-035","UPDATE","Carlyle Infrastructure","Carlyle Group","FUND-051","Carlyle Global Infrastructure Opportunity Fund","Carlyle Global Infrastructure Opportunity Fund","HIGH","NAMED_FUND","CLOSED_ACTIVE","EXPLICIT_NA_MANDATE","—","—","sizeNativeCurrency","—","USD","The repository identity and principal strategy fields match. Carlyle's official announcement resolves the repository's unclassified $2.2 billion figure as a final close in U.S. dollars.","SIZE_OR_AMOUNT_CHANGE","https://www.carlyle.com/media-room/news-release-archive/carlyle-group-raises-22-billion-global-infrastructure-opportunity | https://www.carlyle.com/our-business/global-investment-solutions/infrastructure"
"UPD-035","UPDATE","Carlyle Infrastructure","Carlyle Group","FUND-051","Carlyle Global Infrastructure Opportunity Fund","Carlyle Global Infrastructure Opportunity Fund","HIGH","NAMED_FUND","CLOSED_ACTIVE","EXPLICIT_NA_MANDATE","—","—","sizeNativeAmount","—","2200000000","The repository identity and principal strategy fields match. Carlyle's official announcement resolves the repository's unclassified $2.2 billion figure as a final close in U.S. dollars.","SIZE_OR_AMOUNT_CHANGE","https://www.carlyle.com/media-room/news-release-archive/carlyle-group-raises-22-billion-global-infrastructure-opportunity | https://www.carlyle.com/our-business/global-investment-solutions/infrastructure"
"UPD-035","UPDATE","Carlyle Infrastructure","Carlyle Group","FUND-051","Carlyle Global Infrastructure Opportunity Fund","Carlyle Global Infrastructure Opportunity Fund","HIGH","NAMED_FUND","CLOSED_ACTIVE","EXPLICIT_NA_MANDATE","—","—","sizeBasis","—","FINAL_CLOSE","The repository identity and principal strategy fields match. Carlyle's official announcement resolves the repository's unclassified $2.2 billion figure as a final close in U.S. dollars.","SIZE_OR_AMOUNT_CHANGE","https://www.carlyle.com/media-room/news-release-archive/carlyle-group-raises-22-billion-global-infrastructure-opportunity | https://www.carlyle.com/our-business/global-investment-solutions/infrastructure"
"UPD-035","UPDATE","Carlyle Infrastructure","Carlyle Group","FUND-051","Carlyle Global Infrastructure Opportunity Fund","Carlyle Global Infrastructure Opportunity Fund","HIGH","NAMED_FUND","CLOSED_ACTIVE","EXPLICIT_NA_MANDATE","—","—","sizeAsOf","—","2019-07-11","The repository identity and principal strategy fields match. Carlyle's official announcement resolves the repository's unclassified $2.2 billion figure as a final close in U.S. dollars.","SIZE_OR_AMOUNT_CHANGE","https://www.carlyle.com/media-room/news-release-archive/carlyle-group-raises-22-billion-global-infrastructure-opportunity | https://www.carlyle.com/our-business/global-investment-solutions/infrastructure"
"UPD-036","UPDATE","Carlyle Infrastructure","Carlyle Group","FUND-053","Carlyle CRSEF II","Carlyle Renewable & Sustainable Energy Fund II","MEDIUM","NAMED_FUND","CLOSED_ACTIVE","EXPLICIT_NA_MANDATE","—","—","fundName","Carlyle CRSEF II","Carlyle Renewable & Sustainable Energy Fund II","The repository abbreviation matches the SEC issuer, but the canonical name should be expanded to Carlyle Renewable & Sustainable Energy Fund II. The $2.0 billion disclosure is an amount sold under Form D and must not be presented as a final close.","RENAME_OR_CANONICAL_NAME | SIZE_OR_AMOUNT_CHANGE | MEDIUM_CONFIDENCE","https://www.sec.gov/Archives/edgar/data/1933884/000193388423000002/xslFormDX01/primary_doc.xml | https://www.carlyle.com/our-business/global-investment-solutions/infrastructure"
"UPD-036","UPDATE","Carlyle Infrastructure","Carlyle Group","FUND-053","Carlyle CRSEF II","Carlyle Renewable & Sustainable Energy Fund II","MEDIUM","NAMED_FUND","CLOSED_ACTIVE","EXPLICIT_NA_MANDATE","—","—","investmentStrategy","Second dedicated Carlyle renewables vehicle focused on developed-market renewable and sustainable energy platforms across solar, wind, storage, EV charging and distributed-generation finance.","Second dedicated Carlyle renewable and sustainable energy vehicle focused on developed-market equity investments across solar, wind, storage, electric-vehicle charging and distributed-generation finance.","The repository abbreviation matches the SEC issuer, but the canonical name should be expanded to Carlyle Renewable & Sustainable Energy Fund II. The $2.0 billion disclosure is an amount sold under Form D and must not be presented as a final close.","RENAME_OR_CANONICAL_NAME | SIZE_OR_AMOUNT_CHANGE | MEDIUM_CONFIDENCE","https://www.sec.gov/Archives/edgar/data/1933884/000193388423000002/xslFormDX01/primary_doc.xml | https://www.carlyle.com/our-business/global-investment-solutions/infrastructure"
"UPD-036","UPDATE","Carlyle Infrastructure","Carlyle Group","FUND-053","Carlyle CRSEF II","Carlyle Renewable & Sustainable Energy Fund II","MEDIUM","NAMED_FUND","CLOSED_ACTIVE","EXPLICIT_NA_MANDATE","—","—","size","$2.0B","$2.0B amount sold","The repository abbreviation matches the SEC issuer, but the canonical name should be expanded to Carlyle Renewable & Sustainable Energy Fund II. The $2.0 billion disclosure is an amount sold under Form D and must not be presented as a final close.","RENAME_OR_CANONICAL_NAME | SIZE_OR_AMOUNT_CHANGE | MEDIUM_CONFIDENCE","https://www.sec.gov/Archives/edgar/data/1933884/000193388423000002/xslFormDX01/primary_doc.xml | https://www.carlyle.com/our-business/global-investment-solutions/infrastructure"
"UPD-036","UPDATE","Carlyle Infrastructure","Carlyle Group","FUND-053","Carlyle CRSEF II","Carlyle Renewable & Sustainable Energy Fund II","MEDIUM","NAMED_FUND","CLOSED_ACTIVE","EXPLICIT_NA_MANDATE","—","—","sizeBasis","—","AMOUNT_SOLD","The repository abbreviation matches the SEC issuer, but the canonical name should be expanded to Carlyle Renewable & Sustainable Energy Fund II. The $2.0 billion disclosure is an amount sold under Form D and must not be presented as a final close.","RENAME_OR_CANONICAL_NAME | SIZE_OR_AMOUNT_CHANGE | MEDIUM_CONFIDENCE","https://www.sec.gov/Archives/edgar/data/1933884/000193388423000002/xslFormDX01/primary_doc.xml | https://www.carlyle.com/our-business/global-investment-solutions/infrastructure"
"UPD-036","UPDATE","Carlyle Infrastructure","Carlyle Group","FUND-053","Carlyle CRSEF II","Carlyle Renewable & Sustainable Energy Fund II","MEDIUM","NAMED_FUND","CLOSED_ACTIVE","EXPLICIT_NA_MANDATE","—","—","sizeAsOf","—","2023-06-30","The repository abbreviation matches the SEC issuer, but the canonical name should be expanded to Carlyle Renewable & Sustainable Energy Fund II. The $2.0 billion disclosure is an amount sold under Form D and must not be presented as a final close.","RENAME_OR_CANONICAL_NAME | SIZE_OR_AMOUNT_CHANGE | MEDIUM_CONFIDENCE","https://www.sec.gov/Archives/edgar/data/1933884/000193388423000002/xslFormDX01/primary_doc.xml | https://www.carlyle.com/our-business/global-investment-solutions/infrastructure"
"UPD-037","UPDATE","CBRE Investment Management","CBRE Investment Management","FUND-054","CBRE GIF","CBRE Global Infrastructure Fund","HIGH","NAMED_FUND","EVERGREEN_ACTIVE","VERIFIED_CURRENT_NA_HOLDING: WANRack, LLC","—","—","fundName","CBRE GIF","CBRE Global Infrastructure Fund","FUND-054 matches the same evergreen commercial vehicle, but the repository uses an abbreviated fund name, an unsupported undated $3.3B amount, a narrower strategy and sector description, Global-only geography, and an older generic strategy URL; the corrected row preserves the legacy ID and uses the current commercial name, Form ADV gross asset value and reporting date, and fund-attributed U.S. ownership evidence.","RENAME_OR_CANONICAL_NAME | SIZE_OR_AMOUNT_CHANGE","https://www.cbreim.com/strategies-and-solutions/private-infrastructure-global-direct-private-infrastructure | https://www.cbreim.com/press-releases/cbre-im-awarded-500-million-global-real-estate-mandate-by-wales-pension-partnership | https://www.nbfwm.ca/content/dam/fbngp/microsites/patrimoine-dalpe-et-associes/pdf/rapport-trimestriel/fond-sabius/Sabius%20Q2-25%20Report_EN.pdf | https://reports.adviserinfo.sec.gov/reports/ADV/158495/PDF/158495.pdf | https://www.puc.pa.gov/pcdocs/1860507.pdf | https://services.psc.ga.gov/api/v1/External/Public/Get/Document/DownloadFile/225282/106557"
"UPD-037","UPDATE","CBRE Investment Management","CBRE Investment Management","FUND-054","CBRE GIF","CBRE Global Infrastructure Fund","HIGH","NAMED_FUND","EVERGREEN_ACTIVE","VERIFIED_CURRENT_NA_HOLDING: WANRack, LLC","—","—","investmentStrategy","Evergreen global direct private infrastructure strategy targeting diversified core/core-plus OECD mid-market assets, with the verified public deal trail centered on digitalization and decarbonization themes.","Evergreen global direct private infrastructure strategy targeting mid-market core and core-plus OECD assets across digital infrastructure, energy transition and transportation.","FUND-054 matches the same evergreen commercial vehicle, but the repository uses an abbreviated fund name, an unsupported undated $3.3B amount, a narrower strategy and sector description, Global-only geography, and an older generic strategy URL; the corrected row preserves the legacy ID and uses the current commercial name, Form ADV gross asset value and reporting date, and fund-attributed U.S. ownership evidence.","RENAME_OR_CANONICAL_NAME | SIZE_OR_AMOUNT_CHANGE","https://www.cbreim.com/strategies-and-solutions/private-infrastructure-global-direct-private-infrastructure | https://www.cbreim.com/press-releases/cbre-im-awarded-500-million-global-real-estate-mandate-by-wales-pension-partnership | https://www.nbfwm.ca/content/dam/fbngp/microsites/patrimoine-dalpe-et-associes/pdf/rapport-trimestriel/fond-sabius/Sabius%20Q2-25%20Report_EN.pdf | https://reports.adviserinfo.sec.gov/reports/ADV/158495/PDF/158495.pdf | https://www.puc.pa.gov/pcdocs/1860507.pdf | https://services.psc.ga.gov/api/v1/External/Public/Get/Document/DownloadFile/225282/106557"
"UPD-037","UPDATE","CBRE Investment Management","CBRE Investment Management","FUND-054","CBRE GIF","CBRE Global Infrastructure Fund","HIGH","NAMED_FUND","EVERGREEN_ACTIVE","VERIFIED_CURRENT_NA_HOLDING: WANRack, LLC","—","—","size","$3.3B","$5.102B current gross asset value (reported 2026-03-31)","FUND-054 matches the same evergreen commercial vehicle, but the repository uses an abbreviated fund name, an unsupported undated $3.3B amount, a narrower strategy and sector description, Global-only geography, and an older generic strategy URL; the corrected row preserves the legacy ID and uses the current commercial name, Form ADV gross asset value and reporting date, and fund-attributed U.S. ownership evidence.","RENAME_OR_CANONICAL_NAME | SIZE_OR_AMOUNT_CHANGE","https://www.cbreim.com/strategies-and-solutions/private-infrastructure-global-direct-private-infrastructure | https://www.cbreim.com/press-releases/cbre-im-awarded-500-million-global-real-estate-mandate-by-wales-pension-partnership | https://www.nbfwm.ca/content/dam/fbngp/microsites/patrimoine-dalpe-et-associes/pdf/rapport-trimestriel/fond-sabius/Sabius%20Q2-25%20Report_EN.pdf | https://reports.adviserinfo.sec.gov/reports/ADV/158495/PDF/158495.pdf | https://www.puc.pa.gov/pcdocs/1860507.pdf | https://services.psc.ga.gov/api/v1/External/Public/Get/Document/DownloadFile/225282/106557"
"UPD-037","UPDATE","CBRE Investment Management","CBRE Investment Management","FUND-054","CBRE GIF","CBRE Global Infrastructure Fund","HIGH","NAMED_FUND","EVERGREEN_ACTIVE","VERIFIED_CURRENT_NA_HOLDING: WANRack, LLC","—","—","sizeUsdMm","3300","5102.216829","FUND-054 matches the same evergreen commercial vehicle, but the repository uses an abbreviated fund name, an unsupported undated $3.3B amount, a narrower strategy and sector description, Global-only geography, and an older generic strategy URL; the corrected row preserves the legacy ID and uses the current commercial name, Form ADV gross asset value and reporting date, and fund-attributed U.S. ownership evidence.","RENAME_OR_CANONICAL_NAME | SIZE_OR_AMOUNT_CHANGE","https://www.cbreim.com/strategies-and-solutions/private-infrastructure-global-direct-private-infrastructure | https://www.cbreim.com/press-releases/cbre-im-awarded-500-million-global-real-estate-mandate-by-wales-pension-partnership | https://www.nbfwm.ca/content/dam/fbngp/microsites/patrimoine-dalpe-et-associes/pdf/rapport-trimestriel/fond-sabius/Sabius%20Q2-25%20Report_EN.pdf | https://reports.adviserinfo.sec.gov/reports/ADV/158495/PDF/158495.pdf | https://www.puc.pa.gov/pcdocs/1860507.pdf | https://services.psc.ga.gov/api/v1/External/Public/Get/Document/DownloadFile/225282/106557"
"UPD-037","UPDATE","CBRE Investment Management","CBRE Investment Management","FUND-054","CBRE GIF","CBRE Global Infrastructure Fund","HIGH","NAMED_FUND","EVERGREEN_ACTIVE","VERIFIED_CURRENT_NA_HOLDING: WANRack, LLC","—","—","sizeNativeCurrency","—","USD","FUND-054 matches the same evergreen commercial vehicle, but the repository uses an abbreviated fund name, an unsupported undated $3.3B amount, a narrower strategy and sector description, Global-only geography, and an older generic strategy URL; the corrected row preserves the legacy ID and uses the current commercial name, Form ADV gross asset value and reporting date, and fund-attributed U.S. ownership evidence.","RENAME_OR_CANONICAL_NAME | SIZE_OR_AMOUNT_CHANGE","https://www.cbreim.com/strategies-and-solutions/private-infrastructure-global-direct-private-infrastructure | https://www.cbreim.com/press-releases/cbre-im-awarded-500-million-global-real-estate-mandate-by-wales-pension-partnership | https://www.nbfwm.ca/content/dam/fbngp/microsites/patrimoine-dalpe-et-associes/pdf/rapport-trimestriel/fond-sabius/Sabius%20Q2-25%20Report_EN.pdf | https://reports.adviserinfo.sec.gov/reports/ADV/158495/PDF/158495.pdf | https://www.puc.pa.gov/pcdocs/1860507.pdf | https://services.psc.ga.gov/api/v1/External/Public/Get/Document/DownloadFile/225282/106557"
"UPD-037","UPDATE","CBRE Investment Management","CBRE Investment Management","FUND-054","CBRE GIF","CBRE Global Infrastructure Fund","HIGH","NAMED_FUND","EVERGREEN_ACTIVE","VERIFIED_CURRENT_NA_HOLDING: WANRack, LLC","—","—","sizeNativeAmount","—","5102216829","FUND-054 matches the same evergreen commercial vehicle, but the repository uses an abbreviated fund name, an unsupported undated $3.3B amount, a narrower strategy and sector description, Global-only geography, and an older generic strategy URL; the corrected row preserves the legacy ID and uses the current commercial name, Form ADV gross asset value and reporting date, and fund-attributed U.S. ownership evidence.","RENAME_OR_CANONICAL_NAME | SIZE_OR_AMOUNT_CHANGE","https://www.cbreim.com/strategies-and-solutions/private-infrastructure-global-direct-private-infrastructure | https://www.cbreim.com/press-releases/cbre-im-awarded-500-million-global-real-estate-mandate-by-wales-pension-partnership | https://www.nbfwm.ca/content/dam/fbngp/microsites/patrimoine-dalpe-et-associes/pdf/rapport-trimestriel/fond-sabius/Sabius%20Q2-25%20Report_EN.pdf | https://reports.adviserinfo.sec.gov/reports/ADV/158495/PDF/158495.pdf | https://www.puc.pa.gov/pcdocs/1860507.pdf | https://services.psc.ga.gov/api/v1/External/Public/Get/Document/DownloadFile/225282/106557"
"UPD-037","UPDATE","CBRE Investment Management","CBRE Investment Management","FUND-054","CBRE GIF","CBRE Global Infrastructure Fund","HIGH","NAMED_FUND","EVERGREEN_ACTIVE","VERIFIED_CURRENT_NA_HOLDING: WANRack, LLC","—","—","sizeBasis","—","AUM","FUND-054 matches the same evergreen commercial vehicle, but the repository uses an abbreviated fund name, an unsupported undated $3.3B amount, a narrower strategy and sector description, Global-only geography, and an older generic strategy URL; the corrected row preserves the legacy ID and uses the current commercial name, Form ADV gross asset value and reporting date, and fund-attributed U.S. ownership evidence.","RENAME_OR_CANONICAL_NAME | SIZE_OR_AMOUNT_CHANGE","https://www.cbreim.com/strategies-and-solutions/private-infrastructure-global-direct-private-infrastructure | https://www.cbreim.com/press-releases/cbre-im-awarded-500-million-global-real-estate-mandate-by-wales-pension-partnership | https://www.nbfwm.ca/content/dam/fbngp/microsites/patrimoine-dalpe-et-associes/pdf/rapport-trimestriel/fond-sabius/Sabius%20Q2-25%20Report_EN.pdf | https://reports.adviserinfo.sec.gov/reports/ADV/158495/PDF/158495.pdf | https://www.puc.pa.gov/pcdocs/1860507.pdf | https://services.psc.ga.gov/api/v1/External/Public/Get/Document/DownloadFile/225282/106557"
"UPD-037","UPDATE","CBRE Investment Management","CBRE Investment Management","FUND-054","CBRE GIF","CBRE Global Infrastructure Fund","HIGH","NAMED_FUND","EVERGREEN_ACTIVE","VERIFIED_CURRENT_NA_HOLDING: WANRack, LLC","—","—","sizeAsOf","—","2026-03-31","FUND-054 matches the same evergreen commercial vehicle, but the repository uses an abbreviated fund name, an unsupported undated $3.3B amount, a narrower strategy and sector description, Global-only geography, and an older generic strategy URL; the corrected row preserves the legacy ID and uses the current commercial name, Form ADV gross asset value and reporting date, and fund-attributed U.S. ownership evidence.","RENAME_OR_CANONICAL_NAME | SIZE_OR_AMOUNT_CHANGE","https://www.cbreim.com/strategies-and-solutions/private-infrastructure-global-direct-private-infrastructure | https://www.cbreim.com/press-releases/cbre-im-awarded-500-million-global-real-estate-mandate-by-wales-pension-partnership | https://www.nbfwm.ca/content/dam/fbngp/microsites/patrimoine-dalpe-et-associes/pdf/rapport-trimestriel/fond-sabius/Sabius%20Q2-25%20Report_EN.pdf | https://reports.adviserinfo.sec.gov/reports/ADV/158495/PDF/158495.pdf | https://www.puc.pa.gov/pcdocs/1860507.pdf | https://services.psc.ga.gov/api/v1/External/Public/Get/Document/DownloadFile/225282/106557"
"UPD-037","UPDATE","CBRE Investment Management","CBRE Investment Management","FUND-054","CBRE GIF","CBRE Global Infrastructure Fund","HIGH","NAMED_FUND","EVERGREEN_ACTIVE","VERIFIED_CURRENT_NA_HOLDING: WANRack, LLC","—","—","strategies","Core-Plus","Core | Core-Plus","FUND-054 matches the same evergreen commercial vehicle, but the repository uses an abbreviated fund name, an unsupported undated $3.3B amount, a narrower strategy and sector description, Global-only geography, and an older generic strategy URL; the corrected row preserves the legacy ID and uses the current commercial name, Form ADV gross asset value and reporting date, and fund-attributed U.S. ownership evidence.","RENAME_OR_CANONICAL_NAME | SIZE_OR_AMOUNT_CHANGE","https://www.cbreim.com/strategies-and-solutions/private-infrastructure-global-direct-private-infrastructure | https://www.cbreim.com/press-releases/cbre-im-awarded-500-million-global-real-estate-mandate-by-wales-pension-partnership | https://www.nbfwm.ca/content/dam/fbngp/microsites/patrimoine-dalpe-et-associes/pdf/rapport-trimestriel/fond-sabius/Sabius%20Q2-25%20Report_EN.pdf | https://reports.adviserinfo.sec.gov/reports/ADV/158495/PDF/158495.pdf | https://www.puc.pa.gov/pcdocs/1860507.pdf | https://services.psc.ga.gov/api/v1/External/Public/Get/Document/DownloadFile/225282/106557"
"UPD-037","UPDATE","CBRE Investment Management","CBRE Investment Management","FUND-054","CBRE GIF","CBRE Global Infrastructure Fund","HIGH","NAMED_FUND","EVERGREEN_ACTIVE","VERIFIED_CURRENT_NA_HOLDING: WANRack, LLC","—","—","structure","Evergreen","Open-End","FUND-054 matches the same evergreen commercial vehicle, but the repository uses an abbreviated fund name, an unsupported undated $3.3B amount, a narrower strategy and sector description, Global-only geography, and an older generic strategy URL; the corrected row preserves the legacy ID and uses the current commercial name, Form ADV gross asset value and reporting date, and fund-attributed U.S. ownership evidence.","RENAME_OR_CANONICAL_NAME | SIZE_OR_AMOUNT_CHANGE","https://www.cbreim.com/strategies-and-solutions/private-infrastructure-global-direct-private-infrastructure | https://www.cbreim.com/press-releases/cbre-im-awarded-500-million-global-real-estate-mandate-by-wales-pension-partnership | https://www.nbfwm.ca/content/dam/fbngp/microsites/patrimoine-dalpe-et-associes/pdf/rapport-trimestriel/fond-sabius/Sabius%20Q2-25%20Report_EN.pdf | https://reports.adviserinfo.sec.gov/reports/ADV/158495/PDF/158495.pdf | https://www.puc.pa.gov/pcdocs/1860507.pdf | https://services.psc.ga.gov/api/v1/External/Public/Get/Document/DownloadFile/225282/106557"
"UPD-037","UPDATE","CBRE Investment Management","CBRE Investment Management","FUND-054","CBRE GIF","CBRE Global Infrastructure Fund","HIGH","NAMED_FUND","EVERGREEN_ACTIVE","VERIFIED_CURRENT_NA_HOLDING: WANRack, LLC","—","—","sectors","Power & ET | Digital","Power & ET | Digital | Transportation","FUND-054 matches the same evergreen commercial vehicle, but the repository uses an abbreviated fund name, an unsupported undated $3.3B amount, a narrower strategy and sector description, Global-only geography, and an older generic strategy URL; the corrected row preserves the legacy ID and uses the current commercial name, Form ADV gross asset value and reporting date, and fund-attributed U.S. ownership evidence.","RENAME_OR_CANONICAL_NAME | SIZE_OR_AMOUNT_CHANGE","https://www.cbreim.com/strategies-and-solutions/private-infrastructure-global-direct-private-infrastructure | https://www.cbreim.com/press-releases/cbre-im-awarded-500-million-global-real-estate-mandate-by-wales-pension-partnership | https://www.nbfwm.ca/content/dam/fbngp/microsites/patrimoine-dalpe-et-associes/pdf/rapport-trimestriel/fond-sabius/Sabius%20Q2-25%20Report_EN.pdf | https://reports.adviserinfo.sec.gov/reports/ADV/158495/PDF/158495.pdf | https://www.puc.pa.gov/pcdocs/1860507.pdf | https://services.psc.ga.gov/api/v1/External/Public/Get/Document/DownloadFile/225282/106557"
"UPD-037","UPDATE","CBRE Investment Management","CBRE Investment Management","FUND-054","CBRE GIF","CBRE Global Infrastructure Fund","HIGH","NAMED_FUND","EVERGREEN_ACTIVE","VERIFIED_CURRENT_NA_HOLDING: WANRack, LLC","—","—","regions","Global","North America | Global","FUND-054 matches the same evergreen commercial vehicle, but the repository uses an abbreviated fund name, an unsupported undated $3.3B amount, a narrower strategy and sector description, Global-only geography, and an older generic strategy URL; the corrected row preserves the legacy ID and uses the current commercial name, Form ADV gross asset value and reporting date, and fund-attributed U.S. ownership evidence.","RENAME_OR_CANONICAL_NAME | SIZE_OR_AMOUNT_CHANGE","https://www.cbreim.com/strategies-and-solutions/private-infrastructure-global-direct-private-infrastructure | https://www.cbreim.com/press-releases/cbre-im-awarded-500-million-global-real-estate-mandate-by-wales-pension-partnership | https://www.nbfwm.ca/content/dam/fbngp/microsites/patrimoine-dalpe-et-associes/pdf/rapport-trimestriel/fond-sabius/Sabius%20Q2-25%20Report_EN.pdf | https://reports.adviserinfo.sec.gov/reports/ADV/158495/PDF/158495.pdf | https://www.puc.pa.gov/pcdocs/1860507.pdf | https://services.psc.ga.gov/api/v1/External/Public/Get/Document/DownloadFile/225282/106557"
"UPD-037","UPDATE","CBRE Investment Management","CBRE Investment Management","FUND-054","CBRE GIF","CBRE Global Infrastructure Fund","HIGH","NAMED_FUND","EVERGREEN_ACTIVE","VERIFIED_CURRENT_NA_HOLDING: WANRack, LLC","—","—","sourceUrls","https://www.cbreim.com/strategies-and-solutions/investment/private-infrastructure","https://www.cbreim.com/strategies-and-solutions/private-infrastructure-global-direct-private-infrastructure | https://www.cbreim.com/press-releases/cbre-im-awarded-500-million-global-real-estate-mandate-by-wales-pension-partnership | https://www.nbfwm.ca/content/dam/fbngp/microsites/patrimoine-dalpe-et-associes/pdf/rapport-trimestriel/fond-sabius/Sabius%20Q2-25%20Report_EN.pdf | https://reports.adviserinfo.sec.gov/reports/ADV/158495/PDF/158495.pdf | https://www.puc.pa.gov/pcdocs/1860507.pdf | https://services.psc.ga.gov/api/v1/External/Public/Get/Document/DownloadFile/225282/106557","FUND-054 matches the same evergreen commercial vehicle, but the repository uses an abbreviated fund name, an unsupported undated $3.3B amount, a narrower strategy and sector description, Global-only geography, and an older generic strategy URL; the corrected row preserves the legacy ID and uses the current commercial name, Form ADV gross asset value and reporting date, and fund-attributed U.S. ownership evidence.","RENAME_OR_CANONICAL_NAME | SIZE_OR_AMOUNT_CHANGE","https://www.cbreim.com/strategies-and-solutions/private-infrastructure-global-direct-private-infrastructure | https://www.cbreim.com/press-releases/cbre-im-awarded-500-million-global-real-estate-mandate-by-wales-pension-partnership | https://www.nbfwm.ca/content/dam/fbngp/microsites/patrimoine-dalpe-et-associes/pdf/rapport-trimestriel/fond-sabius/Sabius%20Q2-25%20Report_EN.pdf | https://reports.adviserinfo.sec.gov/reports/ADV/158495/PDF/158495.pdf | https://www.puc.pa.gov/pcdocs/1860507.pdf | https://services.psc.ga.gov/api/v1/External/Public/Get/Document/DownloadFile/225282/106557"
"UPD-037","UPDATE","CBRE Investment Management","CBRE Investment Management","FUND-054","CBRE GIF","CBRE Global Infrastructure Fund","HIGH","NAMED_FUND","EVERGREEN_ACTIVE","VERIFIED_CURRENT_NA_HOLDING: WANRack, LLC","—","—","strategyUrl","https://www.cbreim.com/strategies-and-solutions/investment/private-infrastructure","https://www.cbreim.com/strategies-and-solutions/private-infrastructure-global-direct-private-infrastructure","FUND-054 matches the same evergreen commercial vehicle, but the repository uses an abbreviated fund name, an unsupported undated $3.3B amount, a narrower strategy and sector description, Global-only geography, and an older generic strategy URL; the corrected row preserves the legacy ID and uses the current commercial name, Form ADV gross asset value and reporting date, and fund-attributed U.S. ownership evidence.","RENAME_OR_CANONICAL_NAME | SIZE_OR_AMOUNT_CHANGE","https://www.cbreim.com/strategies-and-solutions/private-infrastructure-global-direct-private-infrastructure | https://www.cbreim.com/press-releases/cbre-im-awarded-500-million-global-real-estate-mandate-by-wales-pension-partnership | https://www.nbfwm.ca/content/dam/fbngp/microsites/patrimoine-dalpe-et-associes/pdf/rapport-trimestriel/fond-sabius/Sabius%20Q2-25%20Report_EN.pdf | https://reports.adviserinfo.sec.gov/reports/ADV/158495/PDF/158495.pdf | https://www.puc.pa.gov/pcdocs/1860507.pdf | https://services.psc.ga.gov/api/v1/External/Public/Get/Document/DownloadFile/225282/106557"
"UPD-038","UPDATE","Copenhagen Infrastructure Partners","Copenhagen Infrastructure Partners","FUND-056","Copenhagen Infrastructure V (CI V)","Copenhagen Infrastructure V (CI V)","HIGH","NAMED_FUND","CLOSED_ACTIVE","EXPLICIT_NA_MANDATE","—","—","regions","Global","Global | North America","The repository identity and rounded close amount remain supported; North America is added to regions because the official named-fund mandate explicitly includes it.","MATERIAL_FIELD_UPDATE","https://www.cip.com/funds/flagship-funds/ | https://www.cip.com/sustainability-related-disclosures/ci-v-sustainability-related-disclosures/"
"UPD-039","UPDATE","Copenhagen Infrastructure Partners","Copenhagen Infrastructure Partners","FUND-056A","Copenhagen Infrastructure IV (CI IV)","Copenhagen Infrastructure IV (CI IV)","HIGH","NAMED_FUND","CLOSED_ACTIVE","EXPLICIT_NA_MANDATE","—","—","regions","Global","Global | North America","The repository identity and rounded close amount remain supported; North America is added to regions because the official named-fund mandate explicitly includes it.","MATERIAL_FIELD_UPDATE","https://www.cip.com/funds/flagship-funds/ | https://www.cip.com/sustainability-related-disclosures/ci-iv-sustainability-related-disclosures/"
"UPD-040","UPDATE","CPP Investments","CPP Investments","FUND-058","CPP Investments Infrastructure","CPP Investments Infrastructure","MEDIUM","PROGRAM_EXCEPTION","EVERGREEN_ACTIVE","VERIFIED_CURRENT_NA_HOLDING: 407 International Inc. (407 ETR)","—","—","investmentStrategy","Evergreen global direct infrastructure program inside CPP's Real Assets platform, deploying at scale across digital, transport, power/renewables, midstream and environmental-services assets.","Evergreen global direct infrastructure program within CPP Investments' Real Assets platform, investing in essential transportation, digital, utility and social-infrastructure businesses.","FUND-058 matches the documented Infrastructure program and is reconciled exactly once. A correction is proposed because official program and annual-report evidence establish current North American deployment and support separating Infrastructure's transportation, digital, utility and social-infrastructure remit from CPP Investments' separately documented Sustainable Energies program.","MEDIUM_CONFIDENCE | PROGRAM_EXCEPTION","https://www.cppinvestments.com/the-fund/our-investments/real-assets/infrastructure/ | https://www.cppinvestments.com/the-fund/annual-report/"
"UPD-040","UPDATE","CPP Investments","CPP Investments","FUND-058","CPP Investments Infrastructure","CPP Investments Infrastructure","MEDIUM","PROGRAM_EXCEPTION","EVERGREEN_ACTIVE","VERIFIED_CURRENT_NA_HOLDING: 407 International Inc. (407 ETR)","—","—","sectors","Power & ET | Utilities | Digital | Midstream | Transportation | Social Infra","Utilities | Digital | Transportation | Social Infra","FUND-058 matches the documented Infrastructure program and is reconciled exactly once. A correction is proposed because official program and annual-report evidence establish current North American deployment and support separating Infrastructure's transportation, digital, utility and social-infrastructure remit from CPP Investments' separately documented Sustainable Energies program.","MEDIUM_CONFIDENCE | PROGRAM_EXCEPTION","https://www.cppinvestments.com/the-fund/our-investments/real-assets/infrastructure/ | https://www.cppinvestments.com/the-fund/annual-report/"
"UPD-040","UPDATE","CPP Investments","CPP Investments","FUND-058","CPP Investments Infrastructure","CPP Investments Infrastructure","MEDIUM","PROGRAM_EXCEPTION","EVERGREEN_ACTIVE","VERIFIED_CURRENT_NA_HOLDING: 407 International Inc. (407 ETR)","—","—","regions","Global","North America | Global","FUND-058 matches the documented Infrastructure program and is reconciled exactly once. A correction is proposed because official program and annual-report evidence establish current North American deployment and support separating Infrastructure's transportation, digital, utility and social-infrastructure remit from CPP Investments' separately documented Sustainable Energies program.","MEDIUM_CONFIDENCE | PROGRAM_EXCEPTION","https://www.cppinvestments.com/the-fund/our-investments/real-assets/infrastructure/ | https://www.cppinvestments.com/the-fund/annual-report/"
"UPD-041","UPDATE","CVC","CVC DIF","FUND-059","DIF CIF III","DIF CIF III","HIGH","NAMED_FUND","CLOSED_ACTIVE","EXPLICIT_NA_MANDATE","—","—","size","€1.6B","€1.6B final close","The commercial vehicle matches FUND-059. The official source supports a €1.6 billion final close, while the repository omits amount semantics and native-currency fields and contains an unsupported converted USD amount. Current fund-attributed U.S. deployment evidence was also added.","SIZE_OR_AMOUNT_CHANGE","https://www.cvcdif.com/news-insights/dif-capital-partners-raises-eur-68-billion-for-its-latest-infrastructure-funds | https://www.cvcdif.com/portfolio"
"UPD-041","UPDATE","CVC","CVC DIF","FUND-059","DIF CIF III","DIF CIF III","HIGH","NAMED_FUND","CLOSED_ACTIVE","EXPLICIT_NA_MANDATE","—","—","sizeUsdMm","1760","—","The commercial vehicle matches FUND-059. The official source supports a €1.6 billion final close, while the repository omits amount semantics and native-currency fields and contains an unsupported converted USD amount. Current fund-attributed U.S. deployment evidence was also added.","SIZE_OR_AMOUNT_CHANGE","https://www.cvcdif.com/news-insights/dif-capital-partners-raises-eur-68-billion-for-its-latest-infrastructure-funds | https://www.cvcdif.com/portfolio"
"UPD-041","UPDATE","CVC","CVC DIF","FUND-059","DIF CIF III","DIF CIF III","HIGH","NAMED_FUND","CLOSED_ACTIVE","EXPLICIT_NA_MANDATE","—","—","sizeNativeCurrency","—","EUR","The commercial vehicle matches FUND-059. The official source supports a €1.6 billion final close, while the repository omits amount semantics and native-currency fields and contains an unsupported converted USD amount. Current fund-attributed U.S. deployment evidence was also added.","SIZE_OR_AMOUNT_CHANGE","https://www.cvcdif.com/news-insights/dif-capital-partners-raises-eur-68-billion-for-its-latest-infrastructure-funds | https://www.cvcdif.com/portfolio"
"UPD-041","UPDATE","CVC","CVC DIF","FUND-059","DIF CIF III","DIF CIF III","HIGH","NAMED_FUND","CLOSED_ACTIVE","EXPLICIT_NA_MANDATE","—","—","sizeNativeAmount","—","1600000000","The commercial vehicle matches FUND-059. The official source supports a €1.6 billion final close, while the repository omits amount semantics and native-currency fields and contains an unsupported converted USD amount. Current fund-attributed U.S. deployment evidence was also added.","SIZE_OR_AMOUNT_CHANGE","https://www.cvcdif.com/news-insights/dif-capital-partners-raises-eur-68-billion-for-its-latest-infrastructure-funds | https://www.cvcdif.com/portfolio"
"UPD-041","UPDATE","CVC","CVC DIF","FUND-059","DIF CIF III","DIF CIF III","HIGH","NAMED_FUND","CLOSED_ACTIVE","EXPLICIT_NA_MANDATE","—","—","sizeBasis","—","FINAL_CLOSE","The commercial vehicle matches FUND-059. The official source supports a €1.6 billion final close, while the repository omits amount semantics and native-currency fields and contains an unsupported converted USD amount. Current fund-attributed U.S. deployment evidence was also added.","SIZE_OR_AMOUNT_CHANGE","https://www.cvcdif.com/news-insights/dif-capital-partners-raises-eur-68-billion-for-its-latest-infrastructure-funds | https://www.cvcdif.com/portfolio"
"UPD-041","UPDATE","CVC","CVC DIF","FUND-059","DIF CIF III","DIF CIF III","HIGH","NAMED_FUND","CLOSED_ACTIVE","EXPLICIT_NA_MANDATE","—","—","sizeAsOf","—","2026-07-29","The commercial vehicle matches FUND-059. The official source supports a €1.6 billion final close, while the repository omits amount semantics and native-currency fields and contains an unsupported converted USD amount. Current fund-attributed U.S. deployment evidence was also added.","SIZE_OR_AMOUNT_CHANGE","https://www.cvcdif.com/news-insights/dif-capital-partners-raises-eur-68-billion-for-its-latest-infrastructure-funds | https://www.cvcdif.com/portfolio"
"UPD-041","UPDATE","CVC","CVC DIF","FUND-059","DIF CIF III","DIF CIF III","HIGH","NAMED_FUND","CLOSED_ACTIVE","EXPLICIT_NA_MANDATE","—","—","sourceUrls","https://www.cvcdif.com/news-insights/dif-capital-partners-raises-eur-68-billion-for-its-latest-infrastructure-funds","https://www.cvcdif.com/news-insights/dif-capital-partners-raises-eur-68-billion-for-its-latest-infrastructure-funds | https://www.cvcdif.com/ | https://www.cvcdif.com/portfolio","The commercial vehicle matches FUND-059. The official source supports a €1.6 billion final close, while the repository omits amount semantics and native-currency fields and contains an unsupported converted USD amount. Current fund-attributed U.S. deployment evidence was also added.","SIZE_OR_AMOUNT_CHANGE","https://www.cvcdif.com/news-insights/dif-capital-partners-raises-eur-68-billion-for-its-latest-infrastructure-funds | https://www.cvcdif.com/portfolio"
"UPD-042","UPDATE","CVC","CVC DIF","FUND-059A","DIF CIF II","DIF CIF II","HIGH","NAMED_FUND","CLOSED_ACTIVE","EXPLICIT_NA_MANDATE","—","—","size","€1.0B","€1.0B final close","The commercial vehicle matches FUND-059A. The repository amount is correctly directional but lacks final-close semantics and native-currency fields, and its USD value is not supported by a source-stated equivalent or an explicit FX rate and date. Fund-specific strategy and current-holding evidence were added.","SIZE_OR_AMOUNT_CHANGE","https://www.cvcdif.com/about-us | https://www.cvcdif.com/ | https://www.cvcdif.com/portfolio"
"UPD-042","UPDATE","CVC","CVC DIF","FUND-059A","DIF CIF II","DIF CIF II","HIGH","NAMED_FUND","CLOSED_ACTIVE","EXPLICIT_NA_MANDATE","—","—","sizeUsdMm","1100","—","The commercial vehicle matches FUND-059A. The repository amount is correctly directional but lacks final-close semantics and native-currency fields, and its USD value is not supported by a source-stated equivalent or an explicit FX rate and date. Fund-specific strategy and current-holding evidence were added.","SIZE_OR_AMOUNT_CHANGE","https://www.cvcdif.com/about-us | https://www.cvcdif.com/ | https://www.cvcdif.com/portfolio"
"UPD-042","UPDATE","CVC","CVC DIF","FUND-059A","DIF CIF II","DIF CIF II","HIGH","NAMED_FUND","CLOSED_ACTIVE","EXPLICIT_NA_MANDATE","—","—","sizeNativeCurrency","—","EUR","The commercial vehicle matches FUND-059A. The repository amount is correctly directional but lacks final-close semantics and native-currency fields, and its USD value is not supported by a source-stated equivalent or an explicit FX rate and date. Fund-specific strategy and current-holding evidence were added.","SIZE_OR_AMOUNT_CHANGE","https://www.cvcdif.com/about-us | https://www.cvcdif.com/ | https://www.cvcdif.com/portfolio"
"UPD-042","UPDATE","CVC","CVC DIF","FUND-059A","DIF CIF II","DIF CIF II","HIGH","NAMED_FUND","CLOSED_ACTIVE","EXPLICIT_NA_MANDATE","—","—","sizeNativeAmount","—","1000000000","The commercial vehicle matches FUND-059A. The repository amount is correctly directional but lacks final-close semantics and native-currency fields, and its USD value is not supported by a source-stated equivalent or an explicit FX rate and date. Fund-specific strategy and current-holding evidence were added.","SIZE_OR_AMOUNT_CHANGE","https://www.cvcdif.com/about-us | https://www.cvcdif.com/ | https://www.cvcdif.com/portfolio"
"UPD-042","UPDATE","CVC","CVC DIF","FUND-059A","DIF CIF II","DIF CIF II","HIGH","NAMED_FUND","CLOSED_ACTIVE","EXPLICIT_NA_MANDATE","—","—","sizeBasis","—","FINAL_CLOSE","The commercial vehicle matches FUND-059A. The repository amount is correctly directional but lacks final-close semantics and native-currency fields, and its USD value is not supported by a source-stated equivalent or an explicit FX rate and date. Fund-specific strategy and current-holding evidence were added.","SIZE_OR_AMOUNT_CHANGE","https://www.cvcdif.com/about-us | https://www.cvcdif.com/ | https://www.cvcdif.com/portfolio"
"UPD-042","UPDATE","CVC","CVC DIF","FUND-059A","DIF CIF II","DIF CIF II","HIGH","NAMED_FUND","CLOSED_ACTIVE","EXPLICIT_NA_MANDATE","—","—","sizeAsOf","—","2026-07-29","The commercial vehicle matches FUND-059A. The repository amount is correctly directional but lacks final-close semantics and native-currency fields, and its USD value is not supported by a source-stated equivalent or an explicit FX rate and date. Fund-specific strategy and current-holding evidence were added.","SIZE_OR_AMOUNT_CHANGE","https://www.cvcdif.com/about-us | https://www.cvcdif.com/ | https://www.cvcdif.com/portfolio"
"UPD-042","UPDATE","CVC","CVC DIF","FUND-059A","DIF CIF II","DIF CIF II","HIGH","NAMED_FUND","CLOSED_ACTIVE","EXPLICIT_NA_MANDATE","—","—","sourceUrls","https://www.cvcdif.com/about-us","https://www.cvcdif.com/about-us | https://www.cvcdif.com/ | https://www.cvcdif.com/portfolio","The commercial vehicle matches FUND-059A. The repository amount is correctly directional but lacks final-close semantics and native-currency fields, and its USD value is not supported by a source-stated equivalent or an explicit FX rate and date. Fund-specific strategy and current-holding evidence were added.","SIZE_OR_AMOUNT_CHANGE","https://www.cvcdif.com/about-us | https://www.cvcdif.com/ | https://www.cvcdif.com/portfolio"
"UPD-043","UPDATE","CVC","CVC DIF","FUND-059B","DIF Infrastructure IV","DIF Infrastructure IV","HIGH","NAMED_FUND","CLOSED_ACTIVE","EXPLICIT_NA_MANDATE","—","—","size","€1.15B","€1.15B final close","The commercial vehicle matches FUND-059B. The repository amount requires classification as a final close, native EUR fields, a dated amount record, and removal of the unsupported converted USD amount. Current portfolio evidence was added to support the older fund's active lifecycle.","SIZE_OR_AMOUNT_CHANGE","https://www.cvcdif.com/about-us | https://www.cvcdif.com/ | https://www.cvcdif.com/portfolio"
"UPD-043","UPDATE","CVC","CVC DIF","FUND-059B","DIF Infrastructure IV","DIF Infrastructure IV","HIGH","NAMED_FUND","CLOSED_ACTIVE","EXPLICIT_NA_MANDATE","—","—","sizeUsdMm","1265","—","The commercial vehicle matches FUND-059B. The repository amount requires classification as a final close, native EUR fields, a dated amount record, and removal of the unsupported converted USD amount. Current portfolio evidence was added to support the older fund's active lifecycle.","SIZE_OR_AMOUNT_CHANGE","https://www.cvcdif.com/about-us | https://www.cvcdif.com/ | https://www.cvcdif.com/portfolio"
"UPD-043","UPDATE","CVC","CVC DIF","FUND-059B","DIF Infrastructure IV","DIF Infrastructure IV","HIGH","NAMED_FUND","CLOSED_ACTIVE","EXPLICIT_NA_MANDATE","—","—","sizeNativeCurrency","—","EUR","The commercial vehicle matches FUND-059B. The repository amount requires classification as a final close, native EUR fields, a dated amount record, and removal of the unsupported converted USD amount. Current portfolio evidence was added to support the older fund's active lifecycle.","SIZE_OR_AMOUNT_CHANGE","https://www.cvcdif.com/about-us | https://www.cvcdif.com/ | https://www.cvcdif.com/portfolio"
"UPD-043","UPDATE","CVC","CVC DIF","FUND-059B","DIF Infrastructure IV","DIF Infrastructure IV","HIGH","NAMED_FUND","CLOSED_ACTIVE","EXPLICIT_NA_MANDATE","—","—","sizeNativeAmount","—","1150000000","The commercial vehicle matches FUND-059B. The repository amount requires classification as a final close, native EUR fields, a dated amount record, and removal of the unsupported converted USD amount. Current portfolio evidence was added to support the older fund's active lifecycle.","SIZE_OR_AMOUNT_CHANGE","https://www.cvcdif.com/about-us | https://www.cvcdif.com/ | https://www.cvcdif.com/portfolio"
"UPD-043","UPDATE","CVC","CVC DIF","FUND-059B","DIF Infrastructure IV","DIF Infrastructure IV","HIGH","NAMED_FUND","CLOSED_ACTIVE","EXPLICIT_NA_MANDATE","—","—","sizeBasis","—","FINAL_CLOSE","The commercial vehicle matches FUND-059B. The repository amount requires classification as a final close, native EUR fields, a dated amount record, and removal of the unsupported converted USD amount. Current portfolio evidence was added to support the older fund's active lifecycle.","SIZE_OR_AMOUNT_CHANGE","https://www.cvcdif.com/about-us | https://www.cvcdif.com/ | https://www.cvcdif.com/portfolio"
"UPD-043","UPDATE","CVC","CVC DIF","FUND-059B","DIF Infrastructure IV","DIF Infrastructure IV","HIGH","NAMED_FUND","CLOSED_ACTIVE","EXPLICIT_NA_MANDATE","—","—","sizeAsOf","—","2026-07-29","The commercial vehicle matches FUND-059B. The repository amount requires classification as a final close, native EUR fields, a dated amount record, and removal of the unsupported converted USD amount. Current portfolio evidence was added to support the older fund's active lifecycle.","SIZE_OR_AMOUNT_CHANGE","https://www.cvcdif.com/about-us | https://www.cvcdif.com/ | https://www.cvcdif.com/portfolio"
"UPD-043","UPDATE","CVC","CVC DIF","FUND-059B","DIF Infrastructure IV","DIF Infrastructure IV","HIGH","NAMED_FUND","CLOSED_ACTIVE","EXPLICIT_NA_MANDATE","—","—","sourceUrls","https://www.cvcdif.com/about-us","https://www.cvcdif.com/about-us | https://www.cvcdif.com/ | https://www.cvcdif.com/portfolio","The commercial vehicle matches FUND-059B. The repository amount requires classification as a final close, native EUR fields, a dated amount record, and removal of the unsupported converted USD amount. Current portfolio evidence was added to support the older fund's active lifecycle.","SIZE_OR_AMOUNT_CHANGE","https://www.cvcdif.com/about-us | https://www.cvcdif.com/ | https://www.cvcdif.com/portfolio"
"UPD-044","UPDATE","CVC","CVC DIF","FUND-059C","DIF Infrastructure V","DIF Infrastructure V","HIGH","NAMED_FUND","CLOSED_ACTIVE","EXPLICIT_NA_MANDATE","—","—","size","€1.9B","€1.9B final close","The commercial vehicle matches FUND-059C. The fund size is supported as a €1.9 billion final close, but the repository lacks amount semantics, native-currency fields, and a size date and includes an unsupported USD conversion. Current-lifecycle evidence was added.","SIZE_OR_AMOUNT_CHANGE","https://www.cvcdif.com/about-us | https://www.cvcdif.com/ | https://www.cvcdif.com/portfolio"
"UPD-044","UPDATE","CVC","CVC DIF","FUND-059C","DIF Infrastructure V","DIF Infrastructure V","HIGH","NAMED_FUND","CLOSED_ACTIVE","EXPLICIT_NA_MANDATE","—","—","sizeUsdMm","2090","—","The commercial vehicle matches FUND-059C. The fund size is supported as a €1.9 billion final close, but the repository lacks amount semantics, native-currency fields, and a size date and includes an unsupported USD conversion. Current-lifecycle evidence was added.","SIZE_OR_AMOUNT_CHANGE","https://www.cvcdif.com/about-us | https://www.cvcdif.com/ | https://www.cvcdif.com/portfolio"
"UPD-044","UPDATE","CVC","CVC DIF","FUND-059C","DIF Infrastructure V","DIF Infrastructure V","HIGH","NAMED_FUND","CLOSED_ACTIVE","EXPLICIT_NA_MANDATE","—","—","sizeNativeCurrency","—","EUR","The commercial vehicle matches FUND-059C. The fund size is supported as a €1.9 billion final close, but the repository lacks amount semantics, native-currency fields, and a size date and includes an unsupported USD conversion. Current-lifecycle evidence was added.","SIZE_OR_AMOUNT_CHANGE","https://www.cvcdif.com/about-us | https://www.cvcdif.com/ | https://www.cvcdif.com/portfolio"
"UPD-044","UPDATE","CVC","CVC DIF","FUND-059C","DIF Infrastructure V","DIF Infrastructure V","HIGH","NAMED_FUND","CLOSED_ACTIVE","EXPLICIT_NA_MANDATE","—","—","sizeNativeAmount","—","1900000000","The commercial vehicle matches FUND-059C. The fund size is supported as a €1.9 billion final close, but the repository lacks amount semantics, native-currency fields, and a size date and includes an unsupported USD conversion. Current-lifecycle evidence was added.","SIZE_OR_AMOUNT_CHANGE","https://www.cvcdif.com/about-us | https://www.cvcdif.com/ | https://www.cvcdif.com/portfolio"
"UPD-044","UPDATE","CVC","CVC DIF","FUND-059C","DIF Infrastructure V","DIF Infrastructure V","HIGH","NAMED_FUND","CLOSED_ACTIVE","EXPLICIT_NA_MANDATE","—","—","sizeBasis","—","FINAL_CLOSE","The commercial vehicle matches FUND-059C. The fund size is supported as a €1.9 billion final close, but the repository lacks amount semantics, native-currency fields, and a size date and includes an unsupported USD conversion. Current-lifecycle evidence was added.","SIZE_OR_AMOUNT_CHANGE","https://www.cvcdif.com/about-us | https://www.cvcdif.com/ | https://www.cvcdif.com/portfolio"
"UPD-044","UPDATE","CVC","CVC DIF","FUND-059C","DIF Infrastructure V","DIF Infrastructure V","HIGH","NAMED_FUND","CLOSED_ACTIVE","EXPLICIT_NA_MANDATE","—","—","sizeAsOf","—","2026-07-29","The commercial vehicle matches FUND-059C. The fund size is supported as a €1.9 billion final close, but the repository lacks amount semantics, native-currency fields, and a size date and includes an unsupported USD conversion. Current-lifecycle evidence was added.","SIZE_OR_AMOUNT_CHANGE","https://www.cvcdif.com/about-us | https://www.cvcdif.com/ | https://www.cvcdif.com/portfolio"
"UPD-044","UPDATE","CVC","CVC DIF","FUND-059C","DIF Infrastructure V","DIF Infrastructure V","HIGH","NAMED_FUND","CLOSED_ACTIVE","EXPLICIT_NA_MANDATE","—","—","sourceUrls","https://www.cvcdif.com/about-us","https://www.cvcdif.com/about-us | https://www.cvcdif.com/ | https://www.cvcdif.com/portfolio","The commercial vehicle matches FUND-059C. The fund size is supported as a €1.9 billion final close, but the repository lacks amount semantics, native-currency fields, and a size date and includes an unsupported USD conversion. Current-lifecycle evidence was added.","SIZE_OR_AMOUNT_CHANGE","https://www.cvcdif.com/about-us | https://www.cvcdif.com/ | https://www.cvcdif.com/portfolio"
"UPD-045","UPDATE","CVC","CVC DIF","FUND-059D","DIF Infrastructure VI","DIF Infrastructure VI","HIGH","NAMED_FUND","CLOSED_ACTIVE","EXPLICIT_NA_MANDATE","—","—","size","€3.0B","€3.0B final close","The commercial vehicle matches FUND-059D. The repository size must be classified as a €3.0 billion final close with native EUR fields and a size date; the unsupported converted USD amount is removed. Current U.S. holdings provide additional lifecycle corroboration.","SIZE_OR_AMOUNT_CHANGE","https://www.cvcdif.com/about-us | https://www.cvcdif.com/ | https://www.cvcdif.com/portfolio"
"UPD-045","UPDATE","CVC","CVC DIF","FUND-059D","DIF Infrastructure VI","DIF Infrastructure VI","HIGH","NAMED_FUND","CLOSED_ACTIVE","EXPLICIT_NA_MANDATE","—","—","sizeUsdMm","3300","—","The commercial vehicle matches FUND-059D. The repository size must be classified as a €3.0 billion final close with native EUR fields and a size date; the unsupported converted USD amount is removed. Current U.S. holdings provide additional lifecycle corroboration.","SIZE_OR_AMOUNT_CHANGE","https://www.cvcdif.com/about-us | https://www.cvcdif.com/ | https://www.cvcdif.com/portfolio"
"UPD-045","UPDATE","CVC","CVC DIF","FUND-059D","DIF Infrastructure VI","DIF Infrastructure VI","HIGH","NAMED_FUND","CLOSED_ACTIVE","EXPLICIT_NA_MANDATE","—","—","sizeNativeCurrency","—","EUR","The commercial vehicle matches FUND-059D. The repository size must be classified as a €3.0 billion final close with native EUR fields and a size date; the unsupported converted USD amount is removed. Current U.S. holdings provide additional lifecycle corroboration.","SIZE_OR_AMOUNT_CHANGE","https://www.cvcdif.com/about-us | https://www.cvcdif.com/ | https://www.cvcdif.com/portfolio"
"UPD-045","UPDATE","CVC","CVC DIF","FUND-059D","DIF Infrastructure VI","DIF Infrastructure VI","HIGH","NAMED_FUND","CLOSED_ACTIVE","EXPLICIT_NA_MANDATE","—","—","sizeNativeAmount","—","3000000000","The commercial vehicle matches FUND-059D. The repository size must be classified as a €3.0 billion final close with native EUR fields and a size date; the unsupported converted USD amount is removed. Current U.S. holdings provide additional lifecycle corroboration.","SIZE_OR_AMOUNT_CHANGE","https://www.cvcdif.com/about-us | https://www.cvcdif.com/ | https://www.cvcdif.com/portfolio"
"UPD-045","UPDATE","CVC","CVC DIF","FUND-059D","DIF Infrastructure VI","DIF Infrastructure VI","HIGH","NAMED_FUND","CLOSED_ACTIVE","EXPLICIT_NA_MANDATE","—","—","sizeBasis","—","FINAL_CLOSE","The commercial vehicle matches FUND-059D. The repository size must be classified as a €3.0 billion final close with native EUR fields and a size date; the unsupported converted USD amount is removed. Current U.S. holdings provide additional lifecycle corroboration.","SIZE_OR_AMOUNT_CHANGE","https://www.cvcdif.com/about-us | https://www.cvcdif.com/ | https://www.cvcdif.com/portfolio"
"UPD-045","UPDATE","CVC","CVC DIF","FUND-059D","DIF Infrastructure VI","DIF Infrastructure VI","HIGH","NAMED_FUND","CLOSED_ACTIVE","EXPLICIT_NA_MANDATE","—","—","sizeAsOf","—","2026-07-29","The commercial vehicle matches FUND-059D. The repository size must be classified as a €3.0 billion final close with native EUR fields and a size date; the unsupported converted USD amount is removed. Current U.S. holdings provide additional lifecycle corroboration.","SIZE_OR_AMOUNT_CHANGE","https://www.cvcdif.com/about-us | https://www.cvcdif.com/ | https://www.cvcdif.com/portfolio"
"UPD-045","UPDATE","CVC","CVC DIF","FUND-059D","DIF Infrastructure VI","DIF Infrastructure VI","HIGH","NAMED_FUND","CLOSED_ACTIVE","EXPLICIT_NA_MANDATE","—","—","sourceUrls","https://www.cvcdif.com/about-us","https://www.cvcdif.com/about-us | https://www.cvcdif.com/ | https://www.cvcdif.com/portfolio","The commercial vehicle matches FUND-059D. The repository size must be classified as a €3.0 billion final close with native EUR fields and a size date; the unsupported converted USD amount is removed. Current U.S. holdings provide additional lifecycle corroboration.","SIZE_OR_AMOUNT_CHANGE","https://www.cvcdif.com/about-us | https://www.cvcdif.com/ | https://www.cvcdif.com/portfolio"
"UPD-046","UPDATE","CVC","CVC DIF","FUND-060","DIF Infrastructure VII","DIF Infrastructure VII","HIGH","NAMED_FUND","CLOSED_ACTIVE","EXPLICIT_NA_MANDATE","—","—","size","€4.4B","€4.4B final close","The commercial vehicle matches FUND-060. Its supported fund size is the €4.4 billion final close, not the announcement's larger aggregate amount. Native-currency semantics and a size date are added, and the unsupported repository USD conversion is removed.","SIZE_OR_AMOUNT_CHANGE","https://www.cvcdif.com/news-insights/dif-capital-partners-raises-eur-68-billion-for-its-latest-infrastructure-funds | https://www.cvcdif.com/portfolio"
"UPD-046","UPDATE","CVC","CVC DIF","FUND-060","DIF Infrastructure VII","DIF Infrastructure VII","HIGH","NAMED_FUND","CLOSED_ACTIVE","EXPLICIT_NA_MANDATE","—","—","sizeUsdMm","4840","—","The commercial vehicle matches FUND-060. Its supported fund size is the €4.4 billion final close, not the announcement's larger aggregate amount. Native-currency semantics and a size date are added, and the unsupported repository USD conversion is removed.","SIZE_OR_AMOUNT_CHANGE","https://www.cvcdif.com/news-insights/dif-capital-partners-raises-eur-68-billion-for-its-latest-infrastructure-funds | https://www.cvcdif.com/portfolio"
"UPD-046","UPDATE","CVC","CVC DIF","FUND-060","DIF Infrastructure VII","DIF Infrastructure VII","HIGH","NAMED_FUND","CLOSED_ACTIVE","EXPLICIT_NA_MANDATE","—","—","sizeNativeCurrency","—","EUR","The commercial vehicle matches FUND-060. Its supported fund size is the €4.4 billion final close, not the announcement's larger aggregate amount. Native-currency semantics and a size date are added, and the unsupported repository USD conversion is removed.","SIZE_OR_AMOUNT_CHANGE","https://www.cvcdif.com/news-insights/dif-capital-partners-raises-eur-68-billion-for-its-latest-infrastructure-funds | https://www.cvcdif.com/portfolio"
"UPD-046","UPDATE","CVC","CVC DIF","FUND-060","DIF Infrastructure VII","DIF Infrastructure VII","HIGH","NAMED_FUND","CLOSED_ACTIVE","EXPLICIT_NA_MANDATE","—","—","sizeNativeAmount","—","4400000000","The commercial vehicle matches FUND-060. Its supported fund size is the €4.4 billion final close, not the announcement's larger aggregate amount. Native-currency semantics and a size date are added, and the unsupported repository USD conversion is removed.","SIZE_OR_AMOUNT_CHANGE","https://www.cvcdif.com/news-insights/dif-capital-partners-raises-eur-68-billion-for-its-latest-infrastructure-funds | https://www.cvcdif.com/portfolio"
"UPD-046","UPDATE","CVC","CVC DIF","FUND-060","DIF Infrastructure VII","DIF Infrastructure VII","HIGH","NAMED_FUND","CLOSED_ACTIVE","EXPLICIT_NA_MANDATE","—","—","sizeBasis","—","FINAL_CLOSE","The commercial vehicle matches FUND-060. Its supported fund size is the €4.4 billion final close, not the announcement's larger aggregate amount. Native-currency semantics and a size date are added, and the unsupported repository USD conversion is removed.","SIZE_OR_AMOUNT_CHANGE","https://www.cvcdif.com/news-insights/dif-capital-partners-raises-eur-68-billion-for-its-latest-infrastructure-funds | https://www.cvcdif.com/portfolio"
"UPD-046","UPDATE","CVC","CVC DIF","FUND-060","DIF Infrastructure VII","DIF Infrastructure VII","HIGH","NAMED_FUND","CLOSED_ACTIVE","EXPLICIT_NA_MANDATE","—","—","sizeAsOf","—","2026-07-29","The commercial vehicle matches FUND-060. Its supported fund size is the €4.4 billion final close, not the announcement's larger aggregate amount. Native-currency semantics and a size date are added, and the unsupported repository USD conversion is removed.","SIZE_OR_AMOUNT_CHANGE","https://www.cvcdif.com/news-insights/dif-capital-partners-raises-eur-68-billion-for-its-latest-infrastructure-funds | https://www.cvcdif.com/portfolio"
"UPD-046","UPDATE","CVC","CVC DIF","FUND-060","DIF Infrastructure VII","DIF Infrastructure VII","HIGH","NAMED_FUND","CLOSED_ACTIVE","EXPLICIT_NA_MANDATE","—","—","sourceUrls","https://www.cvcdif.com/news-insights/dif-capital-partners-raises-eur-68-billion-for-its-latest-infrastructure-funds","https://www.cvcdif.com/news-insights/dif-capital-partners-raises-eur-68-billion-for-its-latest-infrastructure-funds | https://www.cvcdif.com/ | https://www.cvcdif.com/portfolio","The commercial vehicle matches FUND-060. Its supported fund size is the €4.4 billion final close, not the announcement's larger aggregate amount. Native-currency semantics and a size date are added, and the unsupported repository USD conversion is removed.","SIZE_OR_AMOUNT_CHANGE","https://www.cvcdif.com/news-insights/dif-capital-partners-raises-eur-68-billion-for-its-latest-infrastructure-funds | https://www.cvcdif.com/portfolio"
"UPD-047","UPDATE","CVC","CVC DIF","FUND-061","DIF Infrastructure VIII","DIF Infrastructure VIII","HIGH","NAMED_FUND","RAISING","EXPLICIT_NA_MANDATE","—","—","size","[€6.0B]","€6.0B target","The commercial vehicle matches FUND-061. The €6.0 billion figure is a target, not a final close or demonstrated commitments amount. Native EUR fields and a target date are added, the unsupported converted USD amount is removed, and the current SBA Canada attribution is added.","SIZE_OR_AMOUNT_CHANGE","https://www.pa.gov/content/dam/copapwp-pagov/en/psers/documents/board3/resolutions/2025/2025-58%20pserb%20resolution%20dif%20infrastructure%20fund%20viii%20scsp.pdf | https://nj.gov/njbonds/treasury/doinvest/pdf/AlternativeInvestments/RealAsset/DIF_Infrastructure_VIII_SCSp.pdf | https://www.cvc.com/media/news/2026/full-year-2025-activity-update/ | https://www.cvcdif.com/portfolio"
"UPD-047","UPDATE","CVC","CVC DIF","FUND-061","DIF Infrastructure VIII","DIF Infrastructure VIII","HIGH","NAMED_FUND","RAISING","EXPLICIT_NA_MANDATE","—","—","sizeUsdMm","6600","—","The commercial vehicle matches FUND-061. The €6.0 billion figure is a target, not a final close or demonstrated commitments amount. Native EUR fields and a target date are added, the unsupported converted USD amount is removed, and the current SBA Canada attribution is added.","SIZE_OR_AMOUNT_CHANGE","https://www.pa.gov/content/dam/copapwp-pagov/en/psers/documents/board3/resolutions/2025/2025-58%20pserb%20resolution%20dif%20infrastructure%20fund%20viii%20scsp.pdf | https://nj.gov/njbonds/treasury/doinvest/pdf/AlternativeInvestments/RealAsset/DIF_Infrastructure_VIII_SCSp.pdf | https://www.cvc.com/media/news/2026/full-year-2025-activity-update/ | https://www.cvcdif.com/portfolio"
"UPD-047","UPDATE","CVC","CVC DIF","FUND-061","DIF Infrastructure VIII","DIF Infrastructure VIII","HIGH","NAMED_FUND","RAISING","EXPLICIT_NA_MANDATE","—","—","sizeNativeCurrency","—","EUR","The commercial vehicle matches FUND-061. The €6.0 billion figure is a target, not a final close or demonstrated commitments amount. Native EUR fields and a target date are added, the unsupported converted USD amount is removed, and the current SBA Canada attribution is added.","SIZE_OR_AMOUNT_CHANGE","https://www.pa.gov/content/dam/copapwp-pagov/en/psers/documents/board3/resolutions/2025/2025-58%20pserb%20resolution%20dif%20infrastructure%20fund%20viii%20scsp.pdf | https://nj.gov/njbonds/treasury/doinvest/pdf/AlternativeInvestments/RealAsset/DIF_Infrastructure_VIII_SCSp.pdf | https://www.cvc.com/media/news/2026/full-year-2025-activity-update/ | https://www.cvcdif.com/portfolio"
"UPD-047","UPDATE","CVC","CVC DIF","FUND-061","DIF Infrastructure VIII","DIF Infrastructure VIII","HIGH","NAMED_FUND","RAISING","EXPLICIT_NA_MANDATE","—","—","sizeNativeAmount","—","6000000000","The commercial vehicle matches FUND-061. The €6.0 billion figure is a target, not a final close or demonstrated commitments amount. Native EUR fields and a target date are added, the unsupported converted USD amount is removed, and the current SBA Canada attribution is added.","SIZE_OR_AMOUNT_CHANGE","https://www.pa.gov/content/dam/copapwp-pagov/en/psers/documents/board3/resolutions/2025/2025-58%20pserb%20resolution%20dif%20infrastructure%20fund%20viii%20scsp.pdf | https://nj.gov/njbonds/treasury/doinvest/pdf/AlternativeInvestments/RealAsset/DIF_Infrastructure_VIII_SCSp.pdf | https://www.cvc.com/media/news/2026/full-year-2025-activity-update/ | https://www.cvcdif.com/portfolio"
"UPD-047","UPDATE","CVC","CVC DIF","FUND-061","DIF Infrastructure VIII","DIF Infrastructure VIII","HIGH","NAMED_FUND","RAISING","EXPLICIT_NA_MANDATE","—","—","sizeBasis","—","TARGET","The commercial vehicle matches FUND-061. The €6.0 billion figure is a target, not a final close or demonstrated commitments amount. Native EUR fields and a target date are added, the unsupported converted USD amount is removed, and the current SBA Canada attribution is added.","SIZE_OR_AMOUNT_CHANGE","https://www.pa.gov/content/dam/copapwp-pagov/en/psers/documents/board3/resolutions/2025/2025-58%20pserb%20resolution%20dif%20infrastructure%20fund%20viii%20scsp.pdf | https://nj.gov/njbonds/treasury/doinvest/pdf/AlternativeInvestments/RealAsset/DIF_Infrastructure_VIII_SCSp.pdf | https://www.cvc.com/media/news/2026/full-year-2025-activity-update/ | https://www.cvcdif.com/portfolio"
"UPD-047","UPDATE","CVC","CVC DIF","FUND-061","DIF Infrastructure VIII","DIF Infrastructure VIII","HIGH","NAMED_FUND","RAISING","EXPLICIT_NA_MANDATE","—","—","sizeAsOf","—","2026-07-29","The commercial vehicle matches FUND-061. The €6.0 billion figure is a target, not a final close or demonstrated commitments amount. Native EUR fields and a target date are added, the unsupported converted USD amount is removed, and the current SBA Canada attribution is added.","SIZE_OR_AMOUNT_CHANGE","https://www.pa.gov/content/dam/copapwp-pagov/en/psers/documents/board3/resolutions/2025/2025-58%20pserb%20resolution%20dif%20infrastructure%20fund%20viii%20scsp.pdf | https://nj.gov/njbonds/treasury/doinvest/pdf/AlternativeInvestments/RealAsset/DIF_Infrastructure_VIII_SCSp.pdf | https://www.cvc.com/media/news/2026/full-year-2025-activity-update/ | https://www.cvcdif.com/portfolio"
"UPD-047","UPDATE","CVC","CVC DIF","FUND-061","DIF Infrastructure VIII","DIF Infrastructure VIII","HIGH","NAMED_FUND","RAISING","EXPLICIT_NA_MANDATE","—","—","sourceUrls","https://www.pa.gov/content/dam/copapwp-pagov/en/psers/documents/board3/resolutions/2025/2025-58%20pserb%20resolution%20dif%20infrastructure%20fund%20viii%20scsp.pdf | https://nj.gov/njbonds/treasury/doinvest/pdf/AlternativeInvestments/RealAsset/DIF_Infrastructure_VIII_SCSp.pdf | https://www.cvc.com/media/news/2026/full-year-2025-activity-update/","https://www.pa.gov/content/dam/copapwp-pagov/en/psers/documents/board3/resolutions/2025/2025-58%20pserb%20resolution%20dif%20infrastructure%20fund%20viii%20scsp.pdf | https://nj.gov/njbonds/treasury/doinvest/pdf/AlternativeInvestments/RealAsset/DIF_Infrastructure_VIII_SCSp.pdf | https://www.cvc.com/media/news/2026/full-year-2025-activity-update/ | https://www.cvcdif.com/portfolio","The commercial vehicle matches FUND-061. The €6.0 billion figure is a target, not a final close or demonstrated commitments amount. Native EUR fields and a target date are added, the unsupported converted USD amount is removed, and the current SBA Canada attribution is added.","SIZE_OR_AMOUNT_CHANGE","https://www.pa.gov/content/dam/copapwp-pagov/en/psers/documents/board3/resolutions/2025/2025-58%20pserb%20resolution%20dif%20infrastructure%20fund%20viii%20scsp.pdf | https://nj.gov/njbonds/treasury/doinvest/pdf/AlternativeInvestments/RealAsset/DIF_Infrastructure_VIII_SCSp.pdf | https://www.cvc.com/media/news/2026/full-year-2025-activity-update/ | https://www.cvcdif.com/portfolio"
"UPD-048","UPDATE","CVC","CVC DIF","FUND-062","CVC DIF Value-Add IV","CVC DIF Value-Add IV","HIGH","NAMED_FUND","RAISING","EXPLICIT_NA_MANDATE","—","—","size","[€2.0B]","€2.0B target","The commercial vehicle matches FUND-062. The €2.0 billion figure is classified as a fundraising target, with native EUR fields and a target date added. The unsupported converted USD amount is removed, and the strategy page is added as field-specific evidence for direct equity and North America.","SIZE_OR_AMOUNT_CHANGE","https://www.cvc.com/media/news/2026/full-year-2025-activity-update/ | https://www.cvcdif.com/"
"UPD-048","UPDATE","CVC","CVC DIF","FUND-062","CVC DIF Value-Add IV","CVC DIF Value-Add IV","HIGH","NAMED_FUND","RAISING","EXPLICIT_NA_MANDATE","—","—","sizeUsdMm","2200","—","The commercial vehicle matches FUND-062. The €2.0 billion figure is classified as a fundraising target, with native EUR fields and a target date added. The unsupported converted USD amount is removed, and the strategy page is added as field-specific evidence for direct equity and North America.","SIZE_OR_AMOUNT_CHANGE","https://www.cvc.com/media/news/2026/full-year-2025-activity-update/ | https://www.cvcdif.com/"
"UPD-048","UPDATE","CVC","CVC DIF","FUND-062","CVC DIF Value-Add IV","CVC DIF Value-Add IV","HIGH","NAMED_FUND","RAISING","EXPLICIT_NA_MANDATE","—","—","sizeNativeCurrency","—","EUR","The commercial vehicle matches FUND-062. The €2.0 billion figure is classified as a fundraising target, with native EUR fields and a target date added. The unsupported converted USD amount is removed, and the strategy page is added as field-specific evidence for direct equity and North America.","SIZE_OR_AMOUNT_CHANGE","https://www.cvc.com/media/news/2026/full-year-2025-activity-update/ | https://www.cvcdif.com/"
"UPD-048","UPDATE","CVC","CVC DIF","FUND-062","CVC DIF Value-Add IV","CVC DIF Value-Add IV","HIGH","NAMED_FUND","RAISING","EXPLICIT_NA_MANDATE","—","—","sizeNativeAmount","—","2000000000","The commercial vehicle matches FUND-062. The €2.0 billion figure is classified as a fundraising target, with native EUR fields and a target date added. The unsupported converted USD amount is removed, and the strategy page is added as field-specific evidence for direct equity and North America.","SIZE_OR_AMOUNT_CHANGE","https://www.cvc.com/media/news/2026/full-year-2025-activity-update/ | https://www.cvcdif.com/"
"UPD-048","UPDATE","CVC","CVC DIF","FUND-062","CVC DIF Value-Add IV","CVC DIF Value-Add IV","HIGH","NAMED_FUND","RAISING","EXPLICIT_NA_MANDATE","—","—","sizeBasis","—","TARGET","The commercial vehicle matches FUND-062. The €2.0 billion figure is classified as a fundraising target, with native EUR fields and a target date added. The unsupported converted USD amount is removed, and the strategy page is added as field-specific evidence for direct equity and North America.","SIZE_OR_AMOUNT_CHANGE","https://www.cvc.com/media/news/2026/full-year-2025-activity-update/ | https://www.cvcdif.com/"
"UPD-048","UPDATE","CVC","CVC DIF","FUND-062","CVC DIF Value-Add IV","CVC DIF Value-Add IV","HIGH","NAMED_FUND","RAISING","EXPLICIT_NA_MANDATE","—","—","sizeAsOf","—","2026-07-29","The commercial vehicle matches FUND-062. The €2.0 billion figure is classified as a fundraising target, with native EUR fields and a target date added. The unsupported converted USD amount is removed, and the strategy page is added as field-specific evidence for direct equity and North America.","SIZE_OR_AMOUNT_CHANGE","https://www.cvc.com/media/news/2026/full-year-2025-activity-update/ | https://www.cvcdif.com/"
"UPD-048","UPDATE","CVC","CVC DIF","FUND-062","CVC DIF Value-Add IV","CVC DIF Value-Add IV","HIGH","NAMED_FUND","RAISING","EXPLICIT_NA_MANDATE","—","—","sourceUrls","https://www.cvc.com/media/news/2026/full-year-2025-activity-update/","https://www.cvc.com/media/news/2026/full-year-2025-activity-update/ | https://www.cvcdif.com/","The commercial vehicle matches FUND-062. The €2.0 billion figure is classified as a fundraising target, with native EUR fields and a target date added. The unsupported converted USD amount is removed, and the strategy page is added as field-specific evidence for direct equity and North America.","SIZE_OR_AMOUNT_CHANGE","https://www.cvc.com/media/news/2026/full-year-2025-activity-update/ | https://www.cvcdif.com/"
"UPD-049","UPDATE","DigitalBridge","DigitalBridge","FUND-063","DigitalBridge Fund III","DigitalBridge Partners III, LP","HIGH","NAMED_FUND","CLOSED_ACTIVE","VERIFIED_CURRENT_NA_HOLDING: Vantage Data Centers","—","—","fundName","DigitalBridge Fund III","DigitalBridge Partners III, LP","Repository uses non-canonical fund name and lacks final-close semantics and dated amount evidence.","RENAME_OR_CANONICAL_NAME | SIZE_OR_AMOUNT_CHANGE","https://www.digitalbridge.com/insights/news/digitalbridge-closes-dbp-iii"
"UPD-049","UPDATE","DigitalBridge","DigitalBridge","FUND-063","DigitalBridge Fund III","DigitalBridge Partners III, LP","HIGH","NAMED_FUND","CLOSED_ACTIVE","VERIFIED_CURRENT_NA_HOLDING: Vantage Data Centers","—","—","investmentStrategy","Third flagship value-add digital infrastructure fund scaling into hyperscale data centers, fiber, towers and related connectivity assets across DigitalBridge's five-vertical digital stack.","Value-add digital infrastructure fund investing across data centers, fiber, towers and connectivity assets globally.","Repository uses non-canonical fund name and lacks final-close semantics and dated amount evidence.","RENAME_OR_CANONICAL_NAME | SIZE_OR_AMOUNT_CHANGE","https://www.digitalbridge.com/insights/news/digitalbridge-closes-dbp-iii"
"UPD-049","UPDATE","DigitalBridge","DigitalBridge","FUND-063","DigitalBridge Fund III","DigitalBridge Partners III, LP","HIGH","NAMED_FUND","CLOSED_ACTIVE","VERIFIED_CURRENT_NA_HOLDING: Vantage Data Centers","—","—","size","$7.2B","$7.2B final close","Repository uses non-canonical fund name and lacks final-close semantics and dated amount evidence.","RENAME_OR_CANONICAL_NAME | SIZE_OR_AMOUNT_CHANGE","https://www.digitalbridge.com/insights/news/digitalbridge-closes-dbp-iii"
"UPD-049","UPDATE","DigitalBridge","DigitalBridge","FUND-063","DigitalBridge Fund III","DigitalBridge Partners III, LP","HIGH","NAMED_FUND","CLOSED_ACTIVE","VERIFIED_CURRENT_NA_HOLDING: Vantage Data Centers","—","—","sizeNativeCurrency","—","USD","Repository uses non-canonical fund name and lacks final-close semantics and dated amount evidence.","RENAME_OR_CANONICAL_NAME | SIZE_OR_AMOUNT_CHANGE","https://www.digitalbridge.com/insights/news/digitalbridge-closes-dbp-iii"
"UPD-049","UPDATE","DigitalBridge","DigitalBridge","FUND-063","DigitalBridge Fund III","DigitalBridge Partners III, LP","HIGH","NAMED_FUND","CLOSED_ACTIVE","VERIFIED_CURRENT_NA_HOLDING: Vantage Data Centers","—","—","sizeNativeAmount","—","7200000000","Repository uses non-canonical fund name and lacks final-close semantics and dated amount evidence.","RENAME_OR_CANONICAL_NAME | SIZE_OR_AMOUNT_CHANGE","https://www.digitalbridge.com/insights/news/digitalbridge-closes-dbp-iii"
"UPD-049","UPDATE","DigitalBridge","DigitalBridge","FUND-063","DigitalBridge Fund III","DigitalBridge Partners III, LP","HIGH","NAMED_FUND","CLOSED_ACTIVE","VERIFIED_CURRENT_NA_HOLDING: Vantage Data Centers","—","—","sizeBasis","—","FINAL_CLOSE","Repository uses non-canonical fund name and lacks final-close semantics and dated amount evidence.","RENAME_OR_CANONICAL_NAME | SIZE_OR_AMOUNT_CHANGE","https://www.digitalbridge.com/insights/news/digitalbridge-closes-dbp-iii"
"UPD-049","UPDATE","DigitalBridge","DigitalBridge","FUND-063","DigitalBridge Fund III","DigitalBridge Partners III, LP","HIGH","NAMED_FUND","CLOSED_ACTIVE","VERIFIED_CURRENT_NA_HOLDING: Vantage Data Centers","—","—","sizeAsOf","—","2025-10-31","Repository uses non-canonical fund name and lacks final-close semantics and dated amount evidence.","RENAME_OR_CANONICAL_NAME | SIZE_OR_AMOUNT_CHANGE","https://www.digitalbridge.com/insights/news/digitalbridge-closes-dbp-iii"
"UPD-049","UPDATE","DigitalBridge","DigitalBridge","FUND-063","DigitalBridge Fund III","DigitalBridge Partners III, LP","HIGH","NAMED_FUND","CLOSED_ACTIVE","VERIFIED_CURRENT_NA_HOLDING: Vantage Data Centers","—","—","vintage","2024","2023","Repository uses non-canonical fund name and lacks final-close semantics and dated amount evidence.","RENAME_OR_CANONICAL_NAME | SIZE_OR_AMOUNT_CHANGE","https://www.digitalbridge.com/insights/news/digitalbridge-closes-dbp-iii"
"UPD-049","UPDATE","DigitalBridge","DigitalBridge","FUND-063","DigitalBridge Fund III","DigitalBridge Partners III, LP","HIGH","NAMED_FUND","CLOSED_ACTIVE","VERIFIED_CURRENT_NA_HOLDING: Vantage Data Centers","—","—","regions","North America | Europe | Asia-Pacific","North America","Repository uses non-canonical fund name and lacks final-close semantics and dated amount evidence.","RENAME_OR_CANONICAL_NAME | SIZE_OR_AMOUNT_CHANGE","https://www.digitalbridge.com/insights/news/digitalbridge-closes-dbp-iii"
"UPD-049","UPDATE","DigitalBridge","DigitalBridge","FUND-063","DigitalBridge Fund III","DigitalBridge Partners III, LP","HIGH","NAMED_FUND","CLOSED_ACTIVE","VERIFIED_CURRENT_NA_HOLDING: Vantage Data Centers","—","—","sourceUrls","https://www.digitalbridge.com/press","https://www.digitalbridge.com/insights/news/digitalbridge-closes-dbp-iii | https://www.sec.gov/Archives/edgar/data","Repository uses non-canonical fund name and lacks final-close semantics and dated amount evidence.","RENAME_OR_CANONICAL_NAME | SIZE_OR_AMOUNT_CHANGE","https://www.digitalbridge.com/insights/news/digitalbridge-closes-dbp-iii"
"UPD-050","UPDATE","DWS Infrastructure","DWS","FUND-065","DWS PEIF III","DWS Pan-European Infrastructure Fund III","HIGH","NAMED_FUND","CLOSED_ACTIVE","EXPLICIT_NA_MANDATE","—","—","fundName","DWS PEIF III","DWS Pan-European Infrastructure Fund III","Repository record omits structured size fields and uses abbreviated fund name; corrected to official name and complete size semantics with evidence.","RENAME_OR_CANONICAL_NAME | SIZE_OR_AMOUNT_CHANGE","https://group.dws.com/ir/en/media/media-releases/detail/DWS-Launches-Recommendation-for-Cash-Acquisition-of-Stagecoach/ | https://www.eib.org/en/products/equity/funds/pan-european-infrastructure-3"
"UPD-050","UPDATE","DWS Infrastructure","DWS","FUND-065","DWS PEIF III","DWS Pan-European Infrastructure Fund III","HIGH","NAMED_FUND","CLOSED_ACTIVE","EXPLICIT_NA_MANDATE","—","—","investmentStrategy","Third flagship DWS Pan-European Infrastructure fund, which reached final close in June 2021 at approximately €3.1B and targets mature European infrastructure across transportation, power, utilities and digital infrastructure.","Value-add direct equity infrastructure strategy investing in transportation, utilities, energy transition, and digital infrastructure assets.","Repository record omits structured size fields and uses abbreviated fund name; corrected to official name and complete size semantics with evidence.","RENAME_OR_CANONICAL_NAME | SIZE_OR_AMOUNT_CHANGE","https://group.dws.com/ir/en/media/media-releases/detail/DWS-Launches-Recommendation-for-Cash-Acquisition-of-Stagecoach/ | https://www.eib.org/en/products/equity/funds/pan-european-infrastructure-3"
"UPD-050","UPDATE","DWS Infrastructure","DWS","FUND-065","DWS PEIF III","DWS Pan-European Infrastructure Fund III","HIGH","NAMED_FUND","CLOSED_ACTIVE","EXPLICIT_NA_MANDATE","—","—","size","€3.1B","€3.1B final close","Repository record omits structured size fields and uses abbreviated fund name; corrected to official name and complete size semantics with evidence.","RENAME_OR_CANONICAL_NAME | SIZE_OR_AMOUNT_CHANGE","https://group.dws.com/ir/en/media/media-releases/detail/DWS-Launches-Recommendation-for-Cash-Acquisition-of-Stagecoach/ | https://www.eib.org/en/products/equity/funds/pan-european-infrastructure-3"
"UPD-050","UPDATE","DWS Infrastructure","DWS","FUND-065","DWS PEIF III","DWS Pan-European Infrastructure Fund III","HIGH","NAMED_FUND","CLOSED_ACTIVE","EXPLICIT_NA_MANDATE","—","—","sizeNativeCurrency","—","EUR","Repository record omits structured size fields and uses abbreviated fund name; corrected to official name and complete size semantics with evidence.","RENAME_OR_CANONICAL_NAME | SIZE_OR_AMOUNT_CHANGE","https://group.dws.com/ir/en/media/media-releases/detail/DWS-Launches-Recommendation-for-Cash-Acquisition-of-Stagecoach/ | https://www.eib.org/en/products/equity/funds/pan-european-infrastructure-3"
"UPD-050","UPDATE","DWS Infrastructure","DWS","FUND-065","DWS PEIF III","DWS Pan-European Infrastructure Fund III","HIGH","NAMED_FUND","CLOSED_ACTIVE","EXPLICIT_NA_MANDATE","—","—","sizeNativeAmount","—","3100000000","Repository record omits structured size fields and uses abbreviated fund name; corrected to official name and complete size semantics with evidence.","RENAME_OR_CANONICAL_NAME | SIZE_OR_AMOUNT_CHANGE","https://group.dws.com/ir/en/media/media-releases/detail/DWS-Launches-Recommendation-for-Cash-Acquisition-of-Stagecoach/ | https://www.eib.org/en/products/equity/funds/pan-european-infrastructure-3"
"UPD-050","UPDATE","DWS Infrastructure","DWS","FUND-065","DWS PEIF III","DWS Pan-European Infrastructure Fund III","HIGH","NAMED_FUND","CLOSED_ACTIVE","EXPLICIT_NA_MANDATE","—","—","sizeBasis","—","FINAL_CLOSE","Repository record omits structured size fields and uses abbreviated fund name; corrected to official name and complete size semantics with evidence.","RENAME_OR_CANONICAL_NAME | SIZE_OR_AMOUNT_CHANGE","https://group.dws.com/ir/en/media/media-releases/detail/DWS-Launches-Recommendation-for-Cash-Acquisition-of-Stagecoach/ | https://www.eib.org/en/products/equity/funds/pan-european-infrastructure-3"
"UPD-050","UPDATE","DWS Infrastructure","DWS","FUND-065","DWS PEIF III","DWS Pan-European Infrastructure Fund III","HIGH","NAMED_FUND","CLOSED_ACTIVE","EXPLICIT_NA_MANDATE","—","—","sizeAsOf","—","2022-03-09","Repository record omits structured size fields and uses abbreviated fund name; corrected to official name and complete size semantics with evidence.","RENAME_OR_CANONICAL_NAME | SIZE_OR_AMOUNT_CHANGE","https://group.dws.com/ir/en/media/media-releases/detail/DWS-Launches-Recommendation-for-Cash-Acquisition-of-Stagecoach/ | https://www.eib.org/en/products/equity/funds/pan-european-infrastructure-3"
"UPD-051","UPDATE","Energy Capital Partners","Energy Capital Partners","FUND-066","ECP Fund V","Energy Capital Partners V, L.P.","HIGH","NAMED_FUND","CLOSED_ACTIVE","VERIFIED_CURRENT_NA_HOLDING: Harvestone Low Carbon Partners","—","—","fundName","ECP Fund V","Energy Capital Partners V, L.P.","Repository lacks structured size fields and updated strategy classification supported by fund-specific disclosure","RENAME_OR_CANONICAL_NAME | SIZE_OR_AMOUNT_CHANGE","https://www.ecpgp.com/about/news-and-insights/press-releases/2024/energy-capital-partners-ecp-completes-67-billion-fundraise"
"UPD-051","UPDATE","Energy Capital Partners","Energy Capital Partners","FUND-066","ECP Fund V","Energy Capital Partners V, L.P.","HIGH","NAMED_FUND","CLOSED_ACTIVE","VERIFIED_CURRENT_NA_HOLDING: Harvestone Low Carbon Partners","—","—","investmentStrategy","Fifth flagship ECP equity vehicle focused on value-add/control investments in electricity and sustainability infrastructure, especially conventional/renewable power, storage and decarbonization assets.","Value-add, control-oriented investments in power and sustainability infrastructure","Repository lacks structured size fields and updated strategy classification supported by fund-specific disclosure","RENAME_OR_CANONICAL_NAME | SIZE_OR_AMOUNT_CHANGE","https://www.ecpgp.com/about/news-and-insights/press-releases/2024/energy-capital-partners-ecp-completes-67-billion-fundraise"
"UPD-051","UPDATE","Energy Capital Partners","Energy Capital Partners","FUND-066","ECP Fund V","Energy Capital Partners V, L.P.","HIGH","NAMED_FUND","CLOSED_ACTIVE","VERIFIED_CURRENT_NA_HOLDING: Harvestone Low Carbon Partners","—","—","size","$4.4B","$4.4B final close","Repository lacks structured size fields and updated strategy classification supported by fund-specific disclosure","RENAME_OR_CANONICAL_NAME | SIZE_OR_AMOUNT_CHANGE","https://www.ecpgp.com/about/news-and-insights/press-releases/2024/energy-capital-partners-ecp-completes-67-billion-fundraise"
"UPD-051","UPDATE","Energy Capital Partners","Energy Capital Partners","FUND-066","ECP Fund V","Energy Capital Partners V, L.P.","HIGH","NAMED_FUND","CLOSED_ACTIVE","VERIFIED_CURRENT_NA_HOLDING: Harvestone Low Carbon Partners","—","—","sizeNativeCurrency","—","USD","Repository lacks structured size fields and updated strategy classification supported by fund-specific disclosure","RENAME_OR_CANONICAL_NAME | SIZE_OR_AMOUNT_CHANGE","https://www.ecpgp.com/about/news-and-insights/press-releases/2024/energy-capital-partners-ecp-completes-67-billion-fundraise"
"UPD-051","UPDATE","Energy Capital Partners","Energy Capital Partners","FUND-066","ECP Fund V","Energy Capital Partners V, L.P.","HIGH","NAMED_FUND","CLOSED_ACTIVE","VERIFIED_CURRENT_NA_HOLDING: Harvestone Low Carbon Partners","—","—","sizeNativeAmount","—","4400000000","Repository lacks structured size fields and updated strategy classification supported by fund-specific disclosure","RENAME_OR_CANONICAL_NAME | SIZE_OR_AMOUNT_CHANGE","https://www.ecpgp.com/about/news-and-insights/press-releases/2024/energy-capital-partners-ecp-completes-67-billion-fundraise"
"UPD-051","UPDATE","Energy Capital Partners","Energy Capital Partners","FUND-066","ECP Fund V","Energy Capital Partners V, L.P.","HIGH","NAMED_FUND","CLOSED_ACTIVE","VERIFIED_CURRENT_NA_HOLDING: Harvestone Low Carbon Partners","—","—","sizeBasis","—","FINAL_CLOSE","Repository lacks structured size fields and updated strategy classification supported by fund-specific disclosure","RENAME_OR_CANONICAL_NAME | SIZE_OR_AMOUNT_CHANGE","https://www.ecpgp.com/about/news-and-insights/press-releases/2024/energy-capital-partners-ecp-completes-67-billion-fundraise"
"UPD-051","UPDATE","Energy Capital Partners","Energy Capital Partners","FUND-066","ECP Fund V","Energy Capital Partners V, L.P.","HIGH","NAMED_FUND","CLOSED_ACTIVE","VERIFIED_CURRENT_NA_HOLDING: Harvestone Low Carbon Partners","—","—","sizeAsOf","—","2024-05-01","Repository lacks structured size fields and updated strategy classification supported by fund-specific disclosure","RENAME_OR_CANONICAL_NAME | SIZE_OR_AMOUNT_CHANGE","https://www.ecpgp.com/about/news-and-insights/press-releases/2024/energy-capital-partners-ecp-completes-67-billion-fundraise"
"UPD-051","UPDATE","Energy Capital Partners","Energy Capital Partners","FUND-066","ECP Fund V","Energy Capital Partners V, L.P.","HIGH","NAMED_FUND","CLOSED_ACTIVE","VERIFIED_CURRENT_NA_HOLDING: Harvestone Low Carbon Partners","—","—","strategies","Opportunistic","Value-Add","Repository lacks structured size fields and updated strategy classification supported by fund-specific disclosure","RENAME_OR_CANONICAL_NAME | SIZE_OR_AMOUNT_CHANGE","https://www.ecpgp.com/about/news-and-insights/press-releases/2024/energy-capital-partners-ecp-completes-67-billion-fundraise"
"UPD-052","UPDATE","Ember Infrastructure","Ember Infrastructure Management","FUND-069A","Ember Infrastructure Fund I","Ember Infrastructure Fund I","HIGH","NAMED_FUND","CLOSED_ACTIVE","EXPLICIT_NA_MANDATE","—","—","investmentStrategy","Inaugural Ember infrastructure fund investing in energy transition and resource-efficiency platforms, with public close materials identifying ReGenerate, Caban Systems, and SunShare among its first investments.","Middle-market infrastructure strategy focused on energy transition, resource efficiency, and climate-resilient platforms.","Repository omits size basis, currency, and as-of date; primary close announcement provides these fields.","SIZE_OR_AMOUNT_CHANGE","https://ember-infra.com/e/ember-closes-fund-i"
"UPD-052","UPDATE","Ember Infrastructure","Ember Infrastructure Management","FUND-069A","Ember Infrastructure Fund I","Ember Infrastructure Fund I","HIGH","NAMED_FUND","CLOSED_ACTIVE","EXPLICIT_NA_MANDATE","—","—","size","$0.34B","Over $340M final close","Repository omits size basis, currency, and as-of date; primary close announcement provides these fields.","SIZE_OR_AMOUNT_CHANGE","https://ember-infra.com/e/ember-closes-fund-i"
"UPD-052","UPDATE","Ember Infrastructure","Ember Infrastructure Management","FUND-069A","Ember Infrastructure Fund I","Ember Infrastructure Fund I","HIGH","NAMED_FUND","CLOSED_ACTIVE","EXPLICIT_NA_MANDATE","—","—","sizeNativeCurrency","—","USD","Repository omits size basis, currency, and as-of date; primary close announcement provides these fields.","SIZE_OR_AMOUNT_CHANGE","https://ember-infra.com/e/ember-closes-fund-i"
"UPD-052","UPDATE","Ember Infrastructure","Ember Infrastructure Management","FUND-069A","Ember Infrastructure Fund I","Ember Infrastructure Fund I","HIGH","NAMED_FUND","CLOSED_ACTIVE","EXPLICIT_NA_MANDATE","—","—","sizeNativeAmount","—","340000000","Repository omits size basis, currency, and as-of date; primary close announcement provides these fields.","SIZE_OR_AMOUNT_CHANGE","https://ember-infra.com/e/ember-closes-fund-i"
"UPD-052","UPDATE","Ember Infrastructure","Ember Infrastructure Management","FUND-069A","Ember Infrastructure Fund I","Ember Infrastructure Fund I","HIGH","NAMED_FUND","CLOSED_ACTIVE","EXPLICIT_NA_MANDATE","—","—","sizeBasis","—","FINAL_CLOSE","Repository omits size basis, currency, and as-of date; primary close announcement provides these fields.","SIZE_OR_AMOUNT_CHANGE","https://ember-infra.com/e/ember-closes-fund-i"
"UPD-052","UPDATE","Ember Infrastructure","Ember Infrastructure Management","FUND-069A","Ember Infrastructure Fund I","Ember Infrastructure Fund I","HIGH","NAMED_FUND","CLOSED_ACTIVE","EXPLICIT_NA_MANDATE","—","—","sizeAsOf","—","2022-06-30","Repository omits size basis, currency, and as-of date; primary close announcement provides these fields.","SIZE_OR_AMOUNT_CHANGE","https://ember-infra.com/e/ember-closes-fund-i"
"UPD-053","UPDATE","Ember Infrastructure","Ember Infrastructure Management","FUND-070","Ember Infrastructure Fund II","Ember Infrastructure Fund II","HIGH","NAMED_FUND","RAISING","EXPLICIT_NA_MANDATE","—","—","investmentStrategy","Middle-market infrastructure strategy targeting lower-carbon, resource-efficient and climate-resilient platforms, with real deployment split between environmental-resource systems and selected clean-energy assets.","Middle-market infrastructure strategy targeting lower-carbon, resource-efficient and climate-resilient platforms.","Repository treats Fund II as closed with $0.8B size; SEC filing shows $830.7M amount sold and ongoing offering, requiring lifecycle and size-basis correction.","STATUS_TRANSITION | SIZE_OR_AMOUNT_CHANGE","https://www.sec.gov/Archives/edgar/data/1991445/000199144525000002/xslFormDX01/primary_doc.xml | https://surs.org/wp-content/uploads/Inv_120524.pdf"
"UPD-053","UPDATE","Ember Infrastructure","Ember Infrastructure Management","FUND-070","Ember Infrastructure Fund II","Ember Infrastructure Fund II","HIGH","NAMED_FUND","RAISING","EXPLICIT_NA_MANDATE","—","—","size","$0.8B","$830.7M amount sold (Form D)","Repository treats Fund II as closed with $0.8B size; SEC filing shows $830.7M amount sold and ongoing offering, requiring lifecycle and size-basis correction.","STATUS_TRANSITION | SIZE_OR_AMOUNT_CHANGE","https://www.sec.gov/Archives/edgar/data/1991445/000199144525000002/xslFormDX01/primary_doc.xml | https://surs.org/wp-content/uploads/Inv_120524.pdf"
"UPD-053","UPDATE","Ember Infrastructure","Ember Infrastructure Management","FUND-070","Ember Infrastructure Fund II","Ember Infrastructure Fund II","HIGH","NAMED_FUND","RAISING","EXPLICIT_NA_MANDATE","—","—","sizeUsdMm","800","830.721111","Repository treats Fund II as closed with $0.8B size; SEC filing shows $830.7M amount sold and ongoing offering, requiring lifecycle and size-basis correction.","STATUS_TRANSITION | SIZE_OR_AMOUNT_CHANGE","https://www.sec.gov/Archives/edgar/data/1991445/000199144525000002/xslFormDX01/primary_doc.xml | https://surs.org/wp-content/uploads/Inv_120524.pdf"
"UPD-053","UPDATE","Ember Infrastructure","Ember Infrastructure Management","FUND-070","Ember Infrastructure Fund II","Ember Infrastructure Fund II","HIGH","NAMED_FUND","RAISING","EXPLICIT_NA_MANDATE","—","—","sizeNativeCurrency","—","USD","Repository treats Fund II as closed with $0.8B size; SEC filing shows $830.7M amount sold and ongoing offering, requiring lifecycle and size-basis correction.","STATUS_TRANSITION | SIZE_OR_AMOUNT_CHANGE","https://www.sec.gov/Archives/edgar/data/1991445/000199144525000002/xslFormDX01/primary_doc.xml | https://surs.org/wp-content/uploads/Inv_120524.pdf"
"UPD-053","UPDATE","Ember Infrastructure","Ember Infrastructure Management","FUND-070","Ember Infrastructure Fund II","Ember Infrastructure Fund II","HIGH","NAMED_FUND","RAISING","EXPLICIT_NA_MANDATE","—","—","sizeNativeAmount","—","830721111","Repository treats Fund II as closed with $0.8B size; SEC filing shows $830.7M amount sold and ongoing offering, requiring lifecycle and size-basis correction.","STATUS_TRANSITION | SIZE_OR_AMOUNT_CHANGE","https://www.sec.gov/Archives/edgar/data/1991445/000199144525000002/xslFormDX01/primary_doc.xml | https://surs.org/wp-content/uploads/Inv_120524.pdf"
"UPD-053","UPDATE","Ember Infrastructure","Ember Infrastructure Management","FUND-070","Ember Infrastructure Fund II","Ember Infrastructure Fund II","HIGH","NAMED_FUND","RAISING","EXPLICIT_NA_MANDATE","—","—","sizeBasis","—","AMOUNT_SOLD","Repository treats Fund II as closed with $0.8B size; SEC filing shows $830.7M amount sold and ongoing offering, requiring lifecycle and size-basis correction.","STATUS_TRANSITION | SIZE_OR_AMOUNT_CHANGE","https://www.sec.gov/Archives/edgar/data/1991445/000199144525000002/xslFormDX01/primary_doc.xml | https://surs.org/wp-content/uploads/Inv_120524.pdf"
"UPD-053","UPDATE","Ember Infrastructure","Ember Infrastructure Management","FUND-070","Ember Infrastructure Fund II","Ember Infrastructure Fund II","HIGH","NAMED_FUND","RAISING","EXPLICIT_NA_MANDATE","—","—","sizeAsOf","—","2025-10-10","Repository treats Fund II as closed with $0.8B size; SEC filing shows $830.7M amount sold and ongoing offering, requiring lifecycle and size-basis correction.","STATUS_TRANSITION | SIZE_OR_AMOUNT_CHANGE","https://www.sec.gov/Archives/edgar/data/1991445/000199144525000002/xslFormDX01/primary_doc.xml | https://surs.org/wp-content/uploads/Inv_120524.pdf"
"UPD-053","UPDATE","Ember Infrastructure","Ember Infrastructure Management","FUND-070","Ember Infrastructure Fund II","Ember Infrastructure Fund II","HIGH","NAMED_FUND","RAISING","EXPLICIT_NA_MANDATE","—","—","vintage","2023","2024","Repository treats Fund II as closed with $0.8B size; SEC filing shows $830.7M amount sold and ongoing offering, requiring lifecycle and size-basis correction.","STATUS_TRANSITION | SIZE_OR_AMOUNT_CHANGE","https://www.sec.gov/Archives/edgar/data/1991445/000199144525000002/xslFormDX01/primary_doc.xml | https://surs.org/wp-content/uploads/Inv_120524.pdf"
"UPD-053","UPDATE","Ember Infrastructure","Ember Infrastructure Management","FUND-070","Ember Infrastructure Fund II","Ember Infrastructure Fund II","HIGH","NAMED_FUND","RAISING","EXPLICIT_NA_MANDATE","—","—","fundStatus","Financial Close","Raising","Repository treats Fund II as closed with $0.8B size; SEC filing shows $830.7M amount sold and ongoing offering, requiring lifecycle and size-basis correction.","STATUS_TRANSITION | SIZE_OR_AMOUNT_CHANGE","https://www.sec.gov/Archives/edgar/data/1991445/000199144525000002/xslFormDX01/primary_doc.xml | https://surs.org/wp-content/uploads/Inv_120524.pdf"
"UPD-054","UPDATE","EQT Infrastructure","EQT","FUND-071","EQT Active Core I","EQT Active Core Infrastructure I","HIGH","NAMED_FUND","CLOSED_ACTIVE","EXPLICIT_NA_MANDATE","—","—","fundName","EQT Active Core I","EQT Active Core Infrastructure I","Repository mislabels structure as evergreen and omits proper naming and amount semantics.","RENAME_OR_CANONICAL_NAME | STATUS_TRANSITION | SIZE_OR_AMOUNT_CHANGE","https://eqtgroup.com/news/eqt-active-core-infrastructure-fund-holds-final-close-2024-09-24"
"UPD-054","UPDATE","EQT Infrastructure","EQT","FUND-071","EQT Active Core I","EQT Active Core Infrastructure I","HIGH","NAMED_FUND","CLOSED_ACTIVE","EXPLICIT_NA_MANDATE","—","—","investmentStrategy","Longer-hold core strategy focused on Europe and North America, centered on downside-protected essential-services infrastructure with stable yield, inflation protection, and low volatility.","Core/core-plus infrastructure strategy focused on downside-protected essential services with stable yield.","Repository mislabels structure as evergreen and omits proper naming and amount semantics.","RENAME_OR_CANONICAL_NAME | STATUS_TRANSITION | SIZE_OR_AMOUNT_CHANGE","https://eqtgroup.com/news/eqt-active-core-infrastructure-fund-holds-final-close-2024-09-24"
"UPD-054","UPDATE","EQT Infrastructure","EQT","FUND-071","EQT Active Core I","EQT Active Core Infrastructure I","HIGH","NAMED_FUND","CLOSED_ACTIVE","EXPLICIT_NA_MANDATE","—","—","size","$3.2B","$3.2B commitments","Repository mislabels structure as evergreen and omits proper naming and amount semantics.","RENAME_OR_CANONICAL_NAME | STATUS_TRANSITION | SIZE_OR_AMOUNT_CHANGE","https://eqtgroup.com/news/eqt-active-core-infrastructure-fund-holds-final-close-2024-09-24"
"UPD-054","UPDATE","EQT Infrastructure","EQT","FUND-071","EQT Active Core I","EQT Active Core Infrastructure I","HIGH","NAMED_FUND","CLOSED_ACTIVE","EXPLICIT_NA_MANDATE","—","—","sizeNativeCurrency","—","USD","Repository mislabels structure as evergreen and omits proper naming and amount semantics.","RENAME_OR_CANONICAL_NAME | STATUS_TRANSITION | SIZE_OR_AMOUNT_CHANGE","https://eqtgroup.com/news/eqt-active-core-infrastructure-fund-holds-final-close-2024-09-24"
"UPD-054","UPDATE","EQT Infrastructure","EQT","FUND-071","EQT Active Core I","EQT Active Core Infrastructure I","HIGH","NAMED_FUND","CLOSED_ACTIVE","EXPLICIT_NA_MANDATE","—","—","sizeNativeAmount","—","3200000000","Repository mislabels structure as evergreen and omits proper naming and amount semantics.","RENAME_OR_CANONICAL_NAME | STATUS_TRANSITION | SIZE_OR_AMOUNT_CHANGE","https://eqtgroup.com/news/eqt-active-core-infrastructure-fund-holds-final-close-2024-09-24"
"UPD-054","UPDATE","EQT Infrastructure","EQT","FUND-071","EQT Active Core I","EQT Active Core Infrastructure I","HIGH","NAMED_FUND","CLOSED_ACTIVE","EXPLICIT_NA_MANDATE","—","—","sizeBasis","—","COMMITMENTS","Repository mislabels structure as evergreen and omits proper naming and amount semantics.","RENAME_OR_CANONICAL_NAME | STATUS_TRANSITION | SIZE_OR_AMOUNT_CHANGE","https://eqtgroup.com/news/eqt-active-core-infrastructure-fund-holds-final-close-2024-09-24"
"UPD-054","UPDATE","EQT Infrastructure","EQT","FUND-071","EQT Active Core I","EQT Active Core Infrastructure I","HIGH","NAMED_FUND","CLOSED_ACTIVE","EXPLICIT_NA_MANDATE","—","—","sizeAsOf","—","2024-09-24","Repository mislabels structure as evergreen and omits proper naming and amount semantics.","RENAME_OR_CANONICAL_NAME | STATUS_TRANSITION | SIZE_OR_AMOUNT_CHANGE","https://eqtgroup.com/news/eqt-active-core-infrastructure-fund-holds-final-close-2024-09-24"
"UPD-054","UPDATE","EQT Infrastructure","EQT","FUND-071","EQT Active Core I","EQT Active Core Infrastructure I","HIGH","NAMED_FUND","CLOSED_ACTIVE","EXPLICIT_NA_MANDATE","—","—","vintage","Evergreen","2023","Repository mislabels structure as evergreen and omits proper naming and amount semantics.","RENAME_OR_CANONICAL_NAME | STATUS_TRANSITION | SIZE_OR_AMOUNT_CHANGE","https://eqtgroup.com/news/eqt-active-core-infrastructure-fund-holds-final-close-2024-09-24"
"UPD-054","UPDATE","EQT Infrastructure","EQT","FUND-071","EQT Active Core I","EQT Active Core Infrastructure I","HIGH","NAMED_FUND","CLOSED_ACTIVE","EXPLICIT_NA_MANDATE","—","—","strategies","Core","Core-Plus","Repository mislabels structure as evergreen and omits proper naming and amount semantics.","RENAME_OR_CANONICAL_NAME | STATUS_TRANSITION | SIZE_OR_AMOUNT_CHANGE","https://eqtgroup.com/news/eqt-active-core-infrastructure-fund-holds-final-close-2024-09-24"
"UPD-054","UPDATE","EQT Infrastructure","EQT","FUND-071","EQT Active Core I","EQT Active Core Infrastructure I","HIGH","NAMED_FUND","CLOSED_ACTIVE","EXPLICIT_NA_MANDATE","—","—","structure","Evergreen","Closed-End","Repository mislabels structure as evergreen and omits proper naming and amount semantics.","RENAME_OR_CANONICAL_NAME | STATUS_TRANSITION | SIZE_OR_AMOUNT_CHANGE","https://eqtgroup.com/news/eqt-active-core-infrastructure-fund-holds-final-close-2024-09-24"
"UPD-054","UPDATE","EQT Infrastructure","EQT","FUND-071","EQT Active Core I","EQT Active Core Infrastructure I","HIGH","NAMED_FUND","CLOSED_ACTIVE","EXPLICIT_NA_MANDATE","—","—","fundStatus","Evergreen","Financial Close","Repository mislabels structure as evergreen and omits proper naming and amount semantics.","RENAME_OR_CANONICAL_NAME | STATUS_TRANSITION | SIZE_OR_AMOUNT_CHANGE","https://eqtgroup.com/news/eqt-active-core-infrastructure-fund-holds-final-close-2024-09-24"
"UPD-055","UPDATE","EQT Infrastructure","EQT","FUND-072","EQT AI Infrastructure Strategy","EQT AI Infrastructure Strategy","HIGH","NAMED_FUND","EVERGREEN_ACTIVE","EXPLICIT_NA_MANDATE","—","—","investmentStrategy","Dedicated open-ended AI infrastructure strategy launched in 2026 and seeded by EQT Infrastructure portfolio company EdgeConneX, focused on building the foundation of the AI economy.","Open-ended AI infrastructure strategy focused on data centers and digital infrastructure supporting AI workloads.","Repository missing AUM disclosure and North America qualification details.","SIZE_OR_AMOUNT_CHANGE","https://eqtgroup.com/news/eqt-ab-publ-q1-annoucement-2026-2026-04-22"
"UPD-055","UPDATE","EQT Infrastructure","EQT","FUND-072","EQT AI Infrastructure Strategy","EQT AI Infrastructure Strategy","HIGH","NAMED_FUND","EVERGREEN_ACTIVE","EXPLICIT_NA_MANDATE","—","—","size","[TBD]","$9.4B AUM","Repository missing AUM disclosure and North America qualification details.","SIZE_OR_AMOUNT_CHANGE","https://eqtgroup.com/news/eqt-ab-publ-q1-annoucement-2026-2026-04-22"
"UPD-055","UPDATE","EQT Infrastructure","EQT","FUND-072","EQT AI Infrastructure Strategy","EQT AI Infrastructure Strategy","HIGH","NAMED_FUND","EVERGREEN_ACTIVE","EXPLICIT_NA_MANDATE","—","—","sizeUsdMm","—","9400","Repository missing AUM disclosure and North America qualification details.","SIZE_OR_AMOUNT_CHANGE","https://eqtgroup.com/news/eqt-ab-publ-q1-annoucement-2026-2026-04-22"
"UPD-055","UPDATE","EQT Infrastructure","EQT","FUND-072","EQT AI Infrastructure Strategy","EQT AI Infrastructure Strategy","HIGH","NAMED_FUND","EVERGREEN_ACTIVE","EXPLICIT_NA_MANDATE","—","—","sizeNativeCurrency","—","USD","Repository missing AUM disclosure and North America qualification details.","SIZE_OR_AMOUNT_CHANGE","https://eqtgroup.com/news/eqt-ab-publ-q1-annoucement-2026-2026-04-22"
"UPD-055","UPDATE","EQT Infrastructure","EQT","FUND-072","EQT AI Infrastructure Strategy","EQT AI Infrastructure Strategy","HIGH","NAMED_FUND","EVERGREEN_ACTIVE","EXPLICIT_NA_MANDATE","—","—","sizeNativeAmount","—","9400000000","Repository missing AUM disclosure and North America qualification details.","SIZE_OR_AMOUNT_CHANGE","https://eqtgroup.com/news/eqt-ab-publ-q1-annoucement-2026-2026-04-22"
"UPD-055","UPDATE","EQT Infrastructure","EQT","FUND-072","EQT AI Infrastructure Strategy","EQT AI Infrastructure Strategy","HIGH","NAMED_FUND","EVERGREEN_ACTIVE","EXPLICIT_NA_MANDATE","—","—","sizeBasis","—","AUM","Repository missing AUM disclosure and North America qualification details.","SIZE_OR_AMOUNT_CHANGE","https://eqtgroup.com/news/eqt-ab-publ-q1-annoucement-2026-2026-04-22"
"UPD-055","UPDATE","EQT Infrastructure","EQT","FUND-072","EQT AI Infrastructure Strategy","EQT AI Infrastructure Strategy","HIGH","NAMED_FUND","EVERGREEN_ACTIVE","EXPLICIT_NA_MANDATE","—","—","sizeAsOf","—","2026-04-22","Repository missing AUM disclosure and North America qualification details.","SIZE_OR_AMOUNT_CHANGE","https://eqtgroup.com/news/eqt-ab-publ-q1-annoucement-2026-2026-04-22"
"UPD-055","UPDATE","EQT Infrastructure","EQT","FUND-072","EQT AI Infrastructure Strategy","EQT AI Infrastructure Strategy","HIGH","NAMED_FUND","EVERGREEN_ACTIVE","EXPLICIT_NA_MANDATE","—","—","strategies","Value-Add","Growth","Repository missing AUM disclosure and North America qualification details.","SIZE_OR_AMOUNT_CHANGE","https://eqtgroup.com/news/eqt-ab-publ-q1-annoucement-2026-2026-04-22"
"UPD-055","UPDATE","EQT Infrastructure","EQT","FUND-072","EQT AI Infrastructure Strategy","EQT AI Infrastructure Strategy","HIGH","NAMED_FUND","EVERGREEN_ACTIVE","EXPLICIT_NA_MANDATE","—","—","regions","Global","Global | North America","Repository missing AUM disclosure and North America qualification details.","SIZE_OR_AMOUNT_CHANGE","https://eqtgroup.com/news/eqt-ab-publ-q1-annoucement-2026-2026-04-22"
"UPD-056","UPDATE","EQT Infrastructure","EQT","FUND-073","EQT Infrastructure Fund VI","EQT Infrastructure VI","HIGH","NAMED_FUND","CLOSED_ACTIVE","EXPLICIT_NA_MANDATE","—","—","fundName","EQT Infrastructure Fund VI","EQT Infrastructure VI","Repository omits formal naming and amount semantics; corrected to official final close disclosure.","RENAME_OR_CANONICAL_NAME | SIZE_OR_AMOUNT_CHANGE","https://eqtgroup.com/news/eqt-infrastructure-vi-holds-final-close-at-its-hard-cap-raising-eur-215-billion-in-total-commitments-2025-03-28"
"UPD-056","UPDATE","EQT Infrastructure","EQT","FUND-073","EQT Infrastructure Fund VI","EQT Infrastructure VI","HIGH","NAMED_FUND","CLOSED_ACTIVE","EXPLICIT_NA_MANDATE","—","—","investmentStrategy","Flagship EQT value-add infrastructure fund focused on essential-service infrastructure businesses with protected cash flows and thematic value creation across digital, energy/decarbonization, circularity, and social infrastructure.","Flagship value-add infrastructure strategy investing across digital, energy transition, circular economy, and social infrastructure.","Repository omits formal naming and amount semantics; corrected to official final close disclosure.","RENAME_OR_CANONICAL_NAME | SIZE_OR_AMOUNT_CHANGE","https://eqtgroup.com/news/eqt-infrastructure-vi-holds-final-close-at-its-hard-cap-raising-eur-215-billion-in-total-commitments-2025-03-28"
"UPD-056","UPDATE","EQT Infrastructure","EQT","FUND-073","EQT Infrastructure Fund VI","EQT Infrastructure VI","HIGH","NAMED_FUND","CLOSED_ACTIVE","EXPLICIT_NA_MANDATE","—","—","size","€21.5B","€21.5B final close","Repository omits formal naming and amount semantics; corrected to official final close disclosure.","RENAME_OR_CANONICAL_NAME | SIZE_OR_AMOUNT_CHANGE","https://eqtgroup.com/news/eqt-infrastructure-vi-holds-final-close-at-its-hard-cap-raising-eur-215-billion-in-total-commitments-2025-03-28"
"UPD-056","UPDATE","EQT Infrastructure","EQT","FUND-073","EQT Infrastructure Fund VI","EQT Infrastructure VI","HIGH","NAMED_FUND","CLOSED_ACTIVE","EXPLICIT_NA_MANDATE","—","—","sizeNativeCurrency","—","EUR","Repository omits formal naming and amount semantics; corrected to official final close disclosure.","RENAME_OR_CANONICAL_NAME | SIZE_OR_AMOUNT_CHANGE","https://eqtgroup.com/news/eqt-infrastructure-vi-holds-final-close-at-its-hard-cap-raising-eur-215-billion-in-total-commitments-2025-03-28"
"UPD-056","UPDATE","EQT Infrastructure","EQT","FUND-073","EQT Infrastructure Fund VI","EQT Infrastructure VI","HIGH","NAMED_FUND","CLOSED_ACTIVE","EXPLICIT_NA_MANDATE","—","—","sizeNativeAmount","—","21500000000","Repository omits formal naming and amount semantics; corrected to official final close disclosure.","RENAME_OR_CANONICAL_NAME | SIZE_OR_AMOUNT_CHANGE","https://eqtgroup.com/news/eqt-infrastructure-vi-holds-final-close-at-its-hard-cap-raising-eur-215-billion-in-total-commitments-2025-03-28"
"UPD-056","UPDATE","EQT Infrastructure","EQT","FUND-073","EQT Infrastructure Fund VI","EQT Infrastructure VI","HIGH","NAMED_FUND","CLOSED_ACTIVE","EXPLICIT_NA_MANDATE","—","—","sizeBasis","—","FINAL_CLOSE","Repository omits formal naming and amount semantics; corrected to official final close disclosure.","RENAME_OR_CANONICAL_NAME | SIZE_OR_AMOUNT_CHANGE","https://eqtgroup.com/news/eqt-infrastructure-vi-holds-final-close-at-its-hard-cap-raising-eur-215-billion-in-total-commitments-2025-03-28"
"UPD-056","UPDATE","EQT Infrastructure","EQT","FUND-073","EQT Infrastructure Fund VI","EQT Infrastructure VI","HIGH","NAMED_FUND","CLOSED_ACTIVE","EXPLICIT_NA_MANDATE","—","—","sizeAsOf","—","2025-03-28","Repository omits formal naming and amount semantics; corrected to official final close disclosure.","RENAME_OR_CANONICAL_NAME | SIZE_OR_AMOUNT_CHANGE","https://eqtgroup.com/news/eqt-infrastructure-vi-holds-final-close-at-its-hard-cap-raising-eur-215-billion-in-total-commitments-2025-03-28"
"UPD-057","UPDATE","Fengate Asset Management","Fengate Asset Management","FUND-076","Fengate Infrastructure Fund IV","Fengate Infrastructure Fund IV","HIGH","NAMED_FUND","CLOSED_ACTIVE","EXPLICIT_NA_MANDATE","—","—","investmentStrategy","Fengate's flagship closed-ended North American core-plus/value-add fund, sourced through relationships with design-builders, operators, developers, and procurement channels; by Dec. 31, 2024 it had eight investments across social, transportation, energy transition, and digital infrastructure.","Flagship North American closed-end infrastructure equity fund investing across social, transportation, energy transition, and digital infrastructure.","Repository row lacks size basis and as-of details explicitly confirmed in official close announcement.","SIZE_OR_AMOUNT_CHANGE","https://fengate.com/news/fengate-announces-final-close-of-us1-1-billion-flagship-infrastructure-fund-above-target"
"UPD-057","UPDATE","Fengate Asset Management","Fengate Asset Management","FUND-076","Fengate Infrastructure Fund IV","Fengate Infrastructure Fund IV","HIGH","NAMED_FUND","CLOSED_ACTIVE","EXPLICIT_NA_MANDATE","—","—","sizeNativeCurrency","—","USD","Repository row lacks size basis and as-of details explicitly confirmed in official close announcement.","SIZE_OR_AMOUNT_CHANGE","https://fengate.com/news/fengate-announces-final-close-of-us1-1-billion-flagship-infrastructure-fund-above-target"
"UPD-057","UPDATE","Fengate Asset Management","Fengate Asset Management","FUND-076","Fengate Infrastructure Fund IV","Fengate Infrastructure Fund IV","HIGH","NAMED_FUND","CLOSED_ACTIVE","EXPLICIT_NA_MANDATE","—","—","sizeNativeAmount","—","1100000000","Repository row lacks size basis and as-of details explicitly confirmed in official close announcement.","SIZE_OR_AMOUNT_CHANGE","https://fengate.com/news/fengate-announces-final-close-of-us1-1-billion-flagship-infrastructure-fund-above-target"
"UPD-057","UPDATE","Fengate Asset Management","Fengate Asset Management","FUND-076","Fengate Infrastructure Fund IV","Fengate Infrastructure Fund IV","HIGH","NAMED_FUND","CLOSED_ACTIVE","EXPLICIT_NA_MANDATE","—","—","sizeBasis","—","FINAL_CLOSE","Repository row lacks size basis and as-of details explicitly confirmed in official close announcement.","SIZE_OR_AMOUNT_CHANGE","https://fengate.com/news/fengate-announces-final-close-of-us1-1-billion-flagship-infrastructure-fund-above-target"
"UPD-057","UPDATE","Fengate Asset Management","Fengate Asset Management","FUND-076","Fengate Infrastructure Fund IV","Fengate Infrastructure Fund IV","HIGH","NAMED_FUND","CLOSED_ACTIVE","EXPLICIT_NA_MANDATE","—","—","sizeAsOf","—","2025-01-23","Repository row lacks size basis and as-of details explicitly confirmed in official close announcement.","SIZE_OR_AMOUNT_CHANGE","https://fengate.com/news/fengate-announces-final-close-of-us1-1-billion-flagship-infrastructure-fund-above-target"
"UPD-058","UPDATE","Generate Capital","Generate Capital","FUND-081","Generate Capital (Permanent Capital)","Generate Capital (Permanent Capital)","MEDIUM","PROGRAM_EXCEPTION","EVERGREEN_ACTIVE","EXPLICIT_NA_MANDATE","—","—","investmentStrategy","Permanent-capital sustainable infrastructure platform spanning power, mobility, waste, water, digital infrastructure, agriculture, and industrial decarbonization.","Permanent-capital sustainable infrastructure platform investing directly in distributed infrastructure assets across energy transition, mobility, waste, water, and industrial decarbonization.","Repository entry lacks explicit size basis and currency semantics; platform capital is better classified as AUM with USD denomination rather than unspecified aggregate.","MEDIUM_CONFIDENCE | PROGRAM_EXCEPTION","https://generatecapital.com/"
"UPD-059","UPDATE","GIC","GIC","FUND-082","GIC Infrastructure","Infrastructure","MEDIUM","PROGRAM_EXCEPTION","EVERGREEN_ACTIVE","VERIFIED_CURRENT_NA_HOLDING: Duke Energy Indiana","—","—","fundName","GIC Infrastructure","Infrastructure","Repository uses non-official naming ('GIC Infrastructure'), includes unsupported sector 'Social Infra' while omitting evidenced sector exposure such as Midstream, and classifies only Global despite verified current North American deployment; updated to align with official program naming, sector evidence, and the evidenced North American holding.","RENAME_OR_CANONICAL_NAME | MEDIUM_CONFIDENCE | PROGRAM_EXCEPTION","https://www.gic.com.sg/uploads/2026/07/GIC_AR_2025-26_PRINT.pdf | https://www.gic.com.sg/what-we-do/investment-groups/infrastructure/ | https://www.sec.gov/Archives/edgar/data/1326160/000110465926032452/tm2528215d2_ars.pdf"
"UPD-059","UPDATE","GIC","GIC","FUND-082","GIC Infrastructure","Infrastructure","MEDIUM","PROGRAM_EXCEPTION","EVERGREEN_ACTIVE","VERIFIED_CURRENT_NA_HOLDING: Duke Energy Indiana","—","—","investmentStrategy","Global direct infrastructure program focused on cash-flow-visible private assets across utilities, renewables, communications, data centres, water, airports, seaports, and highways.","Global direct infrastructure investment program targeting private assets with stable cash flows and inflation linkage across sectors including utilities, energy, transport, and digital infrastructure.","Repository uses non-official naming ('GIC Infrastructure'), includes unsupported sector 'Social Infra' while omitting evidenced sector exposure such as Midstream, and classifies only Global despite verified current North American deployment; updated to align with official program naming, sector evidence, and the evidenced North American holding.","RENAME_OR_CANONICAL_NAME | MEDIUM_CONFIDENCE | PROGRAM_EXCEPTION","https://www.gic.com.sg/uploads/2026/07/GIC_AR_2025-26_PRINT.pdf | https://www.gic.com.sg/what-we-do/investment-groups/infrastructure/ | https://www.sec.gov/Archives/edgar/data/1326160/000110465926032452/tm2528215d2_ars.pdf"
"UPD-059","UPDATE","GIC","GIC","FUND-082","GIC Infrastructure","Infrastructure","MEDIUM","PROGRAM_EXCEPTION","EVERGREEN_ACTIVE","VERIFIED_CURRENT_NA_HOLDING: Duke Energy Indiana","—","—","sectors","Power & ET | Utilities | Digital | Transportation | Social Infra","Power & ET | Utilities | Digital | Midstream | Transportation","Repository uses non-official naming ('GIC Infrastructure'), includes unsupported sector 'Social Infra' while omitting evidenced sector exposure such as Midstream, and classifies only Global despite verified current North American deployment; updated to align with official program naming, sector evidence, and the evidenced North American holding.","RENAME_OR_CANONICAL_NAME | MEDIUM_CONFIDENCE | PROGRAM_EXCEPTION","https://www.gic.com.sg/uploads/2026/07/GIC_AR_2025-26_PRINT.pdf | https://www.gic.com.sg/what-we-do/investment-groups/infrastructure/ | https://www.sec.gov/Archives/edgar/data/1326160/000110465926032452/tm2528215d2_ars.pdf"
"UPD-059","UPDATE","GIC","GIC","FUND-082","GIC Infrastructure","Infrastructure","MEDIUM","PROGRAM_EXCEPTION","EVERGREEN_ACTIVE","VERIFIED_CURRENT_NA_HOLDING: Duke Energy Indiana","—","—","regions","Global","North America | Global","Repository uses non-official naming ('GIC Infrastructure'), includes unsupported sector 'Social Infra' while omitting evidenced sector exposure such as Midstream, and classifies only Global despite verified current North American deployment; updated to align with official program naming, sector evidence, and the evidenced North American holding.","RENAME_OR_CANONICAL_NAME | MEDIUM_CONFIDENCE | PROGRAM_EXCEPTION","https://www.gic.com.sg/uploads/2026/07/GIC_AR_2025-26_PRINT.pdf | https://www.gic.com.sg/what-we-do/investment-groups/infrastructure/ | https://www.sec.gov/Archives/edgar/data/1326160/000110465926032452/tm2528215d2_ars.pdf"
"UPD-060","UPDATE","Goldman Sachs Asset Management","Goldman Sachs Alternatives","FUND-087","GS WSIP IV","West Street Infrastructure Partners IV","HIGH","NAMED_FUND","CLOSED_ACTIVE","EXPLICIT_NA_MANDATE","—","—","fundName","GS WSIP IV","West Street Infrastructure Partners IV","Repository uses an abbreviated name and lacks classified size fields and an as-of date; corrected to the official fund name and fully evidenced size fields.","RENAME_OR_CANONICAL_NAME | SIZE_OR_AMOUNT_CHANGE","https://am.gs.com/en-us/advisors/news/press-release/2023/goldman-sachs-asset-management-raises-4-billion-for-west-street-infrastructure-partners-iv"
"UPD-060","UPDATE","Goldman Sachs Asset Management","Goldman Sachs Alternatives","FUND-087","GS WSIP IV","West Street Infrastructure Partners IV","HIGH","NAMED_FUND","CLOSED_ACTIVE","EXPLICIT_NA_MANDATE","—","—","investmentStrategy","Fourth flagship Goldman infrastructure vintage; Goldman markets it as a value-add, mid-market fund for critical operating businesses with defensive cash flows across energy transition, digital, transport/logistics and social infrastructure.","Value-add infrastructure fund targeting mid-market operating businesses across energy transition, digital infrastructure, transport and social infrastructure in North America and Europe.","Repository uses an abbreviated name and lacks classified size fields and an as-of date; corrected to the official fund name and fully evidenced size fields.","RENAME_OR_CANONICAL_NAME | SIZE_OR_AMOUNT_CHANGE","https://am.gs.com/en-us/advisors/news/press-release/2023/goldman-sachs-asset-management-raises-4-billion-for-west-street-infrastructure-partners-iv"
"UPD-060","UPDATE","Goldman Sachs Asset Management","Goldman Sachs Alternatives","FUND-087","GS WSIP IV","West Street Infrastructure Partners IV","HIGH","NAMED_FUND","CLOSED_ACTIVE","EXPLICIT_NA_MANDATE","—","—","size","$4.0B","$4.0B final close","Repository uses an abbreviated name and lacks classified size fields and an as-of date; corrected to the official fund name and fully evidenced size fields.","RENAME_OR_CANONICAL_NAME | SIZE_OR_AMOUNT_CHANGE","https://am.gs.com/en-us/advisors/news/press-release/2023/goldman-sachs-asset-management-raises-4-billion-for-west-street-infrastructure-partners-iv"
"UPD-060","UPDATE","Goldman Sachs Asset Management","Goldman Sachs Alternatives","FUND-087","GS WSIP IV","West Street Infrastructure Partners IV","HIGH","NAMED_FUND","CLOSED_ACTIVE","EXPLICIT_NA_MANDATE","—","—","sizeNativeCurrency","—","USD","Repository uses an abbreviated name and lacks classified size fields and an as-of date; corrected to the official fund name and fully evidenced size fields.","RENAME_OR_CANONICAL_NAME | SIZE_OR_AMOUNT_CHANGE","https://am.gs.com/en-us/advisors/news/press-release/2023/goldman-sachs-asset-management-raises-4-billion-for-west-street-infrastructure-partners-iv"
"UPD-060","UPDATE","Goldman Sachs Asset Management","Goldman Sachs Alternatives","FUND-087","GS WSIP IV","West Street Infrastructure Partners IV","HIGH","NAMED_FUND","CLOSED_ACTIVE","EXPLICIT_NA_MANDATE","—","—","sizeNativeAmount","—","4000000000","Repository uses an abbreviated name and lacks classified size fields and an as-of date; corrected to the official fund name and fully evidenced size fields.","RENAME_OR_CANONICAL_NAME | SIZE_OR_AMOUNT_CHANGE","https://am.gs.com/en-us/advisors/news/press-release/2023/goldman-sachs-asset-management-raises-4-billion-for-west-street-infrastructure-partners-iv"
"UPD-060","UPDATE","Goldman Sachs Asset Management","Goldman Sachs Alternatives","FUND-087","GS WSIP IV","West Street Infrastructure Partners IV","HIGH","NAMED_FUND","CLOSED_ACTIVE","EXPLICIT_NA_MANDATE","—","—","sizeBasis","—","FINAL_CLOSE","Repository uses an abbreviated name and lacks classified size fields and an as-of date; corrected to the official fund name and fully evidenced size fields.","RENAME_OR_CANONICAL_NAME | SIZE_OR_AMOUNT_CHANGE","https://am.gs.com/en-us/advisors/news/press-release/2023/goldman-sachs-asset-management-raises-4-billion-for-west-street-infrastructure-partners-iv"
"UPD-060","UPDATE","Goldman Sachs Asset Management","Goldman Sachs Alternatives","FUND-087","GS WSIP IV","West Street Infrastructure Partners IV","HIGH","NAMED_FUND","CLOSED_ACTIVE","EXPLICIT_NA_MANDATE","—","—","sizeAsOf","—","2023-10-23","Repository uses an abbreviated name and lacks classified size fields and an as-of date; corrected to the official fund name and fully evidenced size fields.","RENAME_OR_CANONICAL_NAME | SIZE_OR_AMOUNT_CHANGE","https://am.gs.com/en-us/advisors/news/press-release/2023/goldman-sachs-asset-management-raises-4-billion-for-west-street-infrastructure-partners-iv"
"UPD-060","UPDATE","Goldman Sachs Asset Management","Goldman Sachs Alternatives","FUND-087","GS WSIP IV","West Street Infrastructure Partners IV","HIGH","NAMED_FUND","CLOSED_ACTIVE","EXPLICIT_NA_MANDATE","—","—","sectors","Power & ET | Utilities | Digital | Midstream | Transportation | Social Infra","Power & ET | Digital | Transportation | Social Infra","Repository uses an abbreviated name and lacks classified size fields and an as-of date; corrected to the official fund name and fully evidenced size fields.","RENAME_OR_CANONICAL_NAME | SIZE_OR_AMOUNT_CHANGE","https://am.gs.com/en-us/advisors/news/press-release/2023/goldman-sachs-asset-management-raises-4-billion-for-west-street-infrastructure-partners-iv"
"UPD-061","UPDATE","Goldman Sachs Asset Management","Goldman Sachs Alternatives","FUND-088","GS WSIP V","West Street Infrastructure Partners V","HIGH","NAMED_FUND","RAISING","EXPLICIT_NA_MANDATE","—","—","fundName","GS WSIP V","West Street Infrastructure Partners V","Repository relies on secondary reporting and lacks primary-evidenced size classification and sector definition; corrected to the official fundraising disclosure while retaining the repository's Raising status.","RENAME_OR_CANONICAL_NAME | SIZE_OR_AMOUNT_CHANGE","https://am.gs.com/en-us/advisors/news/press-release/2026/goldman-sachs-alternatives-announces-first-close-of-west-street-infrastructure-partners-v"
"UPD-061","UPDATE","Goldman Sachs Asset Management","Goldman Sachs Alternatives","FUND-088","GS WSIP V","West Street Infrastructure Partners V","HIGH","NAMED_FUND","RAISING","EXPLICIT_NA_MANDATE","—","—","investmentStrategy","Fifth flagship Goldman infrastructure vehicle; Infralogic reported a $4bn target, Europe/North America focus and no disclosed investments yet, with the broader Goldman platform framed around energy transition, digital infrastructure, transport/logistics and circular economy.","Value-add infrastructure fund targeting operating assets across energy transition, digital infrastructure, transport and circular economy in North America and Europe.","Repository relies on secondary reporting and lacks primary-evidenced size classification and sector definition; corrected to the official fundraising disclosure while retaining the repository's Raising status.","RENAME_OR_CANONICAL_NAME | SIZE_OR_AMOUNT_CHANGE","https://am.gs.com/en-us/advisors/news/press-release/2026/goldman-sachs-alternatives-announces-first-close-of-west-street-infrastructure-partners-v"
"UPD-061","UPDATE","Goldman Sachs Asset Management","Goldman Sachs Alternatives","FUND-088","GS WSIP V","West Street Infrastructure Partners V","HIGH","NAMED_FUND","RAISING","EXPLICIT_NA_MANDATE","—","—","size","[$4.0B]","$4.0B target","Repository relies on secondary reporting and lacks primary-evidenced size classification and sector definition; corrected to the official fundraising disclosure while retaining the repository's Raising status.","RENAME_OR_CANONICAL_NAME | SIZE_OR_AMOUNT_CHANGE","https://am.gs.com/en-us/advisors/news/press-release/2026/goldman-sachs-alternatives-announces-first-close-of-west-street-infrastructure-partners-v"
"UPD-061","UPDATE","Goldman Sachs Asset Management","Goldman Sachs Alternatives","FUND-088","GS WSIP V","West Street Infrastructure Partners V","HIGH","NAMED_FUND","RAISING","EXPLICIT_NA_MANDATE","—","—","sizeNativeCurrency","—","USD","Repository relies on secondary reporting and lacks primary-evidenced size classification and sector definition; corrected to the official fundraising disclosure while retaining the repository's Raising status.","RENAME_OR_CANONICAL_NAME | SIZE_OR_AMOUNT_CHANGE","https://am.gs.com/en-us/advisors/news/press-release/2026/goldman-sachs-alternatives-announces-first-close-of-west-street-infrastructure-partners-v"
"UPD-061","UPDATE","Goldman Sachs Asset Management","Goldman Sachs Alternatives","FUND-088","GS WSIP V","West Street Infrastructure Partners V","HIGH","NAMED_FUND","RAISING","EXPLICIT_NA_MANDATE","—","—","sizeNativeAmount","—","4000000000","Repository relies on secondary reporting and lacks primary-evidenced size classification and sector definition; corrected to the official fundraising disclosure while retaining the repository's Raising status.","RENAME_OR_CANONICAL_NAME | SIZE_OR_AMOUNT_CHANGE","https://am.gs.com/en-us/advisors/news/press-release/2026/goldman-sachs-alternatives-announces-first-close-of-west-street-infrastructure-partners-v"
"UPD-061","UPDATE","Goldman Sachs Asset Management","Goldman Sachs Alternatives","FUND-088","GS WSIP V","West Street Infrastructure Partners V","HIGH","NAMED_FUND","RAISING","EXPLICIT_NA_MANDATE","—","—","sizeBasis","—","TARGET","Repository relies on secondary reporting and lacks primary-evidenced size classification and sector definition; corrected to the official fundraising disclosure while retaining the repository's Raising status.","RENAME_OR_CANONICAL_NAME | SIZE_OR_AMOUNT_CHANGE","https://am.gs.com/en-us/advisors/news/press-release/2026/goldman-sachs-alternatives-announces-first-close-of-west-street-infrastructure-partners-v"
"UPD-061","UPDATE","Goldman Sachs Asset Management","Goldman Sachs Alternatives","FUND-088","GS WSIP V","West Street Infrastructure Partners V","HIGH","NAMED_FUND","RAISING","EXPLICIT_NA_MANDATE","—","—","sizeAsOf","—","2026-06-01","Repository relies on secondary reporting and lacks primary-evidenced size classification and sector definition; corrected to the official fundraising disclosure while retaining the repository's Raising status.","RENAME_OR_CANONICAL_NAME | SIZE_OR_AMOUNT_CHANGE","https://am.gs.com/en-us/advisors/news/press-release/2026/goldman-sachs-alternatives-announces-first-close-of-west-street-infrastructure-partners-v"
"UPD-061","UPDATE","Goldman Sachs Asset Management","Goldman Sachs Alternatives","FUND-088","GS WSIP V","West Street Infrastructure Partners V","HIGH","NAMED_FUND","RAISING","EXPLICIT_NA_MANDATE","—","—","sectors","Power & ET | Utilities | Digital | Midstream | Transportation | Social Infra","Power & ET | Digital | Transportation","Repository relies on secondary reporting and lacks primary-evidenced size classification and sector definition; corrected to the official fundraising disclosure while retaining the repository's Raising status.","RENAME_OR_CANONICAL_NAME | SIZE_OR_AMOUNT_CHANGE","https://am.gs.com/en-us/advisors/news/press-release/2026/goldman-sachs-alternatives-announces-first-close-of-west-street-infrastructure-partners-v"
"UPD-062","UPDATE","H.I.G. Capital","H.I.G. Capital","FUND-089","H.I.G. Infrastructure Partners Fund I","H.I.G. Infrastructure Partners","HIGH","NAMED_FUND","CLOSED_ACTIVE","EXPLICIT_NA_MANDATE","—","—","fundName","H.I.G. Infrastructure Partners Fund I","H.I.G. Infrastructure Partners","Repository fund name and size semantics are simplified; official materials confirm canonical fund name and that $1.3B represents aggregate commitments including SMAs with a specific as-of date. Sector list refined to evidenced sectors.","RENAME_OR_CANONICAL_NAME | SIZE_OR_AMOUNT_CHANGE","https://www.hig.com/news/h-i-g-capital-closes-its-inaugural-infrastructure-fund-at-1-3-billion | https://www.hig.com/news/h-i-g-capital-launches-infrastructure-investment-platform | https://www.higinfrastructure.com/strategy/"
"UPD-062","UPDATE","H.I.G. Capital","H.I.G. Capital","FUND-089","H.I.G. Infrastructure Partners Fund I","H.I.G. Infrastructure Partners","HIGH","NAMED_FUND","CLOSED_ACTIVE","EXPLICIT_NA_MANDATE","—","—","size","$1.3B","$1.3B aggregate capital commitments (including separately managed accounts)","Repository fund name and size semantics are simplified; official materials confirm canonical fund name and that $1.3B represents aggregate commitments including SMAs with a specific as-of date. Sector list refined to evidenced sectors.","RENAME_OR_CANONICAL_NAME | SIZE_OR_AMOUNT_CHANGE","https://www.hig.com/news/h-i-g-capital-closes-its-inaugural-infrastructure-fund-at-1-3-billion | https://www.hig.com/news/h-i-g-capital-launches-infrastructure-investment-platform | https://www.higinfrastructure.com/strategy/"
"UPD-062","UPDATE","H.I.G. Capital","H.I.G. Capital","FUND-089","H.I.G. Infrastructure Partners Fund I","H.I.G. Infrastructure Partners","HIGH","NAMED_FUND","CLOSED_ACTIVE","EXPLICIT_NA_MANDATE","—","—","sizeNativeCurrency","—","USD","Repository fund name and size semantics are simplified; official materials confirm canonical fund name and that $1.3B represents aggregate commitments including SMAs with a specific as-of date. Sector list refined to evidenced sectors.","RENAME_OR_CANONICAL_NAME | SIZE_OR_AMOUNT_CHANGE","https://www.hig.com/news/h-i-g-capital-closes-its-inaugural-infrastructure-fund-at-1-3-billion | https://www.hig.com/news/h-i-g-capital-launches-infrastructure-investment-platform | https://www.higinfrastructure.com/strategy/"
"UPD-062","UPDATE","H.I.G. Capital","H.I.G. Capital","FUND-089","H.I.G. Infrastructure Partners Fund I","H.I.G. Infrastructure Partners","HIGH","NAMED_FUND","CLOSED_ACTIVE","EXPLICIT_NA_MANDATE","—","—","sizeNativeAmount","—","1300000000","Repository fund name and size semantics are simplified; official materials confirm canonical fund name and that $1.3B represents aggregate commitments including SMAs with a specific as-of date. Sector list refined to evidenced sectors.","RENAME_OR_CANONICAL_NAME | SIZE_OR_AMOUNT_CHANGE","https://www.hig.com/news/h-i-g-capital-closes-its-inaugural-infrastructure-fund-at-1-3-billion | https://www.hig.com/news/h-i-g-capital-launches-infrastructure-investment-platform | https://www.higinfrastructure.com/strategy/"
"UPD-062","UPDATE","H.I.G. Capital","H.I.G. Capital","FUND-089","H.I.G. Infrastructure Partners Fund I","H.I.G. Infrastructure Partners","HIGH","NAMED_FUND","CLOSED_ACTIVE","EXPLICIT_NA_MANDATE","—","—","sizeBasis","—","COMMITMENTS","Repository fund name and size semantics are simplified; official materials confirm canonical fund name and that $1.3B represents aggregate commitments including SMAs with a specific as-of date. Sector list refined to evidenced sectors.","RENAME_OR_CANONICAL_NAME | SIZE_OR_AMOUNT_CHANGE","https://www.hig.com/news/h-i-g-capital-closes-its-inaugural-infrastructure-fund-at-1-3-billion | https://www.hig.com/news/h-i-g-capital-launches-infrastructure-investment-platform | https://www.higinfrastructure.com/strategy/"
"UPD-062","UPDATE","H.I.G. Capital","H.I.G. Capital","FUND-089","H.I.G. Infrastructure Partners Fund I","H.I.G. Infrastructure Partners","HIGH","NAMED_FUND","CLOSED_ACTIVE","EXPLICIT_NA_MANDATE","—","—","sizeAsOf","—","2024-06-24","Repository fund name and size semantics are simplified; official materials confirm canonical fund name and that $1.3B represents aggregate commitments including SMAs with a specific as-of date. Sector list refined to evidenced sectors.","RENAME_OR_CANONICAL_NAME | SIZE_OR_AMOUNT_CHANGE","https://www.hig.com/news/h-i-g-capital-closes-its-inaugural-infrastructure-fund-at-1-3-billion | https://www.hig.com/news/h-i-g-capital-launches-infrastructure-investment-platform | https://www.higinfrastructure.com/strategy/"
"UPD-062","UPDATE","H.I.G. Capital","H.I.G. Capital","FUND-089","H.I.G. Infrastructure Partners Fund I","H.I.G. Infrastructure Partners","HIGH","NAMED_FUND","CLOSED_ACTIVE","EXPLICIT_NA_MANDATE","—","—","sectors","Power & ET | Digital | Transportation | Social Infra","Power & ET | Digital | Transportation","Repository fund name and size semantics are simplified; official materials confirm canonical fund name and that $1.3B represents aggregate commitments including SMAs with a specific as-of date. Sector list refined to evidenced sectors.","RENAME_OR_CANONICAL_NAME | SIZE_OR_AMOUNT_CHANGE","https://www.hig.com/news/h-i-g-capital-closes-its-inaugural-infrastructure-fund-at-1-3-billion | https://www.hig.com/news/h-i-g-capital-launches-infrastructure-investment-platform | https://www.higinfrastructure.com/strategy/"
"UPD-063","UPDATE","Harbert Management Corp","Harbert Management Corporation","FUND-090","Harbert HIF VI","Harbert Infrastructure Fund VI, LP","HIGH","NAMED_FUND","CLOSED_ACTIVE","EXPLICIT_NA_MANDATE","—","—","fundName","Harbert HIF VI","Harbert Infrastructure Fund VI, LP","Repository uses alias name and lacks full size semantics; corrected to official name and final close details.","RENAME_OR_CANONICAL_NAME | SIZE_OR_AMOUNT_CHANGE","https://www.globenewswire.com/news-release/2022/10/06/2529666/0/en/harbert-infrastructure-fund-vi-lp-announces-final-close.html"
"UPD-063","UPDATE","Harbert Management Corp","Harbert Management Corporation","FUND-090","Harbert HIF VI","Harbert Infrastructure Fund VI, LP","HIGH","NAMED_FUND","CLOSED_ACTIVE","EXPLICIT_NA_MANDATE","—","—","investmentStrategy","North American power and renewable energy fund investing across renewable, dispatchable, and distributed generation with an emphasis on contracted cash flows and active asset management.","North American power and renewable energy fund investing across renewable and dispatchable generation.","Repository uses alias name and lacks full size semantics; corrected to official name and final close details.","RENAME_OR_CANONICAL_NAME | SIZE_OR_AMOUNT_CHANGE","https://www.globenewswire.com/news-release/2022/10/06/2529666/0/en/harbert-infrastructure-fund-vi-lp-announces-final-close.html"
"UPD-063","UPDATE","Harbert Management Corp","Harbert Management Corporation","FUND-090","Harbert HIF VI","Harbert Infrastructure Fund VI, LP","HIGH","NAMED_FUND","CLOSED_ACTIVE","EXPLICIT_NA_MANDATE","—","—","size","$0.9B","$0.9B final close","Repository uses alias name and lacks full size semantics; corrected to official name and final close details.","RENAME_OR_CANONICAL_NAME | SIZE_OR_AMOUNT_CHANGE","https://www.globenewswire.com/news-release/2022/10/06/2529666/0/en/harbert-infrastructure-fund-vi-lp-announces-final-close.html"
"UPD-063","UPDATE","Harbert Management Corp","Harbert Management Corporation","FUND-090","Harbert HIF VI","Harbert Infrastructure Fund VI, LP","HIGH","NAMED_FUND","CLOSED_ACTIVE","EXPLICIT_NA_MANDATE","—","—","sizeNativeCurrency","—","USD","Repository uses alias name and lacks full size semantics; corrected to official name and final close details.","RENAME_OR_CANONICAL_NAME | SIZE_OR_AMOUNT_CHANGE","https://www.globenewswire.com/news-release/2022/10/06/2529666/0/en/harbert-infrastructure-fund-vi-lp-announces-final-close.html"
"UPD-063","UPDATE","Harbert Management Corp","Harbert Management Corporation","FUND-090","Harbert HIF VI","Harbert Infrastructure Fund VI, LP","HIGH","NAMED_FUND","CLOSED_ACTIVE","EXPLICIT_NA_MANDATE","—","—","sizeNativeAmount","—","900000000","Repository uses alias name and lacks full size semantics; corrected to official name and final close details.","RENAME_OR_CANONICAL_NAME | SIZE_OR_AMOUNT_CHANGE","https://www.globenewswire.com/news-release/2022/10/06/2529666/0/en/harbert-infrastructure-fund-vi-lp-announces-final-close.html"
"UPD-063","UPDATE","Harbert Management Corp","Harbert Management Corporation","FUND-090","Harbert HIF VI","Harbert Infrastructure Fund VI, LP","HIGH","NAMED_FUND","CLOSED_ACTIVE","EXPLICIT_NA_MANDATE","—","—","sizeBasis","—","FINAL_CLOSE","Repository uses alias name and lacks full size semantics; corrected to official name and final close details.","RENAME_OR_CANONICAL_NAME | SIZE_OR_AMOUNT_CHANGE","https://www.globenewswire.com/news-release/2022/10/06/2529666/0/en/harbert-infrastructure-fund-vi-lp-announces-final-close.html"
"UPD-063","UPDATE","Harbert Management Corp","Harbert Management Corporation","FUND-090","Harbert HIF VI","Harbert Infrastructure Fund VI, LP","HIGH","NAMED_FUND","CLOSED_ACTIVE","EXPLICIT_NA_MANDATE","—","—","sizeAsOf","—","2022-10-06","Repository uses alias name and lacks full size semantics; corrected to official name and final close details.","RENAME_OR_CANONICAL_NAME | SIZE_OR_AMOUNT_CHANGE","https://www.globenewswire.com/news-release/2022/10/06/2529666/0/en/harbert-infrastructure-fund-vi-lp-announces-final-close.html"
"UPD-064","UPDATE","Harrison Street","Harrison Street","FUND-092","Harrison Street Social Infrastructure Fund","Harrison Street Infrastructure Fund, L.P.","HIGH","NAMED_FUND","EVERGREEN_ACTIVE","EXPLICIT_NA_MANDATE","—","—","fundName","Harrison Street Social Infrastructure Fund","Harrison Street Infrastructure Fund, L.P.","Repository uses outdated fund name and unsupported size figure; primary SEC filings confirm rename and provide current fundraising amount semantics.","RENAME_OR_CANONICAL_NAME | SIZE_OR_AMOUNT_CHANGE","https://reports.adviserinfo.sec.gov/reports/ADV/157983/PDF/157983.pdf | https://www.sec.gov/Archives/edgar/data/1744140/000174414026000003/xslFormDX01/primary_doc.xml | https://www.harrisonst.com/infrastructure/"
"UPD-064","UPDATE","Harrison Street","Harrison Street","FUND-092","Harrison Street Social Infrastructure Fund","Harrison Street Infrastructure Fund, L.P.","HIGH","NAMED_FUND","EVERGREEN_ACTIVE","EXPLICIT_NA_MANDATE","—","—","investmentStrategy","Essential-infrastructure strategy serving municipality, university, school, and hospital users through PPP campus assets, district energy, renewables, and fiber / digital infrastructure.","Core-plus essential infrastructure strategy investing in North American social, utility, renewable and digital infrastructure assets serving institutional users.","Repository uses outdated fund name and unsupported size figure; primary SEC filings confirm rename and provide current fundraising amount semantics.","RENAME_OR_CANONICAL_NAME | SIZE_OR_AMOUNT_CHANGE","https://reports.adviserinfo.sec.gov/reports/ADV/157983/PDF/157983.pdf | https://www.sec.gov/Archives/edgar/data/1744140/000174414026000003/xslFormDX01/primary_doc.xml | https://www.harrisonst.com/infrastructure/"
"UPD-064","UPDATE","Harrison Street","Harrison Street","FUND-092","Harrison Street Social Infrastructure Fund","Harrison Street Infrastructure Fund, L.P.","HIGH","NAMED_FUND","EVERGREEN_ACTIVE","EXPLICIT_NA_MANDATE","—","—","size","$5.3B","$2.6071B amount sold","Repository uses outdated fund name and unsupported size figure; primary SEC filings confirm rename and provide current fundraising amount semantics.","RENAME_OR_CANONICAL_NAME | SIZE_OR_AMOUNT_CHANGE","https://reports.adviserinfo.sec.gov/reports/ADV/157983/PDF/157983.pdf | https://www.sec.gov/Archives/edgar/data/1744140/000174414026000003/xslFormDX01/primary_doc.xml | https://www.harrisonst.com/infrastructure/"
"UPD-064","UPDATE","Harrison Street","Harrison Street","FUND-092","Harrison Street Social Infrastructure Fund","Harrison Street Infrastructure Fund, L.P.","HIGH","NAMED_FUND","EVERGREEN_ACTIVE","EXPLICIT_NA_MANDATE","—","—","sizeUsdMm","5300","2607.1","Repository uses outdated fund name and unsupported size figure; primary SEC filings confirm rename and provide current fundraising amount semantics.","RENAME_OR_CANONICAL_NAME | SIZE_OR_AMOUNT_CHANGE","https://reports.adviserinfo.sec.gov/reports/ADV/157983/PDF/157983.pdf | https://www.sec.gov/Archives/edgar/data/1744140/000174414026000003/xslFormDX01/primary_doc.xml | https://www.harrisonst.com/infrastructure/"
"UPD-064","UPDATE","Harrison Street","Harrison Street","FUND-092","Harrison Street Social Infrastructure Fund","Harrison Street Infrastructure Fund, L.P.","HIGH","NAMED_FUND","EVERGREEN_ACTIVE","EXPLICIT_NA_MANDATE","—","—","sizeNativeCurrency","—","USD","Repository uses outdated fund name and unsupported size figure; primary SEC filings confirm rename and provide current fundraising amount semantics.","RENAME_OR_CANONICAL_NAME | SIZE_OR_AMOUNT_CHANGE","https://reports.adviserinfo.sec.gov/reports/ADV/157983/PDF/157983.pdf | https://www.sec.gov/Archives/edgar/data/1744140/000174414026000003/xslFormDX01/primary_doc.xml | https://www.harrisonst.com/infrastructure/"
"UPD-064","UPDATE","Harrison Street","Harrison Street","FUND-092","Harrison Street Social Infrastructure Fund","Harrison Street Infrastructure Fund, L.P.","HIGH","NAMED_FUND","EVERGREEN_ACTIVE","EXPLICIT_NA_MANDATE","—","—","sizeNativeAmount","—","2607100000","Repository uses outdated fund name and unsupported size figure; primary SEC filings confirm rename and provide current fundraising amount semantics.","RENAME_OR_CANONICAL_NAME | SIZE_OR_AMOUNT_CHANGE","https://reports.adviserinfo.sec.gov/reports/ADV/157983/PDF/157983.pdf | https://www.sec.gov/Archives/edgar/data/1744140/000174414026000003/xslFormDX01/primary_doc.xml | https://www.harrisonst.com/infrastructure/"
"UPD-064","UPDATE","Harrison Street","Harrison Street","FUND-092","Harrison Street Social Infrastructure Fund","Harrison Street Infrastructure Fund, L.P.","HIGH","NAMED_FUND","EVERGREEN_ACTIVE","EXPLICIT_NA_MANDATE","—","—","sizeBasis","—","AMOUNT_SOLD","Repository uses outdated fund name and unsupported size figure; primary SEC filings confirm rename and provide current fundraising amount semantics.","RENAME_OR_CANONICAL_NAME | SIZE_OR_AMOUNT_CHANGE","https://reports.adviserinfo.sec.gov/reports/ADV/157983/PDF/157983.pdf | https://www.sec.gov/Archives/edgar/data/1744140/000174414026000003/xslFormDX01/primary_doc.xml | https://www.harrisonst.com/infrastructure/"
"UPD-064","UPDATE","Harrison Street","Harrison Street","FUND-092","Harrison Street Social Infrastructure Fund","Harrison Street Infrastructure Fund, L.P.","HIGH","NAMED_FUND","EVERGREEN_ACTIVE","EXPLICIT_NA_MANDATE","—","—","sizeAsOf","—","2026-02-04","Repository uses outdated fund name and unsupported size figure; primary SEC filings confirm rename and provide current fundraising amount semantics.","RENAME_OR_CANONICAL_NAME | SIZE_OR_AMOUNT_CHANGE","https://reports.adviserinfo.sec.gov/reports/ADV/157983/PDF/157983.pdf | https://www.sec.gov/Archives/edgar/data/1744140/000174414026000003/xslFormDX01/primary_doc.xml | https://www.harrisonst.com/infrastructure/"
"UPD-064","UPDATE","Harrison Street","Harrison Street","FUND-092","Harrison Street Social Infrastructure Fund","Harrison Street Infrastructure Fund, L.P.","HIGH","NAMED_FUND","EVERGREEN_ACTIVE","EXPLICIT_NA_MANDATE","—","—","sourceUrls","https://www.sec.gov/Archives/edgar/data/1744138/000174413825000002/xslFormDX08/primary_doc.xml | https://www.sec.gov/Archives/edgar/data/1744140/000174414024000001/xslFormDX01/primary_doc.xml","https://www.sec.gov/Archives/edgar/data/1744140/000174414026000003/xslFormDX01/primary_doc.xml | https://reports.adviserinfo.sec.gov/reports/ADV/157983/PDF/157983.pdf","Repository uses outdated fund name and unsupported size figure; primary SEC filings confirm rename and provide current fundraising amount semantics.","RENAME_OR_CANONICAL_NAME | SIZE_OR_AMOUNT_CHANGE","https://reports.adviserinfo.sec.gov/reports/ADV/157983/PDF/157983.pdf | https://www.sec.gov/Archives/edgar/data/1744140/000174414026000003/xslFormDX01/primary_doc.xml | https://www.harrisonst.com/infrastructure/"
"UPD-064","UPDATE","Harrison Street","Harrison Street","FUND-092","Harrison Street Social Infrastructure Fund","Harrison Street Infrastructure Fund, L.P.","HIGH","NAMED_FUND","EVERGREEN_ACTIVE","EXPLICIT_NA_MANDATE","—","—","strategyUrl","https://harrisonst.com/infrastructure/","https://www.harrisonst.com/infrastructure/","Repository uses outdated fund name and unsupported size figure; primary SEC filings confirm rename and provide current fundraising amount semantics.","RENAME_OR_CANONICAL_NAME | SIZE_OR_AMOUNT_CHANGE","https://reports.adviserinfo.sec.gov/reports/ADV/157983/PDF/157983.pdf | https://www.sec.gov/Archives/edgar/data/1744140/000174414026000003/xslFormDX01/primary_doc.xml | https://www.harrisonst.com/infrastructure/"
"UPD-065","UPDATE","I Squared Capital","I Squared Capital","FUND-093","ISQ Energy Transition Infrastructure Fund","ISQ Energy Transition Infrastructure Fund","HIGH","NAMED_FUND","CLOSED_ACTIVE","EXPLICIT_NA_MANDATE","—","—","investmentStrategy","Dedicated transition vehicle launched in 2023, targeting platform investments across clean-energy creation, storage, electrification, and related decarbonization infrastructure in North America and Europe.","Dedicated transition vehicle launched in 2023 targeting platform investments across clean-energy creation, storage, electrification, and related decarbonization infrastructure in North America and Europe.","The repository lacked size information and classified the fund as having reached financial close; the SEC filing reports an ongoing offering and an amount sold.","STATUS_TRANSITION | SIZE_OR_AMOUNT_CHANGE","https://isquaredcapital.com/cpt_news/i-squared-capital-accelerates-u-s-energy-transition-with-acquisition-of-oregons-premier-renewable-fuels-terminal/ | https://www.sec.gov/Archives/edgar/data/1987041/000198704124000003/xslFormDX01/primary_doc.xml"
"UPD-065","UPDATE","I Squared Capital","I Squared Capital","FUND-093","ISQ Energy Transition Infrastructure Fund","ISQ Energy Transition Infrastructure Fund","HIGH","NAMED_FUND","CLOSED_ACTIVE","EXPLICIT_NA_MANDATE","—","—","size","—","$881.6M amount sold","The repository lacked size information and classified the fund as having reached financial close; the SEC filing reports an ongoing offering and an amount sold.","STATUS_TRANSITION | SIZE_OR_AMOUNT_CHANGE","https://isquaredcapital.com/cpt_news/i-squared-capital-accelerates-u-s-energy-transition-with-acquisition-of-oregons-premier-renewable-fuels-terminal/ | https://www.sec.gov/Archives/edgar/data/1987041/000198704124000003/xslFormDX01/primary_doc.xml"
"UPD-065","UPDATE","I Squared Capital","I Squared Capital","FUND-093","ISQ Energy Transition Infrastructure Fund","ISQ Energy Transition Infrastructure Fund","HIGH","NAMED_FUND","CLOSED_ACTIVE","EXPLICIT_NA_MANDATE","—","—","sizeUsdMm","—","881.6","The repository lacked size information and classified the fund as having reached financial close; the SEC filing reports an ongoing offering and an amount sold.","STATUS_TRANSITION | SIZE_OR_AMOUNT_CHANGE","https://isquaredcapital.com/cpt_news/i-squared-capital-accelerates-u-s-energy-transition-with-acquisition-of-oregons-premier-renewable-fuels-terminal/ | https://www.sec.gov/Archives/edgar/data/1987041/000198704124000003/xslFormDX01/primary_doc.xml"
"UPD-065","UPDATE","I Squared Capital","I Squared Capital","FUND-093","ISQ Energy Transition Infrastructure Fund","ISQ Energy Transition Infrastructure Fund","HIGH","NAMED_FUND","CLOSED_ACTIVE","EXPLICIT_NA_MANDATE","—","—","sizeNativeCurrency","—","USD","The repository lacked size information and classified the fund as having reached financial close; the SEC filing reports an ongoing offering and an amount sold.","STATUS_TRANSITION | SIZE_OR_AMOUNT_CHANGE","https://isquaredcapital.com/cpt_news/i-squared-capital-accelerates-u-s-energy-transition-with-acquisition-of-oregons-premier-renewable-fuels-terminal/ | https://www.sec.gov/Archives/edgar/data/1987041/000198704124000003/xslFormDX01/primary_doc.xml"
"UPD-065","UPDATE","I Squared Capital","I Squared Capital","FUND-093","ISQ Energy Transition Infrastructure Fund","ISQ Energy Transition Infrastructure Fund","HIGH","NAMED_FUND","CLOSED_ACTIVE","EXPLICIT_NA_MANDATE","—","—","sizeNativeAmount","—","881627920","The repository lacked size information and classified the fund as having reached financial close; the SEC filing reports an ongoing offering and an amount sold.","STATUS_TRANSITION | SIZE_OR_AMOUNT_CHANGE","https://isquaredcapital.com/cpt_news/i-squared-capital-accelerates-u-s-energy-transition-with-acquisition-of-oregons-premier-renewable-fuels-terminal/ | https://www.sec.gov/Archives/edgar/data/1987041/000198704124000003/xslFormDX01/primary_doc.xml"
"UPD-065","UPDATE","I Squared Capital","I Squared Capital","FUND-093","ISQ Energy Transition Infrastructure Fund","ISQ Energy Transition Infrastructure Fund","HIGH","NAMED_FUND","CLOSED_ACTIVE","EXPLICIT_NA_MANDATE","—","—","sizeBasis","—","AMOUNT_SOLD","The repository lacked size information and classified the fund as having reached financial close; the SEC filing reports an ongoing offering and an amount sold.","STATUS_TRANSITION | SIZE_OR_AMOUNT_CHANGE","https://isquaredcapital.com/cpt_news/i-squared-capital-accelerates-u-s-energy-transition-with-acquisition-of-oregons-premier-renewable-fuels-terminal/ | https://www.sec.gov/Archives/edgar/data/1987041/000198704124000003/xslFormDX01/primary_doc.xml"
"UPD-065","UPDATE","I Squared Capital","I Squared Capital","FUND-093","ISQ Energy Transition Infrastructure Fund","ISQ Energy Transition Infrastructure Fund","HIGH","NAMED_FUND","CLOSED_ACTIVE","EXPLICIT_NA_MANDATE","—","—","sizeAsOf","—","2026-06-26","The repository lacked size information and classified the fund as having reached financial close; the SEC filing reports an ongoing offering and an amount sold.","STATUS_TRANSITION | SIZE_OR_AMOUNT_CHANGE","https://isquaredcapital.com/cpt_news/i-squared-capital-accelerates-u-s-energy-transition-with-acquisition-of-oregons-premier-renewable-fuels-terminal/ | https://www.sec.gov/Archives/edgar/data/1987041/000198704124000003/xslFormDX01/primary_doc.xml"
"UPD-065","UPDATE","I Squared Capital","I Squared Capital","FUND-093","ISQ Energy Transition Infrastructure Fund","ISQ Energy Transition Infrastructure Fund","HIGH","NAMED_FUND","CLOSED_ACTIVE","EXPLICIT_NA_MANDATE","—","—","fundStatus","Financial Close","Raising","The repository lacked size information and classified the fund as having reached financial close; the SEC filing reports an ongoing offering and an amount sold.","STATUS_TRANSITION | SIZE_OR_AMOUNT_CHANGE","https://isquaredcapital.com/cpt_news/i-squared-capital-accelerates-u-s-energy-transition-with-acquisition-of-oregons-premier-renewable-fuels-terminal/ | https://www.sec.gov/Archives/edgar/data/1987041/000198704124000003/xslFormDX01/primary_doc.xml"
"UPD-066","UPDATE","I Squared Capital","I Squared Capital","FUND-094","ISQ Global Infrastructure Fund IV","ISQ Global Infrastructure Fund IV","HIGH","NAMED_FUND","RAISING","EXPLICIT_NA_MANDATE","—","—","investmentStrategy","Flagship global value-add infrastructure fund focused on diversified middle-market/platform scale-up investing across North America, Europe, and select growth markets.","Flagship global value-add infrastructure fund focused on diversified middle-market and platform scale-up investing across North America, Europe, and select growth markets.","The repository used a target-size placeholder; the corrected fields reflect the verified first-close amount and date. The repository vintage is retained because the opened evidence did not establish a different vintage.","SIZE_OR_AMOUNT_CHANGE","https://isquaredcapital.com/cpt_news/i-squared-capital-announces-first-close-of-its-global-infrastructure-fund-iv/ | https://www.pa.gov/content/dam/copapwp-pagov/en/psers/documents/board3/resolutions/2025/2025.21%20pserb%20resolution%20i%20squared%20global%20infrastructure%20fund%20iv.pdf"
"UPD-066","UPDATE","I Squared Capital","I Squared Capital","FUND-094","ISQ Global Infrastructure Fund IV","ISQ Global Infrastructure Fund IV","HIGH","NAMED_FUND","RAISING","EXPLICIT_NA_MANDATE","—","—","size","[$15.0B]","$10.0B first close","The repository used a target-size placeholder; the corrected fields reflect the verified first-close amount and date. The repository vintage is retained because the opened evidence did not establish a different vintage.","SIZE_OR_AMOUNT_CHANGE","https://isquaredcapital.com/cpt_news/i-squared-capital-announces-first-close-of-its-global-infrastructure-fund-iv/ | https://www.pa.gov/content/dam/copapwp-pagov/en/psers/documents/board3/resolutions/2025/2025.21%20pserb%20resolution%20i%20squared%20global%20infrastructure%20fund%20iv.pdf"
"UPD-066","UPDATE","I Squared Capital","I Squared Capital","FUND-094","ISQ Global Infrastructure Fund IV","ISQ Global Infrastructure Fund IV","HIGH","NAMED_FUND","RAISING","EXPLICIT_NA_MANDATE","—","—","sizeUsdMm","15000","10000","The repository used a target-size placeholder; the corrected fields reflect the verified first-close amount and date. The repository vintage is retained because the opened evidence did not establish a different vintage.","SIZE_OR_AMOUNT_CHANGE","https://isquaredcapital.com/cpt_news/i-squared-capital-announces-first-close-of-its-global-infrastructure-fund-iv/ | https://www.pa.gov/content/dam/copapwp-pagov/en/psers/documents/board3/resolutions/2025/2025.21%20pserb%20resolution%20i%20squared%20global%20infrastructure%20fund%20iv.pdf"
"UPD-066","UPDATE","I Squared Capital","I Squared Capital","FUND-094","ISQ Global Infrastructure Fund IV","ISQ Global Infrastructure Fund IV","HIGH","NAMED_FUND","RAISING","EXPLICIT_NA_MANDATE","—","—","sizeNativeCurrency","—","USD","The repository used a target-size placeholder; the corrected fields reflect the verified first-close amount and date. The repository vintage is retained because the opened evidence did not establish a different vintage.","SIZE_OR_AMOUNT_CHANGE","https://isquaredcapital.com/cpt_news/i-squared-capital-announces-first-close-of-its-global-infrastructure-fund-iv/ | https://www.pa.gov/content/dam/copapwp-pagov/en/psers/documents/board3/resolutions/2025/2025.21%20pserb%20resolution%20i%20squared%20global%20infrastructure%20fund%20iv.pdf"
"UPD-066","UPDATE","I Squared Capital","I Squared Capital","FUND-094","ISQ Global Infrastructure Fund IV","ISQ Global Infrastructure Fund IV","HIGH","NAMED_FUND","RAISING","EXPLICIT_NA_MANDATE","—","—","sizeNativeAmount","—","10000000000","The repository used a target-size placeholder; the corrected fields reflect the verified first-close amount and date. The repository vintage is retained because the opened evidence did not establish a different vintage.","SIZE_OR_AMOUNT_CHANGE","https://isquaredcapital.com/cpt_news/i-squared-capital-announces-first-close-of-its-global-infrastructure-fund-iv/ | https://www.pa.gov/content/dam/copapwp-pagov/en/psers/documents/board3/resolutions/2025/2025.21%20pserb%20resolution%20i%20squared%20global%20infrastructure%20fund%20iv.pdf"
"UPD-066","UPDATE","I Squared Capital","I Squared Capital","FUND-094","ISQ Global Infrastructure Fund IV","ISQ Global Infrastructure Fund IV","HIGH","NAMED_FUND","RAISING","EXPLICIT_NA_MANDATE","—","—","sizeBasis","—","FIRST_CLOSE","The repository used a target-size placeholder; the corrected fields reflect the verified first-close amount and date. The repository vintage is retained because the opened evidence did not establish a different vintage.","SIZE_OR_AMOUNT_CHANGE","https://isquaredcapital.com/cpt_news/i-squared-capital-announces-first-close-of-its-global-infrastructure-fund-iv/ | https://www.pa.gov/content/dam/copapwp-pagov/en/psers/documents/board3/resolutions/2025/2025.21%20pserb%20resolution%20i%20squared%20global%20infrastructure%20fund%20iv.pdf"
"UPD-066","UPDATE","I Squared Capital","I Squared Capital","FUND-094","ISQ Global Infrastructure Fund IV","ISQ Global Infrastructure Fund IV","HIGH","NAMED_FUND","RAISING","EXPLICIT_NA_MANDATE","—","—","sizeAsOf","—","2026-04-30","The repository used a target-size placeholder; the corrected fields reflect the verified first-close amount and date. The repository vintage is retained because the opened evidence did not establish a different vintage.","SIZE_OR_AMOUNT_CHANGE","https://isquaredcapital.com/cpt_news/i-squared-capital-announces-first-close-of-its-global-infrastructure-fund-iv/ | https://www.pa.gov/content/dam/copapwp-pagov/en/psers/documents/board3/resolutions/2025/2025.21%20pserb%20resolution%20i%20squared%20global%20infrastructure%20fund%20iv.pdf"
"UPD-067","UPDATE","iCON Infrastructure","iCON Infrastructure","FUND-095","iCON Infrastructure Fund VII","iCON Infrastructure Partners VII","HIGH","NAMED_FUND","CLOSED_ACTIVE","EXPLICIT_NA_MANDATE","—","—","fundName","iCON Infrastructure Fund VII","iCON Infrastructure Partners VII","The repository uses an outdated fund name and lifecycle classification and does not classify the disclosed commitments amount. Official materials support the corrected name, financial-close status, commitments classification and 2025 vintage. Because the official website does not provide a separate date for the commitments figure, the 2026-07-29 retrieval date is recorded as the observation date.","RENAME_OR_CANONICAL_NAME | STATUS_TRANSITION | SIZE_OR_AMOUNT_CHANGE","https://www.iconinfrastructure.com/"
"UPD-067","UPDATE","iCON Infrastructure","iCON Infrastructure","FUND-095","iCON Infrastructure Fund VII","iCON Infrastructure Partners VII","HIGH","NAMED_FUND","CLOSED_ACTIVE","EXPLICIT_NA_MANDATE","—","—","investmentStrategy","Seventh flagship iCON vehicle continuing a diversified mid-market infrastructure strategy across Europe and North America, explicitly spanning transport, utilities, telecoms, energy & environment and social infrastructure.","Mid-market direct equity infrastructure strategy investing across transport, utilities, telecoms, energy & environment and social infrastructure in Europe and North America.","The repository uses an outdated fund name and lifecycle classification and does not classify the disclosed commitments amount. Official materials support the corrected name, financial-close status, commitments classification and 2025 vintage. Because the official website does not provide a separate date for the commitments figure, the 2026-07-29 retrieval date is recorded as the observation date.","RENAME_OR_CANONICAL_NAME | STATUS_TRANSITION | SIZE_OR_AMOUNT_CHANGE","https://www.iconinfrastructure.com/"
"UPD-067","UPDATE","iCON Infrastructure","iCON Infrastructure","FUND-095","iCON Infrastructure Fund VII","iCON Infrastructure Partners VII","HIGH","NAMED_FUND","CLOSED_ACTIVE","EXPLICIT_NA_MANDATE","—","—","size","$3.7B","$3.7B commitments","The repository uses an outdated fund name and lifecycle classification and does not classify the disclosed commitments amount. Official materials support the corrected name, financial-close status, commitments classification and 2025 vintage. Because the official website does not provide a separate date for the commitments figure, the 2026-07-29 retrieval date is recorded as the observation date.","RENAME_OR_CANONICAL_NAME | STATUS_TRANSITION | SIZE_OR_AMOUNT_CHANGE","https://www.iconinfrastructure.com/"
"UPD-067","UPDATE","iCON Infrastructure","iCON Infrastructure","FUND-095","iCON Infrastructure Fund VII","iCON Infrastructure Partners VII","HIGH","NAMED_FUND","CLOSED_ACTIVE","EXPLICIT_NA_MANDATE","—","—","sizeNativeCurrency","—","USD","The repository uses an outdated fund name and lifecycle classification and does not classify the disclosed commitments amount. Official materials support the corrected name, financial-close status, commitments classification and 2025 vintage. Because the official website does not provide a separate date for the commitments figure, the 2026-07-29 retrieval date is recorded as the observation date.","RENAME_OR_CANONICAL_NAME | STATUS_TRANSITION | SIZE_OR_AMOUNT_CHANGE","https://www.iconinfrastructure.com/"
"UPD-067","UPDATE","iCON Infrastructure","iCON Infrastructure","FUND-095","iCON Infrastructure Fund VII","iCON Infrastructure Partners VII","HIGH","NAMED_FUND","CLOSED_ACTIVE","EXPLICIT_NA_MANDATE","—","—","sizeNativeAmount","—","3700000000","The repository uses an outdated fund name and lifecycle classification and does not classify the disclosed commitments amount. Official materials support the corrected name, financial-close status, commitments classification and 2025 vintage. Because the official website does not provide a separate date for the commitments figure, the 2026-07-29 retrieval date is recorded as the observation date.","RENAME_OR_CANONICAL_NAME | STATUS_TRANSITION | SIZE_OR_AMOUNT_CHANGE","https://www.iconinfrastructure.com/"
"UPD-067","UPDATE","iCON Infrastructure","iCON Infrastructure","FUND-095","iCON Infrastructure Fund VII","iCON Infrastructure Partners VII","HIGH","NAMED_FUND","CLOSED_ACTIVE","EXPLICIT_NA_MANDATE","—","—","sizeBasis","—","COMMITMENTS","The repository uses an outdated fund name and lifecycle classification and does not classify the disclosed commitments amount. Official materials support the corrected name, financial-close status, commitments classification and 2025 vintage. Because the official website does not provide a separate date for the commitments figure, the 2026-07-29 retrieval date is recorded as the observation date.","RENAME_OR_CANONICAL_NAME | STATUS_TRANSITION | SIZE_OR_AMOUNT_CHANGE","https://www.iconinfrastructure.com/"
"UPD-067","UPDATE","iCON Infrastructure","iCON Infrastructure","FUND-095","iCON Infrastructure Fund VII","iCON Infrastructure Partners VII","HIGH","NAMED_FUND","CLOSED_ACTIVE","EXPLICIT_NA_MANDATE","—","—","sizeAsOf","—","2026-07-29","The repository uses an outdated fund name and lifecycle classification and does not classify the disclosed commitments amount. Official materials support the corrected name, financial-close status, commitments classification and 2025 vintage. Because the official website does not provide a separate date for the commitments figure, the 2026-07-29 retrieval date is recorded as the observation date.","RENAME_OR_CANONICAL_NAME | STATUS_TRANSITION | SIZE_OR_AMOUNT_CHANGE","https://www.iconinfrastructure.com/"
"UPD-067","UPDATE","iCON Infrastructure","iCON Infrastructure","FUND-095","iCON Infrastructure Fund VII","iCON Infrastructure Partners VII","HIGH","NAMED_FUND","CLOSED_ACTIVE","EXPLICIT_NA_MANDATE","—","—","vintage","Raising","2025","The repository uses an outdated fund name and lifecycle classification and does not classify the disclosed commitments amount. Official materials support the corrected name, financial-close status, commitments classification and 2025 vintage. Because the official website does not provide a separate date for the commitments figure, the 2026-07-29 retrieval date is recorded as the observation date.","RENAME_OR_CANONICAL_NAME | STATUS_TRANSITION | SIZE_OR_AMOUNT_CHANGE","https://www.iconinfrastructure.com/"
"UPD-067","UPDATE","iCON Infrastructure","iCON Infrastructure","FUND-095","iCON Infrastructure Fund VII","iCON Infrastructure Partners VII","HIGH","NAMED_FUND","CLOSED_ACTIVE","EXPLICIT_NA_MANDATE","—","—","fundStatus","Raising","Financial Close","The repository uses an outdated fund name and lifecycle classification and does not classify the disclosed commitments amount. Official materials support the corrected name, financial-close status, commitments classification and 2025 vintage. Because the official website does not provide a separate date for the commitments figure, the 2026-07-29 retrieval date is recorded as the observation date.","RENAME_OR_CANONICAL_NAME | STATUS_TRANSITION | SIZE_OR_AMOUNT_CHANGE","https://www.iconinfrastructure.com/"
"UPD-068","UPDATE","IFM Investors","IFM Investors","FUND-096","IFM CETF","IFM Core Energy Transition Fund","HIGH","NAMED_FUND","EVERGREEN_ACTIVE","VERIFIED_CURRENT_NA_HOLDING: Swift Current Energy","—","—","fundName","IFM CETF","IFM Core Energy Transition Fund","Repository uses abbreviated name and lacks North America classification and fund-specific sources","RENAME_OR_CANONICAL_NAME","https://www.ifminvestors.com/newsroom/ifm-investors-acquires-stake-in-swift-current-energy/ | https://www.ifminvestors.com/capabilities/infrastructure/"
"UPD-068","UPDATE","IFM Investors","IFM Investors","FUND-096","IFM CETF","IFM Core Energy Transition Fund","HIGH","NAMED_FUND","EVERGREEN_ACTIVE","VERIFIED_CURRENT_NA_HOLDING: Swift Current Energy","—","—","investmentStrategy","Open-ended energy-transition vehicle, publicly described as the renamed NZIF, targeting essential infrastructure that accelerates the shift to net zero across renewables, storage, grids, low-carbon fuels, and carbon capture.","Open-ended energy transition infrastructure fund targeting renewable energy, storage, and decarbonization assets","Repository uses abbreviated name and lacks North America classification and fund-specific sources","RENAME_OR_CANONICAL_NAME","https://www.ifminvestors.com/newsroom/ifm-investors-acquires-stake-in-swift-current-energy/ | https://www.ifminvestors.com/capabilities/infrastructure/"
"UPD-068","UPDATE","IFM Investors","IFM Investors","FUND-096","IFM CETF","IFM Core Energy Transition Fund","HIGH","NAMED_FUND","EVERGREEN_ACTIVE","VERIFIED_CURRENT_NA_HOLDING: Swift Current Energy","—","—","regions","Global","North America | Global","Repository uses abbreviated name and lacks North America classification and fund-specific sources","RENAME_OR_CANONICAL_NAME","https://www.ifminvestors.com/newsroom/ifm-investors-acquires-stake-in-swift-current-energy/ | https://www.ifminvestors.com/capabilities/infrastructure/"
"UPD-069","UPDATE","IFM Investors","IFM Investors","FUND-097","IFM Global Infrastructure Fund (GIF)","IFM Global Infrastructure Fund","HIGH","NAMED_FUND","EVERGREEN_ACTIVE","VERIFIED_CURRENT_NA_HOLDING: Buckeye Partners","—","—","fundName","IFM Global Infrastructure Fund (GIF)","IFM Global Infrastructure Fund","Repository omits North America classification and uses non-fund-specific sources","RENAME_OR_CANONICAL_NAME","https://www.ifminvestors.com/newsroom/ifm-investors-completes-acquisition-of-buckeye-partners/ | https://www.ifminvestors.com/portfolio/buckeye-partners/ | https://www.ifminvestors.com/capabilities/infrastructure/"
"UPD-069","UPDATE","IFM Investors","IFM Investors","FUND-097","IFM Global Infrastructure Fund (GIF)","IFM Global Infrastructure Fund","HIGH","NAMED_FUND","EVERGREEN_ACTIVE","VERIFIED_CURRENT_NA_HOLDING: Buckeye Partners","—","—","investmentStrategy","Open-ended global core infrastructure fund investing mainly in developed/OECD markets, with a hold-manage-reinvest model built around strong market-position assets and long-duration cash-yield plus capital-growth returns.","Open-ended global core/core-plus infrastructure fund investing in essential infrastructure assets with long-term cash yields and capital growth","Repository omits North America classification and uses non-fund-specific sources","RENAME_OR_CANONICAL_NAME","https://www.ifminvestors.com/newsroom/ifm-investors-completes-acquisition-of-buckeye-partners/ | https://www.ifminvestors.com/portfolio/buckeye-partners/ | https://www.ifminvestors.com/capabilities/infrastructure/"
"UPD-069","UPDATE","IFM Investors","IFM Investors","FUND-097","IFM Global Infrastructure Fund (GIF)","IFM Global Infrastructure Fund","HIGH","NAMED_FUND","EVERGREEN_ACTIVE","VERIFIED_CURRENT_NA_HOLDING: Buckeye Partners","—","—","regions","Global","North America | Global","Repository omits North America classification and uses non-fund-specific sources","RENAME_OR_CANONICAL_NAME","https://www.ifminvestors.com/newsroom/ifm-investors-completes-acquisition-of-buckeye-partners/ | https://www.ifminvestors.com/portfolio/buckeye-partners/ | https://www.ifminvestors.com/capabilities/infrastructure/"
"UPD-070","UPDATE","Igneo Infrastructure Partners","Igneo Infrastructure Partners","FUND-098","Global Diversified Infrastructure Fund (GDIF)","Global Diversified Infrastructure Fund (GDIF)","HIGH","NAMED_FUND","EVERGREEN_ACTIVE","VERIFIED_CURRENT_NA_HOLDING: Patriot Rail Company LLC","—","—","investmentStrategy","Open-ended global income-oriented infrastructure vehicle; public GDIF-specific evidence is strongest in renewables plus water/waste platforms rather than a clearly proven digital/transport-heavy mix.","Open-ended global diversified direct infrastructure equity fund investing across energy, utilities and transport assets.","Repository size and geography fields lack current evidenced AUM basis and North American attribution tied to a specific holding.","SIZE_OR_AMOUNT_CHANGE","https://www.igneoip.com/usa/en/institutional/news-and-insights/press/igneo-announces-first-close-of-north-american-infrastructure-strategy.html | https://www.federalregister.gov/documents/2024/06/21/2024-13768/notice-of-filing-of-application-for-approval-of-continued-operation-and-control-exemption-patriot"
"UPD-070","UPDATE","Igneo Infrastructure Partners","Igneo Infrastructure Partners","FUND-098","Global Diversified Infrastructure Fund (GDIF)","Global Diversified Infrastructure Fund (GDIF)","HIGH","NAMED_FUND","EVERGREEN_ACTIVE","VERIFIED_CURRENT_NA_HOLDING: Patriot Rail Company LLC","—","—","size","$7.5B","$7.2B+ AUM","Repository size and geography fields lack current evidenced AUM basis and North American attribution tied to a specific holding.","SIZE_OR_AMOUNT_CHANGE","https://www.igneoip.com/usa/en/institutional/news-and-insights/press/igneo-announces-first-close-of-north-american-infrastructure-strategy.html | https://www.federalregister.gov/documents/2024/06/21/2024-13768/notice-of-filing-of-application-for-approval-of-continued-operation-and-control-exemption-patriot"
"UPD-070","UPDATE","Igneo Infrastructure Partners","Igneo Infrastructure Partners","FUND-098","Global Diversified Infrastructure Fund (GDIF)","Global Diversified Infrastructure Fund (GDIF)","HIGH","NAMED_FUND","EVERGREEN_ACTIVE","VERIFIED_CURRENT_NA_HOLDING: Patriot Rail Company LLC","—","—","sizeUsdMm","7500","7200","Repository size and geography fields lack current evidenced AUM basis and North American attribution tied to a specific holding.","SIZE_OR_AMOUNT_CHANGE","https://www.igneoip.com/usa/en/institutional/news-and-insights/press/igneo-announces-first-close-of-north-american-infrastructure-strategy.html | https://www.federalregister.gov/documents/2024/06/21/2024-13768/notice-of-filing-of-application-for-approval-of-continued-operation-and-control-exemption-patriot"
"UPD-070","UPDATE","Igneo Infrastructure Partners","Igneo Infrastructure Partners","FUND-098","Global Diversified Infrastructure Fund (GDIF)","Global Diversified Infrastructure Fund (GDIF)","HIGH","NAMED_FUND","EVERGREEN_ACTIVE","VERIFIED_CURRENT_NA_HOLDING: Patriot Rail Company LLC","—","—","sizeNativeCurrency","—","USD","Repository size and geography fields lack current evidenced AUM basis and North American attribution tied to a specific holding.","SIZE_OR_AMOUNT_CHANGE","https://www.igneoip.com/usa/en/institutional/news-and-insights/press/igneo-announces-first-close-of-north-american-infrastructure-strategy.html | https://www.federalregister.gov/documents/2024/06/21/2024-13768/notice-of-filing-of-application-for-approval-of-continued-operation-and-control-exemption-patriot"
"UPD-070","UPDATE","Igneo Infrastructure Partners","Igneo Infrastructure Partners","FUND-098","Global Diversified Infrastructure Fund (GDIF)","Global Diversified Infrastructure Fund (GDIF)","HIGH","NAMED_FUND","EVERGREEN_ACTIVE","VERIFIED_CURRENT_NA_HOLDING: Patriot Rail Company LLC","—","—","sizeNativeAmount","—","7200000000","Repository size and geography fields lack current evidenced AUM basis and North American attribution tied to a specific holding.","SIZE_OR_AMOUNT_CHANGE","https://www.igneoip.com/usa/en/institutional/news-and-insights/press/igneo-announces-first-close-of-north-american-infrastructure-strategy.html | https://www.federalregister.gov/documents/2024/06/21/2024-13768/notice-of-filing-of-application-for-approval-of-continued-operation-and-control-exemption-patriot"
"UPD-070","UPDATE","Igneo Infrastructure Partners","Igneo Infrastructure Partners","FUND-098","Global Diversified Infrastructure Fund (GDIF)","Global Diversified Infrastructure Fund (GDIF)","HIGH","NAMED_FUND","EVERGREEN_ACTIVE","VERIFIED_CURRENT_NA_HOLDING: Patriot Rail Company LLC","—","—","sizeBasis","—","AUM","Repository size and geography fields lack current evidenced AUM basis and North American attribution tied to a specific holding.","SIZE_OR_AMOUNT_CHANGE","https://www.igneoip.com/usa/en/institutional/news-and-insights/press/igneo-announces-first-close-of-north-american-infrastructure-strategy.html | https://www.federalregister.gov/documents/2024/06/21/2024-13768/notice-of-filing-of-application-for-approval-of-continued-operation-and-control-exemption-patriot"
"UPD-070","UPDATE","Igneo Infrastructure Partners","Igneo Infrastructure Partners","FUND-098","Global Diversified Infrastructure Fund (GDIF)","Global Diversified Infrastructure Fund (GDIF)","HIGH","NAMED_FUND","EVERGREEN_ACTIVE","VERIFIED_CURRENT_NA_HOLDING: Patriot Rail Company LLC","—","—","sizeAsOf","—","2025-09-03","Repository size and geography fields lack current evidenced AUM basis and North American attribution tied to a specific holding.","SIZE_OR_AMOUNT_CHANGE","https://www.igneoip.com/usa/en/institutional/news-and-insights/press/igneo-announces-first-close-of-north-american-infrastructure-strategy.html | https://www.federalregister.gov/documents/2024/06/21/2024-13768/notice-of-filing-of-application-for-approval-of-continued-operation-and-control-exemption-patriot"
"UPD-070","UPDATE","Igneo Infrastructure Partners","Igneo Infrastructure Partners","FUND-098","Global Diversified Infrastructure Fund (GDIF)","Global Diversified Infrastructure Fund (GDIF)","HIGH","NAMED_FUND","EVERGREEN_ACTIVE","VERIFIED_CURRENT_NA_HOLDING: Patriot Rail Company LLC","—","—","regions","Global","Global | North America","Repository size and geography fields lack current evidenced AUM basis and North American attribution tied to a specific holding.","SIZE_OR_AMOUNT_CHANGE","https://www.igneoip.com/usa/en/institutional/news-and-insights/press/igneo-announces-first-close-of-north-american-infrastructure-strategy.html | https://www.federalregister.gov/documents/2024/06/21/2024-13768/notice-of-filing-of-application-for-approval-of-continued-operation-and-control-exemption-patriot"
"UPD-071","UPDATE","Igneo Infrastructure Partners","Igneo Infrastructure Partners","FUND-099","North American Diversified Infrastructure Fund (NADIF)","North American Diversified Infrastructure Fund (NADIF)","HIGH","NAMED_FUND","RAISING","EXPLICIT_NA_MANDATE","—","—","investmentStrategy","Closed-ended North American diversified infrastructure vehicle; public evidence shows a live portfolio across digital/connectivity, energy and transportation platforms in the lower middle market.","Closed-end North American diversified direct infrastructure equity fund targeting lower middle-market assets across sectors.","Repository size and status fields are unsupported; primary evidence supports $600M first close and ongoing fundraising rather than final close.","STATUS_TRANSITION | SIZE_OR_AMOUNT_CHANGE","https://www.igneoip.com/usa/en/institutional/news-and-insights/press/igneo-announces-first-close-of-north-american-infrastructure-strategy.html | https://www.sec.gov/Archives/edgar/data/2036260/000203626025000003/xslFormDX01/primary_doc.xml"
"UPD-071","UPDATE","Igneo Infrastructure Partners","Igneo Infrastructure Partners","FUND-099","North American Diversified Infrastructure Fund (NADIF)","North American Diversified Infrastructure Fund (NADIF)","HIGH","NAMED_FUND","RAISING","EXPLICIT_NA_MANDATE","—","—","size","$1.0B","$600M first close","Repository size and status fields are unsupported; primary evidence supports $600M first close and ongoing fundraising rather than final close.","STATUS_TRANSITION | SIZE_OR_AMOUNT_CHANGE","https://www.igneoip.com/usa/en/institutional/news-and-insights/press/igneo-announces-first-close-of-north-american-infrastructure-strategy.html | https://www.sec.gov/Archives/edgar/data/2036260/000203626025000003/xslFormDX01/primary_doc.xml"
"UPD-071","UPDATE","Igneo Infrastructure Partners","Igneo Infrastructure Partners","FUND-099","North American Diversified Infrastructure Fund (NADIF)","North American Diversified Infrastructure Fund (NADIF)","HIGH","NAMED_FUND","RAISING","EXPLICIT_NA_MANDATE","—","—","sizeUsdMm","1000","600","Repository size and status fields are unsupported; primary evidence supports $600M first close and ongoing fundraising rather than final close.","STATUS_TRANSITION | SIZE_OR_AMOUNT_CHANGE","https://www.igneoip.com/usa/en/institutional/news-and-insights/press/igneo-announces-first-close-of-north-american-infrastructure-strategy.html | https://www.sec.gov/Archives/edgar/data/2036260/000203626025000003/xslFormDX01/primary_doc.xml"
"UPD-071","UPDATE","Igneo Infrastructure Partners","Igneo Infrastructure Partners","FUND-099","North American Diversified Infrastructure Fund (NADIF)","North American Diversified Infrastructure Fund (NADIF)","HIGH","NAMED_FUND","RAISING","EXPLICIT_NA_MANDATE","—","—","sizeNativeCurrency","—","USD","Repository size and status fields are unsupported; primary evidence supports $600M first close and ongoing fundraising rather than final close.","STATUS_TRANSITION | SIZE_OR_AMOUNT_CHANGE","https://www.igneoip.com/usa/en/institutional/news-and-insights/press/igneo-announces-first-close-of-north-american-infrastructure-strategy.html | https://www.sec.gov/Archives/edgar/data/2036260/000203626025000003/xslFormDX01/primary_doc.xml"
"UPD-071","UPDATE","Igneo Infrastructure Partners","Igneo Infrastructure Partners","FUND-099","North American Diversified Infrastructure Fund (NADIF)","North American Diversified Infrastructure Fund (NADIF)","HIGH","NAMED_FUND","RAISING","EXPLICIT_NA_MANDATE","—","—","sizeNativeAmount","—","600000000","Repository size and status fields are unsupported; primary evidence supports $600M first close and ongoing fundraising rather than final close.","STATUS_TRANSITION | SIZE_OR_AMOUNT_CHANGE","https://www.igneoip.com/usa/en/institutional/news-and-insights/press/igneo-announces-first-close-of-north-american-infrastructure-strategy.html | https://www.sec.gov/Archives/edgar/data/2036260/000203626025000003/xslFormDX01/primary_doc.xml"
"UPD-071","UPDATE","Igneo Infrastructure Partners","Igneo Infrastructure Partners","FUND-099","North American Diversified Infrastructure Fund (NADIF)","North American Diversified Infrastructure Fund (NADIF)","HIGH","NAMED_FUND","RAISING","EXPLICIT_NA_MANDATE","—","—","sizeBasis","—","FIRST_CLOSE","Repository size and status fields are unsupported; primary evidence supports $600M first close and ongoing fundraising rather than final close.","STATUS_TRANSITION | SIZE_OR_AMOUNT_CHANGE","https://www.igneoip.com/usa/en/institutional/news-and-insights/press/igneo-announces-first-close-of-north-american-infrastructure-strategy.html | https://www.sec.gov/Archives/edgar/data/2036260/000203626025000003/xslFormDX01/primary_doc.xml"
"UPD-071","UPDATE","Igneo Infrastructure Partners","Igneo Infrastructure Partners","FUND-099","North American Diversified Infrastructure Fund (NADIF)","North American Diversified Infrastructure Fund (NADIF)","HIGH","NAMED_FUND","RAISING","EXPLICIT_NA_MANDATE","—","—","sizeAsOf","—","2025-09-03","Repository size and status fields are unsupported; primary evidence supports $600M first close and ongoing fundraising rather than final close.","STATUS_TRANSITION | SIZE_OR_AMOUNT_CHANGE","https://www.igneoip.com/usa/en/institutional/news-and-insights/press/igneo-announces-first-close-of-north-american-infrastructure-strategy.html | https://www.sec.gov/Archives/edgar/data/2036260/000203626025000003/xslFormDX01/primary_doc.xml"
"UPD-071","UPDATE","Igneo Infrastructure Partners","Igneo Infrastructure Partners","FUND-099","North American Diversified Infrastructure Fund (NADIF)","North American Diversified Infrastructure Fund (NADIF)","HIGH","NAMED_FUND","RAISING","EXPLICIT_NA_MANDATE","—","—","fundStatus","Financial Close","Raising","Repository size and status fields are unsupported; primary evidence supports $600M first close and ongoing fundraising rather than final close.","STATUS_TRANSITION | SIZE_OR_AMOUNT_CHANGE","https://www.igneoip.com/usa/en/institutional/news-and-insights/press/igneo-announces-first-close-of-north-american-infrastructure-strategy.html | https://www.sec.gov/Archives/edgar/data/2036260/000203626025000003/xslFormDX01/primary_doc.xml"
"UPD-072","UPDATE","InfraBridge","InfraBridge","FUND-099A","AMP Capital Global Infrastructure Fund","InfraBridge Global Infrastructure Fund (GIF I)","HIGH","NAMED_FUND","CLOSED_ACTIVE","VERIFIED_CURRENT_NA_HOLDING: ITS ConGlobal","—","—","fundName","AMP Capital Global Infrastructure Fund","InfraBridge Global Infrastructure Fund (GIF I)","Repository uses legacy name and outdated/ambiguous size; updated to current InfraBridge naming and evidenced commitments and lifecycle.","RENAME_OR_CANONICAL_NAME | SIZE_OR_AMOUNT_CHANGE","https://www.carlyle.com/media-room/news-release-archive/amp-capital-makes-landmark-deal-us-its-conglobal-acquisition | https://www.digitalbridge.com/annual-report-2025 | https://www.infrabridge.com/portfolio"
"UPD-072","UPDATE","InfraBridge","InfraBridge","FUND-099A","AMP Capital Global Infrastructure Fund","InfraBridge Global Infrastructure Fund (GIF I)","HIGH","NAMED_FUND","CLOSED_ACTIVE","VERIFIED_CURRENT_NA_HOLDING: ITS ConGlobal","—","—","investmentStrategy","Legacy AMP Capital global infrastructure equity vehicle, now associated with InfraBridge after DigitalBridge acquired and rebranded AMP Capital's global infrastructure equity investment management business.","Global diversified direct infrastructure equity strategy across transport, energy and digital assets.","Repository uses legacy name and outdated/ambiguous size; updated to current InfraBridge naming and evidenced commitments and lifecycle.","RENAME_OR_CANONICAL_NAME | SIZE_OR_AMOUNT_CHANGE","https://www.carlyle.com/media-room/news-release-archive/amp-capital-makes-landmark-deal-us-its-conglobal-acquisition | https://www.digitalbridge.com/annual-report-2025 | https://www.infrabridge.com/portfolio"
"UPD-072","UPDATE","InfraBridge","InfraBridge","FUND-099A","AMP Capital Global Infrastructure Fund","InfraBridge Global Infrastructure Fund (GIF I)","HIGH","NAMED_FUND","CLOSED_ACTIVE","VERIFIED_CURRENT_NA_HOLDING: ITS ConGlobal","—","—","size","$2.4B","$1.411B commitments","Repository uses legacy name and outdated/ambiguous size; updated to current InfraBridge naming and evidenced commitments and lifecycle.","RENAME_OR_CANONICAL_NAME | SIZE_OR_AMOUNT_CHANGE","https://www.carlyle.com/media-room/news-release-archive/amp-capital-makes-landmark-deal-us-its-conglobal-acquisition | https://www.digitalbridge.com/annual-report-2025 | https://www.infrabridge.com/portfolio"
"UPD-072","UPDATE","InfraBridge","InfraBridge","FUND-099A","AMP Capital Global Infrastructure Fund","InfraBridge Global Infrastructure Fund (GIF I)","HIGH","NAMED_FUND","CLOSED_ACTIVE","VERIFIED_CURRENT_NA_HOLDING: ITS ConGlobal","—","—","sizeUsdMm","2400","1411","Repository uses legacy name and outdated/ambiguous size; updated to current InfraBridge naming and evidenced commitments and lifecycle.","RENAME_OR_CANONICAL_NAME | SIZE_OR_AMOUNT_CHANGE","https://www.carlyle.com/media-room/news-release-archive/amp-capital-makes-landmark-deal-us-its-conglobal-acquisition | https://www.digitalbridge.com/annual-report-2025 | https://www.infrabridge.com/portfolio"
"UPD-072","UPDATE","InfraBridge","InfraBridge","FUND-099A","AMP Capital Global Infrastructure Fund","InfraBridge Global Infrastructure Fund (GIF I)","HIGH","NAMED_FUND","CLOSED_ACTIVE","VERIFIED_CURRENT_NA_HOLDING: ITS ConGlobal","—","—","sizeNativeCurrency","—","USD","Repository uses legacy name and outdated/ambiguous size; updated to current InfraBridge naming and evidenced commitments and lifecycle.","RENAME_OR_CANONICAL_NAME | SIZE_OR_AMOUNT_CHANGE","https://www.carlyle.com/media-room/news-release-archive/amp-capital-makes-landmark-deal-us-its-conglobal-acquisition | https://www.digitalbridge.com/annual-report-2025 | https://www.infrabridge.com/portfolio"
"UPD-072","UPDATE","InfraBridge","InfraBridge","FUND-099A","AMP Capital Global Infrastructure Fund","InfraBridge Global Infrastructure Fund (GIF I)","HIGH","NAMED_FUND","CLOSED_ACTIVE","VERIFIED_CURRENT_NA_HOLDING: ITS ConGlobal","—","—","sizeNativeAmount","—","1411000000","Repository uses legacy name and outdated/ambiguous size; updated to current InfraBridge naming and evidenced commitments and lifecycle.","RENAME_OR_CANONICAL_NAME | SIZE_OR_AMOUNT_CHANGE","https://www.carlyle.com/media-room/news-release-archive/amp-capital-makes-landmark-deal-us-its-conglobal-acquisition | https://www.digitalbridge.com/annual-report-2025 | https://www.infrabridge.com/portfolio"
"UPD-072","UPDATE","InfraBridge","InfraBridge","FUND-099A","AMP Capital Global Infrastructure Fund","InfraBridge Global Infrastructure Fund (GIF I)","HIGH","NAMED_FUND","CLOSED_ACTIVE","VERIFIED_CURRENT_NA_HOLDING: ITS ConGlobal","—","—","sizeBasis","—","COMMITMENTS","Repository uses legacy name and outdated/ambiguous size; updated to current InfraBridge naming and evidenced commitments and lifecycle.","RENAME_OR_CANONICAL_NAME | SIZE_OR_AMOUNT_CHANGE","https://www.carlyle.com/media-room/news-release-archive/amp-capital-makes-landmark-deal-us-its-conglobal-acquisition | https://www.digitalbridge.com/annual-report-2025 | https://www.infrabridge.com/portfolio"
"UPD-072","UPDATE","InfraBridge","InfraBridge","FUND-099A","AMP Capital Global Infrastructure Fund","InfraBridge Global Infrastructure Fund (GIF I)","HIGH","NAMED_FUND","CLOSED_ACTIVE","VERIFIED_CURRENT_NA_HOLDING: ITS ConGlobal","—","—","sizeAsOf","—","2025-12-31","Repository uses legacy name and outdated/ambiguous size; updated to current InfraBridge naming and evidenced commitments and lifecycle.","RENAME_OR_CANONICAL_NAME | SIZE_OR_AMOUNT_CHANGE","https://www.carlyle.com/media-room/news-release-archive/amp-capital-makes-landmark-deal-us-its-conglobal-acquisition | https://www.digitalbridge.com/annual-report-2025 | https://www.infrabridge.com/portfolio"
"UPD-072","UPDATE","InfraBridge","InfraBridge","FUND-099A","AMP Capital Global Infrastructure Fund","InfraBridge Global Infrastructure Fund (GIF I)","HIGH","NAMED_FUND","CLOSED_ACTIVE","VERIFIED_CURRENT_NA_HOLDING: ITS ConGlobal","—","—","vintage","2016","2015","Repository uses legacy name and outdated/ambiguous size; updated to current InfraBridge naming and evidenced commitments and lifecycle.","RENAME_OR_CANONICAL_NAME | SIZE_OR_AMOUNT_CHANGE","https://www.carlyle.com/media-room/news-release-archive/amp-capital-makes-landmark-deal-us-its-conglobal-acquisition | https://www.digitalbridge.com/annual-report-2025 | https://www.infrabridge.com/portfolio"
"UPD-072","UPDATE","InfraBridge","InfraBridge","FUND-099A","AMP Capital Global Infrastructure Fund","InfraBridge Global Infrastructure Fund (GIF I)","HIGH","NAMED_FUND","CLOSED_ACTIVE","VERIFIED_CURRENT_NA_HOLDING: ITS ConGlobal","—","—","regions","Global","North America | Global","Repository uses legacy name and outdated/ambiguous size; updated to current InfraBridge naming and evidenced commitments and lifecycle.","RENAME_OR_CANONICAL_NAME | SIZE_OR_AMOUNT_CHANGE","https://www.carlyle.com/media-room/news-release-archive/amp-capital-makes-landmark-deal-us-its-conglobal-acquisition | https://www.digitalbridge.com/annual-report-2025 | https://www.infrabridge.com/portfolio"
"UPD-072","UPDATE","InfraBridge","InfraBridge","FUND-099A","AMP Capital Global Infrastructure Fund","InfraBridge Global Infrastructure Fund (GIF I)","HIGH","NAMED_FUND","CLOSED_ACTIVE","VERIFIED_CURRENT_NA_HOLDING: ITS ConGlobal","—","—","sourceUrls","https://www.carlyle.com/media-room/news-release-archive/amp-capital-makes-landmark-deal-us-its-conglobal-acquisition","https://www.carlyle.com/media-room/news-release-archive/amp-capital-makes-landmark-deal-us-its-conglobal-acquisition | https://www.infrabridge.com/portfolio | https://www.digitalbridge.com/annual-report-2025","Repository uses legacy name and outdated/ambiguous size; updated to current InfraBridge naming and evidenced commitments and lifecycle.","RENAME_OR_CANONICAL_NAME | SIZE_OR_AMOUNT_CHANGE","https://www.carlyle.com/media-room/news-release-archive/amp-capital-makes-landmark-deal-us-its-conglobal-acquisition | https://www.digitalbridge.com/annual-report-2025 | https://www.infrabridge.com/portfolio"
"UPD-073","UPDATE","InfraBridge","InfraBridge","FUND-099B","AMP Capital Global Infrastructure Fund II (GIF II)","AMP Capital Global Infrastructure Fund II (GIF II)","HIGH","NAMED_FUND","CLOSED_ACTIVE","VERIFIED_CURRENT_NA_HOLDING: Expedient","—","—","regions","Global","North America | Global","Repository record aligns with evidenced fund identity, size, and lifecycle. The verified current North American holding requires North America in the canonical regions classification.","MATERIAL_FIELD_UPDATE","https://www.theasset.com/article/39539/amp-capital-global-infrastructure-fund-ii-closes-at-us-3-4-billion | https://www.infrabridge.com/portfolio"
"UPD-074","UPDATE","InfraRed Capital Partners","InfraRed Capital Partners","FUND-102","HICL Infrastructure PLC","HICL Infrastructure PLC","HIGH","NAMED_FUND","EVERGREEN_ACTIVE","VERIFIED_CURRENT_NA_HOLDING: Texas Nevada Transmission","—","—","investmentStrategy","Listed perpetual core vehicle with a 100+ asset portfolio spanning transport, utilities, social and communications infrastructure and oriented to sustainable income plus capital growth.","Core infrastructure equity strategy delivering stable income through a diversified portfolio of infrastructure assets.","Repository size fields are outdated and lack basis; updated NAV and basis supported by latest annual report.","SIZE_OR_AMOUNT_CHANGE","https://www.hicl.com/wp-content/uploads/2026/06/HICL-Annual-Report-2026.pdf"
"UPD-074","UPDATE","InfraRed Capital Partners","InfraRed Capital Partners","FUND-102","HICL Infrastructure PLC","HICL Infrastructure PLC","HIGH","NAMED_FUND","EVERGREEN_ACTIVE","VERIFIED_CURRENT_NA_HOLDING: Texas Nevada Transmission","—","—","size","£2.4B","£3.03B NAV","Repository size fields are outdated and lack basis; updated NAV and basis supported by latest annual report.","SIZE_OR_AMOUNT_CHANGE","https://www.hicl.com/wp-content/uploads/2026/06/HICL-Annual-Report-2026.pdf"
"UPD-074","UPDATE","InfraRed Capital Partners","InfraRed Capital Partners","FUND-102","HICL Infrastructure PLC","HICL Infrastructure PLC","HIGH","NAMED_FUND","EVERGREEN_ACTIVE","VERIFIED_CURRENT_NA_HOLDING: Texas Nevada Transmission","—","—","sizeNativeCurrency","—","GBP","Repository size fields are outdated and lack basis; updated NAV and basis supported by latest annual report.","SIZE_OR_AMOUNT_CHANGE","https://www.hicl.com/wp-content/uploads/2026/06/HICL-Annual-Report-2026.pdf"
"UPD-074","UPDATE","InfraRed Capital Partners","InfraRed Capital Partners","FUND-102","HICL Infrastructure PLC","HICL Infrastructure PLC","HIGH","NAMED_FUND","EVERGREEN_ACTIVE","VERIFIED_CURRENT_NA_HOLDING: Texas Nevada Transmission","—","—","sizeNativeAmount","—","3033500000","Repository size fields are outdated and lack basis; updated NAV and basis supported by latest annual report.","SIZE_OR_AMOUNT_CHANGE","https://www.hicl.com/wp-content/uploads/2026/06/HICL-Annual-Report-2026.pdf"
"UPD-074","UPDATE","InfraRed Capital Partners","InfraRed Capital Partners","FUND-102","HICL Infrastructure PLC","HICL Infrastructure PLC","HIGH","NAMED_FUND","EVERGREEN_ACTIVE","VERIFIED_CURRENT_NA_HOLDING: Texas Nevada Transmission","—","—","sizeBasis","—","AUM","Repository size fields are outdated and lack basis; updated NAV and basis supported by latest annual report.","SIZE_OR_AMOUNT_CHANGE","https://www.hicl.com/wp-content/uploads/2026/06/HICL-Annual-Report-2026.pdf"
"UPD-074","UPDATE","InfraRed Capital Partners","InfraRed Capital Partners","FUND-102","HICL Infrastructure PLC","HICL Infrastructure PLC","HIGH","NAMED_FUND","EVERGREEN_ACTIVE","VERIFIED_CURRENT_NA_HOLDING: Texas Nevada Transmission","—","—","sizeAsOf","—","2026-06-01","Repository size fields are outdated and lack basis; updated NAV and basis supported by latest annual report.","SIZE_OR_AMOUNT_CHANGE","https://www.hicl.com/wp-content/uploads/2026/06/HICL-Annual-Report-2026.pdf"
"UPD-074","UPDATE","InfraRed Capital Partners","InfraRed Capital Partners","FUND-102","HICL Infrastructure PLC","HICL Infrastructure PLC","HIGH","NAMED_FUND","EVERGREEN_ACTIVE","VERIFIED_CURRENT_NA_HOLDING: Texas Nevada Transmission","—","—","regions","Europe | North America","North America | Europe","Repository size fields are outdated and lack basis; updated NAV and basis supported by latest annual report.","SIZE_OR_AMOUNT_CHANGE","https://www.hicl.com/wp-content/uploads/2026/06/HICL-Annual-Report-2026.pdf"
"UPD-075","UPDATE","KKR","KKR","FUND-105","KKR DCIF","KKR Diversified Core Infrastructure Fund","HIGH","NAMED_FUND","EVERGREEN_ACTIVE","EXPLICIT_NA_MANDATE","—","—","fundName","KKR DCIF","KKR Diversified Core Infrastructure Fund","Repository size and basis are outdated and unsupported versus the current Form D","RENAME_OR_CANONICAL_NAME | SIZE_OR_AMOUNT_CHANGE","https://www.sec.gov/Archives/edgar/data/1933581/000193358126000001/xslFormDX01/primary_doc.xml | https://www.apers.org/wp-content/uploads/2026/06/IC-Meeting-June-2026-Agenda-Packet.pdf"
"UPD-075","UPDATE","KKR","KKR","FUND-105","KKR DCIF","KKR Diversified Core Infrastructure Fund","HIGH","NAMED_FUND","EVERGREEN_ACTIVE","EXPLICIT_NA_MANDATE","—","—","investmentStrategy","Open-ended core infrastructure fund launched in 2020, targeting mature essential-service assets in developed OECD markets with regulated or contracted cash flows.","Open-ended core infrastructure fund targeting essential-service assets across OECD markets including North America","Repository size and basis are outdated and unsupported versus the current Form D","RENAME_OR_CANONICAL_NAME | SIZE_OR_AMOUNT_CHANGE","https://www.sec.gov/Archives/edgar/data/1933581/000193358126000001/xslFormDX01/primary_doc.xml | https://www.apers.org/wp-content/uploads/2026/06/IC-Meeting-June-2026-Agenda-Packet.pdf"
"UPD-075","UPDATE","KKR","KKR","FUND-105","KKR DCIF","KKR Diversified Core Infrastructure Fund","HIGH","NAMED_FUND","EVERGREEN_ACTIVE","EXPLICIT_NA_MANDATE","—","—","size","$11.8B","$13.8B amount sold","Repository size and basis are outdated and unsupported versus the current Form D","RENAME_OR_CANONICAL_NAME | SIZE_OR_AMOUNT_CHANGE","https://www.sec.gov/Archives/edgar/data/1933581/000193358126000001/xslFormDX01/primary_doc.xml | https://www.apers.org/wp-content/uploads/2026/06/IC-Meeting-June-2026-Agenda-Packet.pdf"
"UPD-075","UPDATE","KKR","KKR","FUND-105","KKR DCIF","KKR Diversified Core Infrastructure Fund","HIGH","NAMED_FUND","EVERGREEN_ACTIVE","EXPLICIT_NA_MANDATE","—","—","sizeUsdMm","11800","13832","Repository size and basis are outdated and unsupported versus the current Form D","RENAME_OR_CANONICAL_NAME | SIZE_OR_AMOUNT_CHANGE","https://www.sec.gov/Archives/edgar/data/1933581/000193358126000001/xslFormDX01/primary_doc.xml | https://www.apers.org/wp-content/uploads/2026/06/IC-Meeting-June-2026-Agenda-Packet.pdf"
"UPD-075","UPDATE","KKR","KKR","FUND-105","KKR DCIF","KKR Diversified Core Infrastructure Fund","HIGH","NAMED_FUND","EVERGREEN_ACTIVE","EXPLICIT_NA_MANDATE","—","—","sizeNativeCurrency","—","USD","Repository size and basis are outdated and unsupported versus the current Form D","RENAME_OR_CANONICAL_NAME | SIZE_OR_AMOUNT_CHANGE","https://www.sec.gov/Archives/edgar/data/1933581/000193358126000001/xslFormDX01/primary_doc.xml | https://www.apers.org/wp-content/uploads/2026/06/IC-Meeting-June-2026-Agenda-Packet.pdf"
"UPD-075","UPDATE","KKR","KKR","FUND-105","KKR DCIF","KKR Diversified Core Infrastructure Fund","HIGH","NAMED_FUND","EVERGREEN_ACTIVE","EXPLICIT_NA_MANDATE","—","—","sizeNativeAmount","—","13832300000","Repository size and basis are outdated and unsupported versus the current Form D","RENAME_OR_CANONICAL_NAME | SIZE_OR_AMOUNT_CHANGE","https://www.sec.gov/Archives/edgar/data/1933581/000193358126000001/xslFormDX01/primary_doc.xml | https://www.apers.org/wp-content/uploads/2026/06/IC-Meeting-June-2026-Agenda-Packet.pdf"
"UPD-075","UPDATE","KKR","KKR","FUND-105","KKR DCIF","KKR Diversified Core Infrastructure Fund","HIGH","NAMED_FUND","EVERGREEN_ACTIVE","EXPLICIT_NA_MANDATE","—","—","sizeBasis","—","AMOUNT_SOLD","Repository size and basis are outdated and unsupported versus the current Form D","RENAME_OR_CANONICAL_NAME | SIZE_OR_AMOUNT_CHANGE","https://www.sec.gov/Archives/edgar/data/1933581/000193358126000001/xslFormDX01/primary_doc.xml | https://www.apers.org/wp-content/uploads/2026/06/IC-Meeting-June-2026-Agenda-Packet.pdf"
"UPD-075","UPDATE","KKR","KKR","FUND-105","KKR DCIF","KKR Diversified Core Infrastructure Fund","HIGH","NAMED_FUND","EVERGREEN_ACTIVE","EXPLICIT_NA_MANDATE","—","—","sizeAsOf","—","2026-03-27","Repository size and basis are outdated and unsupported versus the current Form D","RENAME_OR_CANONICAL_NAME | SIZE_OR_AMOUNT_CHANGE","https://www.sec.gov/Archives/edgar/data/1933581/000193358126000001/xslFormDX01/primary_doc.xml | https://www.apers.org/wp-content/uploads/2026/06/IC-Meeting-June-2026-Agenda-Packet.pdf"
"UPD-075","UPDATE","KKR","KKR","FUND-105","KKR DCIF","KKR Diversified Core Infrastructure Fund","HIGH","NAMED_FUND","EVERGREEN_ACTIVE","EXPLICIT_NA_MANDATE","—","—","regions","Global","North America","Repository size and basis are outdated and unsupported versus the current Form D","RENAME_OR_CANONICAL_NAME | SIZE_OR_AMOUNT_CHANGE","https://www.sec.gov/Archives/edgar/data/1933581/000193358126000001/xslFormDX01/primary_doc.xml | https://www.apers.org/wp-content/uploads/2026/06/IC-Meeting-June-2026-Agenda-Packet.pdf"
"UPD-076","UPDATE","KKR","KKR","FUND-106","KKR Global Climate Transition Fund","KKR Global Climate Transition Fund (USD) SCSp","HIGH","NAMED_FUND","RAISING","EXPLICIT_NA_MANDATE","—","—","fundName","KKR Global Climate Transition Fund","KKR Global Climate Transition Fund (USD) SCSp","Repository uses target size and incomplete identity; the Form D provides the current amount sold and official name","RENAME_OR_CANONICAL_NAME | SIZE_OR_AMOUNT_CHANGE","https://www.sec.gov/Archives/edgar/data/2015283/000201528326000001/xslFormDX01/primary_doc.xml | https://www.kkr.com/global-perspectives/publications/sustainability-report-2025"
"UPD-076","UPDATE","KKR","KKR","FUND-106","KKR Global Climate Transition Fund","KKR Global Climate Transition Fund (USD) SCSp","HIGH","NAMED_FUND","RAISING","EXPLICIT_NA_MANDATE","—","—","investmentStrategy","Climate-transition infrastructure strategy launched in 2023 to back scalable decarbonization solutions across the physical economy; disclosed investments so far skew toward renewables/storage and transport electrification.","Climate-transition infrastructure equity fund targeting decarbonization assets across power, transport and digital","Repository uses target size and incomplete identity; the Form D provides the current amount sold and official name","RENAME_OR_CANONICAL_NAME | SIZE_OR_AMOUNT_CHANGE","https://www.sec.gov/Archives/edgar/data/2015283/000201528326000001/xslFormDX01/primary_doc.xml | https://www.kkr.com/global-perspectives/publications/sustainability-report-2025"
"UPD-076","UPDATE","KKR","KKR","FUND-106","KKR Global Climate Transition Fund","KKR Global Climate Transition Fund (USD) SCSp","HIGH","NAMED_FUND","RAISING","EXPLICIT_NA_MANDATE","—","—","size","$7.0B","$3.0B amount sold","Repository uses target size and incomplete identity; the Form D provides the current amount sold and official name","RENAME_OR_CANONICAL_NAME | SIZE_OR_AMOUNT_CHANGE","https://www.sec.gov/Archives/edgar/data/2015283/000201528326000001/xslFormDX01/primary_doc.xml | https://www.kkr.com/global-perspectives/publications/sustainability-report-2025"
"UPD-076","UPDATE","KKR","KKR","FUND-106","KKR Global Climate Transition Fund","KKR Global Climate Transition Fund (USD) SCSp","HIGH","NAMED_FUND","RAISING","EXPLICIT_NA_MANDATE","—","—","sizeUsdMm","7000","2979","Repository uses target size and incomplete identity; the Form D provides the current amount sold and official name","RENAME_OR_CANONICAL_NAME | SIZE_OR_AMOUNT_CHANGE","https://www.sec.gov/Archives/edgar/data/2015283/000201528326000001/xslFormDX01/primary_doc.xml | https://www.kkr.com/global-perspectives/publications/sustainability-report-2025"
"UPD-076","UPDATE","KKR","KKR","FUND-106","KKR Global Climate Transition Fund","KKR Global Climate Transition Fund (USD) SCSp","HIGH","NAMED_FUND","RAISING","EXPLICIT_NA_MANDATE","—","—","sizeNativeCurrency","—","USD","Repository uses target size and incomplete identity; the Form D provides the current amount sold and official name","RENAME_OR_CANONICAL_NAME | SIZE_OR_AMOUNT_CHANGE","https://www.sec.gov/Archives/edgar/data/2015283/000201528326000001/xslFormDX01/primary_doc.xml | https://www.kkr.com/global-perspectives/publications/sustainability-report-2025"
"UPD-076","UPDATE","KKR","KKR","FUND-106","KKR Global Climate Transition Fund","KKR Global Climate Transition Fund (USD) SCSp","HIGH","NAMED_FUND","RAISING","EXPLICIT_NA_MANDATE","—","—","sizeNativeAmount","—","2979000000","Repository uses target size and incomplete identity; the Form D provides the current amount sold and official name","RENAME_OR_CANONICAL_NAME | SIZE_OR_AMOUNT_CHANGE","https://www.sec.gov/Archives/edgar/data/2015283/000201528326000001/xslFormDX01/primary_doc.xml | https://www.kkr.com/global-perspectives/publications/sustainability-report-2025"
"UPD-076","UPDATE","KKR","KKR","FUND-106","KKR Global Climate Transition Fund","KKR Global Climate Transition Fund (USD) SCSp","HIGH","NAMED_FUND","RAISING","EXPLICIT_NA_MANDATE","—","—","sizeBasis","—","AMOUNT_SOLD","Repository uses target size and incomplete identity; the Form D provides the current amount sold and official name","RENAME_OR_CANONICAL_NAME | SIZE_OR_AMOUNT_CHANGE","https://www.sec.gov/Archives/edgar/data/2015283/000201528326000001/xslFormDX01/primary_doc.xml | https://www.kkr.com/global-perspectives/publications/sustainability-report-2025"
"UPD-076","UPDATE","KKR","KKR","FUND-106","KKR Global Climate Transition Fund","KKR Global Climate Transition Fund (USD) SCSp","HIGH","NAMED_FUND","RAISING","EXPLICIT_NA_MANDATE","—","—","sizeAsOf","—","2026-06-24","Repository uses target size and incomplete identity; the Form D provides the current amount sold and official name","RENAME_OR_CANONICAL_NAME | SIZE_OR_AMOUNT_CHANGE","https://www.sec.gov/Archives/edgar/data/2015283/000201528326000001/xslFormDX01/primary_doc.xml | https://www.kkr.com/global-perspectives/publications/sustainability-report-2025"
"UPD-076","UPDATE","KKR","KKR","FUND-106","KKR Global Climate Transition Fund","KKR Global Climate Transition Fund (USD) SCSp","HIGH","NAMED_FUND","RAISING","EXPLICIT_NA_MANDATE","—","—","vintage","Raising","2024","Repository uses target size and incomplete identity; the Form D provides the current amount sold and official name","RENAME_OR_CANONICAL_NAME | SIZE_OR_AMOUNT_CHANGE","https://www.sec.gov/Archives/edgar/data/2015283/000201528326000001/xslFormDX01/primary_doc.xml | https://www.kkr.com/global-perspectives/publications/sustainability-report-2025"
"UPD-076","UPDATE","KKR","KKR","FUND-106","KKR Global Climate Transition Fund","KKR Global Climate Transition Fund (USD) SCSp","HIGH","NAMED_FUND","RAISING","EXPLICIT_NA_MANDATE","—","—","regions","Global","North America","Repository uses target size and incomplete identity; the Form D provides the current amount sold and official name","RENAME_OR_CANONICAL_NAME | SIZE_OR_AMOUNT_CHANGE","https://www.sec.gov/Archives/edgar/data/2015283/000201528326000001/xslFormDX01/primary_doc.xml | https://www.kkr.com/global-perspectives/publications/sustainability-report-2025"
"UPD-077","UPDATE","CDPQ","La Caisse de dépôt (CDPQ)","FUND-110","CDPQ Infrastructure","Infrastructure Specialized Portfolio","MEDIUM","PROGRAM_EXCEPTION","EVERGREEN_ACTIVE","VERIFIED_CURRENT_NA_HOLDING: Vertical Bridge","—","—","fundName","CDPQ Infrastructure","Infrastructure Specialized Portfolio","FUND-110 represents the same evergreen infrastructure program, but official reporting provides the formal Infrastructure Specialized Portfolio name, exact CAD net assets and measurement date, a 2010 creation year, and evidenced regional exposure. The repository's USD amount is removed because the reviewed primary sources do not state that USD equivalent or an applicable FX rate and date.","RENAME_OR_CANONICAL_NAME | SIZE_OR_AMOUNT_CHANGE | MEDIUM_CONFIDENCE | PROGRAM_EXCEPTION","https://www.lacaisse.com/sites/default/files/medias/pdf/en/ra/2025_lacaisse_annual_report.pdf | https://www.lacaisse.com/en/investments/infrastructure | https://www.lacaisse.com/en/news/pressreleases/vertical-bridge-announces-15-billion-strategic-equity-investment-kkr"
"UPD-077","UPDATE","CDPQ","La Caisse de dépôt (CDPQ)","FUND-110","CDPQ Infrastructure","Infrastructure Specialized Portfolio","MEDIUM","PROGRAM_EXCEPTION","EVERGREEN_ACTIVE","VERIFIED_CURRENT_NA_HOLDING: Vertical Bridge","—","—","size","C$75B","C$74.506B net assets under management","FUND-110 represents the same evergreen infrastructure program, but official reporting provides the formal Infrastructure Specialized Portfolio name, exact CAD net assets and measurement date, a 2010 creation year, and evidenced regional exposure. The repository's USD amount is removed because the reviewed primary sources do not state that USD equivalent or an applicable FX rate and date.","RENAME_OR_CANONICAL_NAME | SIZE_OR_AMOUNT_CHANGE | MEDIUM_CONFIDENCE | PROGRAM_EXCEPTION","https://www.lacaisse.com/sites/default/files/medias/pdf/en/ra/2025_lacaisse_annual_report.pdf | https://www.lacaisse.com/en/investments/infrastructure | https://www.lacaisse.com/en/news/pressreleases/vertical-bridge-announces-15-billion-strategic-equity-investment-kkr"
"UPD-077","UPDATE","CDPQ","La Caisse de dépôt (CDPQ)","FUND-110","CDPQ Infrastructure","Infrastructure Specialized Portfolio","MEDIUM","PROGRAM_EXCEPTION","EVERGREEN_ACTIVE","VERIFIED_CURRENT_NA_HOLDING: Vertical Bridge","—","—","sizeUsdMm","55500","—","FUND-110 represents the same evergreen infrastructure program, but official reporting provides the formal Infrastructure Specialized Portfolio name, exact CAD net assets and measurement date, a 2010 creation year, and evidenced regional exposure. The repository's USD amount is removed because the reviewed primary sources do not state that USD equivalent or an applicable FX rate and date.","RENAME_OR_CANONICAL_NAME | SIZE_OR_AMOUNT_CHANGE | MEDIUM_CONFIDENCE | PROGRAM_EXCEPTION","https://www.lacaisse.com/sites/default/files/medias/pdf/en/ra/2025_lacaisse_annual_report.pdf | https://www.lacaisse.com/en/investments/infrastructure | https://www.lacaisse.com/en/news/pressreleases/vertical-bridge-announces-15-billion-strategic-equity-investment-kkr"
"UPD-077","UPDATE","CDPQ","La Caisse de dépôt (CDPQ)","FUND-110","CDPQ Infrastructure","Infrastructure Specialized Portfolio","MEDIUM","PROGRAM_EXCEPTION","EVERGREEN_ACTIVE","VERIFIED_CURRENT_NA_HOLDING: Vertical Bridge","—","—","sizeNativeCurrency","—","CAD","FUND-110 represents the same evergreen infrastructure program, but official reporting provides the formal Infrastructure Specialized Portfolio name, exact CAD net assets and measurement date, a 2010 creation year, and evidenced regional exposure. The repository's USD amount is removed because the reviewed primary sources do not state that USD equivalent or an applicable FX rate and date.","RENAME_OR_CANONICAL_NAME | SIZE_OR_AMOUNT_CHANGE | MEDIUM_CONFIDENCE | PROGRAM_EXCEPTION","https://www.lacaisse.com/sites/default/files/medias/pdf/en/ra/2025_lacaisse_annual_report.pdf | https://www.lacaisse.com/en/investments/infrastructure | https://www.lacaisse.com/en/news/pressreleases/vertical-bridge-announces-15-billion-strategic-equity-investment-kkr"
"UPD-077","UPDATE","CDPQ","La Caisse de dépôt (CDPQ)","FUND-110","CDPQ Infrastructure","Infrastructure Specialized Portfolio","MEDIUM","PROGRAM_EXCEPTION","EVERGREEN_ACTIVE","VERIFIED_CURRENT_NA_HOLDING: Vertical Bridge","—","—","sizeNativeAmount","—","74505861000","FUND-110 represents the same evergreen infrastructure program, but official reporting provides the formal Infrastructure Specialized Portfolio name, exact CAD net assets and measurement date, a 2010 creation year, and evidenced regional exposure. The repository's USD amount is removed because the reviewed primary sources do not state that USD equivalent or an applicable FX rate and date.","RENAME_OR_CANONICAL_NAME | SIZE_OR_AMOUNT_CHANGE | MEDIUM_CONFIDENCE | PROGRAM_EXCEPTION","https://www.lacaisse.com/sites/default/files/medias/pdf/en/ra/2025_lacaisse_annual_report.pdf | https://www.lacaisse.com/en/investments/infrastructure | https://www.lacaisse.com/en/news/pressreleases/vertical-bridge-announces-15-billion-strategic-equity-investment-kkr"
"UPD-077","UPDATE","CDPQ","La Caisse de dépôt (CDPQ)","FUND-110","CDPQ Infrastructure","Infrastructure Specialized Portfolio","MEDIUM","PROGRAM_EXCEPTION","EVERGREEN_ACTIVE","VERIFIED_CURRENT_NA_HOLDING: Vertical Bridge","—","—","sizeBasis","—","AUM","FUND-110 represents the same evergreen infrastructure program, but official reporting provides the formal Infrastructure Specialized Portfolio name, exact CAD net assets and measurement date, a 2010 creation year, and evidenced regional exposure. The repository's USD amount is removed because the reviewed primary sources do not state that USD equivalent or an applicable FX rate and date.","RENAME_OR_CANONICAL_NAME | SIZE_OR_AMOUNT_CHANGE | MEDIUM_CONFIDENCE | PROGRAM_EXCEPTION","https://www.lacaisse.com/sites/default/files/medias/pdf/en/ra/2025_lacaisse_annual_report.pdf | https://www.lacaisse.com/en/investments/infrastructure | https://www.lacaisse.com/en/news/pressreleases/vertical-bridge-announces-15-billion-strategic-equity-investment-kkr"
"UPD-077","UPDATE","CDPQ","La Caisse de dépôt (CDPQ)","FUND-110","CDPQ Infrastructure","Infrastructure Specialized Portfolio","MEDIUM","PROGRAM_EXCEPTION","EVERGREEN_ACTIVE","VERIFIED_CURRENT_NA_HOLDING: Vertical Bridge","—","—","sizeAsOf","—","2025-12-31","FUND-110 represents the same evergreen infrastructure program, but official reporting provides the formal Infrastructure Specialized Portfolio name, exact CAD net assets and measurement date, a 2010 creation year, and evidenced regional exposure. The repository's USD amount is removed because the reviewed primary sources do not state that USD equivalent or an applicable FX rate and date.","RENAME_OR_CANONICAL_NAME | SIZE_OR_AMOUNT_CHANGE | MEDIUM_CONFIDENCE | PROGRAM_EXCEPTION","https://www.lacaisse.com/sites/default/files/medias/pdf/en/ra/2025_lacaisse_annual_report.pdf | https://www.lacaisse.com/en/investments/infrastructure | https://www.lacaisse.com/en/news/pressreleases/vertical-bridge-announces-15-billion-strategic-equity-investment-kkr"
"UPD-077","UPDATE","CDPQ","La Caisse de dépôt (CDPQ)","FUND-110","CDPQ Infrastructure","Infrastructure Specialized Portfolio","MEDIUM","PROGRAM_EXCEPTION","EVERGREEN_ACTIVE","VERIFIED_CURRENT_NA_HOLDING: Vertical Bridge","—","—","vintage","Evergreen","2010","FUND-110 represents the same evergreen infrastructure program, but official reporting provides the formal Infrastructure Specialized Portfolio name, exact CAD net assets and measurement date, a 2010 creation year, and evidenced regional exposure. The repository's USD amount is removed because the reviewed primary sources do not state that USD equivalent or an applicable FX rate and date.","RENAME_OR_CANONICAL_NAME | SIZE_OR_AMOUNT_CHANGE | MEDIUM_CONFIDENCE | PROGRAM_EXCEPTION","https://www.lacaisse.com/sites/default/files/medias/pdf/en/ra/2025_lacaisse_annual_report.pdf | https://www.lacaisse.com/en/investments/infrastructure | https://www.lacaisse.com/en/news/pressreleases/vertical-bridge-announces-15-billion-strategic-equity-investment-kkr"
"UPD-077","UPDATE","CDPQ","La Caisse de dépôt (CDPQ)","FUND-110","CDPQ Infrastructure","Infrastructure Specialized Portfolio","MEDIUM","PROGRAM_EXCEPTION","EVERGREEN_ACTIVE","VERIFIED_CURRENT_NA_HOLDING: Vertical Bridge","—","—","regions","Global","North America | Europe | Asia-Pacific | Latin America | Global","FUND-110 represents the same evergreen infrastructure program, but official reporting provides the formal Infrastructure Specialized Portfolio name, exact CAD net assets and measurement date, a 2010 creation year, and evidenced regional exposure. The repository's USD amount is removed because the reviewed primary sources do not state that USD equivalent or an applicable FX rate and date.","RENAME_OR_CANONICAL_NAME | SIZE_OR_AMOUNT_CHANGE | MEDIUM_CONFIDENCE | PROGRAM_EXCEPTION","https://www.lacaisse.com/sites/default/files/medias/pdf/en/ra/2025_lacaisse_annual_report.pdf | https://www.lacaisse.com/en/investments/infrastructure | https://www.lacaisse.com/en/news/pressreleases/vertical-bridge-announces-15-billion-strategic-equity-investment-kkr"
"UPD-078","UPDATE","Morgan Stanley Infrastructure Partners","Morgan Stanley Infrastructure Partners","FUND-119A","North Haven Infrastructure Partners II (NHIP II)","North Haven Infrastructure Partners II (NHIP II)","HIGH","NAMED_FUND","CLOSED_ACTIVE","EXPLICIT_NA_MANDATE","—","—","sizeNativeCurrency","—","USD","Repository missing canonical size classification fields.","SIZE_OR_AMOUNT_CHANGE","https://www.morganstanley.com/press-releases/msip-second-fund-close"
"UPD-078","UPDATE","Morgan Stanley Infrastructure Partners","Morgan Stanley Infrastructure Partners","FUND-119A","North Haven Infrastructure Partners II (NHIP II)","North Haven Infrastructure Partners II (NHIP II)","HIGH","NAMED_FUND","CLOSED_ACTIVE","EXPLICIT_NA_MANDATE","—","—","sizeNativeAmount","—","3600000000","Repository missing canonical size classification fields.","SIZE_OR_AMOUNT_CHANGE","https://www.morganstanley.com/press-releases/msip-second-fund-close"
"UPD-078","UPDATE","Morgan Stanley Infrastructure Partners","Morgan Stanley Infrastructure Partners","FUND-119A","North Haven Infrastructure Partners II (NHIP II)","North Haven Infrastructure Partners II (NHIP II)","HIGH","NAMED_FUND","CLOSED_ACTIVE","EXPLICIT_NA_MANDATE","—","—","sizeBasis","—","FINAL_CLOSE","Repository missing canonical size classification fields.","SIZE_OR_AMOUNT_CHANGE","https://www.morganstanley.com/press-releases/msip-second-fund-close"
"UPD-078","UPDATE","Morgan Stanley Infrastructure Partners","Morgan Stanley Infrastructure Partners","FUND-119A","North Haven Infrastructure Partners II (NHIP II)","North Haven Infrastructure Partners II (NHIP II)","HIGH","NAMED_FUND","CLOSED_ACTIVE","EXPLICIT_NA_MANDATE","—","—","sizeAsOf","—","2016-03-03","Repository missing canonical size classification fields.","SIZE_OR_AMOUNT_CHANGE","https://www.morganstanley.com/press-releases/msip-second-fund-close"
"UPD-079","UPDATE","Mubadala","Mubadala Investment Company","FUND-123","Mubadala Infrastructure","Mubadala Infrastructure","MEDIUM","PROGRAM_EXCEPTION","EVERGREEN_ACTIVE","EXPLICIT_NA_MANDATE","—","—","regions","Global","North America | Europe | Asia-Pacific","The repository row matches the documented evergreen infrastructure program, but its generic Global region classification does not expressly classify North America. Primary audited program-level evidence names North America, Europe, and Asia, so the canonical regions field should expressly include North America.","MEDIUM_CONFIDENCE | PROGRAM_EXCEPTION","https://otp.tools.investis.com/clients/uk/cityfibre1/rns/regulatory-story.aspx?cid=1695&newsid=1969796 | https://www.isquaredcapital.com/news/ten-closes-inaugural-financing/ | https://otp.tools.investis.com/clients/uk/cityfibre1/rns/regulatory-story.aspx?cid=1695&newsid=1969796"
"UPD-080","UPDATE","Northleaf Capital","Northleaf Capital Partners","FUND-125","Northleaf NEIF","Northleaf Essential Infrastructure Fund","HIGH","NAMED_FUND","EVERGREEN_ACTIVE","EXPLICIT_NA_MANDATE","—","—","fundName","Northleaf NEIF","Northleaf Essential Infrastructure Fund","Repository uses abbreviated name; evidence supports full official name","RENAME_OR_CANONICAL_NAME","https://www.kirkland.com/news/press-release/2021/11/kirkland-advises-northleaf-on-infra-fund"
"UPD-081","UPDATE","Northleaf Capital","Northleaf Capital Partners","FUND-126","Northleaf NICP IV","Northleaf Infrastructure Capital Partners IV","HIGH","NAMED_FUND","CLOSED_ACTIVE","EXPLICIT_NA_MANDATE","—","—","fundName","Northleaf NICP IV","Northleaf Infrastructure Capital Partners IV","Repository uses abbreviated name; evidence supports full official name","RENAME_OR_CANONICAL_NAME","https://www.northleafcapital.com/news/northleaf-hits-hard-cap-final-close-its-us26-billion-infrastructure-fund"
"UPD-082","UPDATE","OMERS Infrastructure","OMERS Infrastructure","FUND-127","OMERS Infrastructure","OMERS Infrastructure","MEDIUM","PROGRAM_EXCEPTION","EVERGREEN_ACTIVE","EXPLICIT_NA_MANDATE","—","—","investmentStrategy","Broad evergreen direct platform spanning energy, digital, transport and other government-regulated services, with a long current-and-realized portfolio history.","Evergreen direct infrastructure equity program investing in large-scale regulated and contracted assets with long-term ownership and active stewardship.","Repository row lacks current size basis and North America-specific regional classification supported by primary sources.","SIZE_OR_AMOUNT_CHANGE | MEDIUM_CONFIDENCE | PROGRAM_EXCEPTION","https://www.omers.com/wp-content/uploads/2026/03/2025-OMERS-Annual-Report.pdf | https://www.omersinfrastructure.com/"
"UPD-082","UPDATE","OMERS Infrastructure","OMERS Infrastructure","FUND-127","OMERS Infrastructure","OMERS Infrastructure","MEDIUM","PROGRAM_EXCEPTION","EVERGREEN_ACTIVE","EXPLICIT_NA_MANDATE","—","—","size","C$33B","C$32.5B infrastructure investments","Repository row lacks current size basis and North America-specific regional classification supported by primary sources.","SIZE_OR_AMOUNT_CHANGE | MEDIUM_CONFIDENCE | PROGRAM_EXCEPTION","https://www.omers.com/wp-content/uploads/2026/03/2025-OMERS-Annual-Report.pdf | https://www.omersinfrastructure.com/"
"UPD-082","UPDATE","OMERS Infrastructure","OMERS Infrastructure","FUND-127","OMERS Infrastructure","OMERS Infrastructure","MEDIUM","PROGRAM_EXCEPTION","EVERGREEN_ACTIVE","EXPLICIT_NA_MANDATE","—","—","sizeUsdMm","24420","—","Repository row lacks current size basis and North America-specific regional classification supported by primary sources.","SIZE_OR_AMOUNT_CHANGE | MEDIUM_CONFIDENCE | PROGRAM_EXCEPTION","https://www.omers.com/wp-content/uploads/2026/03/2025-OMERS-Annual-Report.pdf | https://www.omersinfrastructure.com/"
"UPD-082","UPDATE","OMERS Infrastructure","OMERS Infrastructure","FUND-127","OMERS Infrastructure","OMERS Infrastructure","MEDIUM","PROGRAM_EXCEPTION","EVERGREEN_ACTIVE","EXPLICIT_NA_MANDATE","—","—","sizeAsOf","—","2025-12-31","Repository row lacks current size basis and North America-specific regional classification supported by primary sources.","SIZE_OR_AMOUNT_CHANGE | MEDIUM_CONFIDENCE | PROGRAM_EXCEPTION","https://www.omers.com/wp-content/uploads/2026/03/2025-OMERS-Annual-Report.pdf | https://www.omersinfrastructure.com/"
"UPD-082","UPDATE","OMERS Infrastructure","OMERS Infrastructure","FUND-127","OMERS Infrastructure","OMERS Infrastructure","MEDIUM","PROGRAM_EXCEPTION","EVERGREEN_ACTIVE","EXPLICIT_NA_MANDATE","—","—","regions","Global","North America | Europe | Asia-Pacific","Repository row lacks current size basis and North America-specific regional classification supported by primary sources.","SIZE_OR_AMOUNT_CHANGE | MEDIUM_CONFIDENCE | PROGRAM_EXCEPTION","https://www.omers.com/wp-content/uploads/2026/03/2025-OMERS-Annual-Report.pdf | https://www.omersinfrastructure.com/"
"UPD-083","UPDATE","Ontario Teachers Pension Plan","Ontario Teachers' Pension Plan","FUND-128","OTPP Infrastructure","Infrastructure","MEDIUM","PROGRAM_EXCEPTION","EVERGREEN_ACTIVE","EXPLICIT_NA_MANDATE","—","—","fundName","OTPP Infrastructure","Infrastructure","Repository row reflects the same underlying evergreen infrastructure program but uses a non-official name and outdated size, and omits the explicit North America mandate and updated strategy details.","RENAME_OR_CANONICAL_NAME | SIZE_OR_AMOUNT_CHANGE | MEDIUM_CONFIDENCE | PROGRAM_EXCEPTION","https://www.otpp.com/en-ca/investments/our-investments/infrastructure-and-natural-resources/ | https://www.otpp.com/en-ca/annual-report/2025/"
"UPD-083","UPDATE","Ontario Teachers Pension Plan","Ontario Teachers' Pension Plan","FUND-128","OTPP Infrastructure","Infrastructure","MEDIUM","PROGRAM_EXCEPTION","EVERGREEN_ACTIVE","EXPLICIT_NA_MANDATE","—","—","investmentStrategy","Global core/core-plus essential-infrastructure platform across transport, utilities, water and renewables, now with a meaningful digital infrastructure sleeve.","Global direct-equity infrastructure program focused on core and core-plus assets, taking significant positions, including majority or co-control positions, across energy, transport and logistics, water and wastewater, and related infrastructure sectors.","Repository row reflects the same underlying evergreen infrastructure program but uses a non-official name and outdated size, and omits the explicit North America mandate and updated strategy details.","RENAME_OR_CANONICAL_NAME | SIZE_OR_AMOUNT_CHANGE | MEDIUM_CONFIDENCE | PROGRAM_EXCEPTION","https://www.otpp.com/en-ca/investments/our-investments/infrastructure-and-natural-resources/ | https://www.otpp.com/en-ca/annual-report/2025/"
"UPD-083","UPDATE","Ontario Teachers Pension Plan","Ontario Teachers' Pension Plan","FUND-128","OTPP Infrastructure","Infrastructure","MEDIUM","PROGRAM_EXCEPTION","EVERGREEN_ACTIVE","EXPLICIT_NA_MANDATE","—","—","size","C$32B","C$34.5B net investments","Repository row reflects the same underlying evergreen infrastructure program but uses a non-official name and outdated size, and omits the explicit North America mandate and updated strategy details.","RENAME_OR_CANONICAL_NAME | SIZE_OR_AMOUNT_CHANGE | MEDIUM_CONFIDENCE | PROGRAM_EXCEPTION","https://www.otpp.com/en-ca/investments/our-investments/infrastructure-and-natural-resources/ | https://www.otpp.com/en-ca/annual-report/2025/"
"UPD-083","UPDATE","Ontario Teachers Pension Plan","Ontario Teachers' Pension Plan","FUND-128","OTPP Infrastructure","Infrastructure","MEDIUM","PROGRAM_EXCEPTION","EVERGREEN_ACTIVE","EXPLICIT_NA_MANDATE","—","—","sizeUsdMm","23680","—","Repository row reflects the same underlying evergreen infrastructure program but uses a non-official name and outdated size, and omits the explicit North America mandate and updated strategy details.","RENAME_OR_CANONICAL_NAME | SIZE_OR_AMOUNT_CHANGE | MEDIUM_CONFIDENCE | PROGRAM_EXCEPTION","https://www.otpp.com/en-ca/investments/our-investments/infrastructure-and-natural-resources/ | https://www.otpp.com/en-ca/annual-report/2025/"
"UPD-083","UPDATE","Ontario Teachers Pension Plan","Ontario Teachers' Pension Plan","FUND-128","OTPP Infrastructure","Infrastructure","MEDIUM","PROGRAM_EXCEPTION","EVERGREEN_ACTIVE","EXPLICIT_NA_MANDATE","—","—","sizeNativeCurrency","—","CAD","Repository row reflects the same underlying evergreen infrastructure program but uses a non-official name and outdated size, and omits the explicit North America mandate and updated strategy details.","RENAME_OR_CANONICAL_NAME | SIZE_OR_AMOUNT_CHANGE | MEDIUM_CONFIDENCE | PROGRAM_EXCEPTION","https://www.otpp.com/en-ca/investments/our-investments/infrastructure-and-natural-resources/ | https://www.otpp.com/en-ca/annual-report/2025/"
"UPD-083","UPDATE","Ontario Teachers Pension Plan","Ontario Teachers' Pension Plan","FUND-128","OTPP Infrastructure","Infrastructure","MEDIUM","PROGRAM_EXCEPTION","EVERGREEN_ACTIVE","EXPLICIT_NA_MANDATE","—","—","sizeNativeAmount","—","34500000000","Repository row reflects the same underlying evergreen infrastructure program but uses a non-official name and outdated size, and omits the explicit North America mandate and updated strategy details.","RENAME_OR_CANONICAL_NAME | SIZE_OR_AMOUNT_CHANGE | MEDIUM_CONFIDENCE | PROGRAM_EXCEPTION","https://www.otpp.com/en-ca/investments/our-investments/infrastructure-and-natural-resources/ | https://www.otpp.com/en-ca/annual-report/2025/"
"UPD-083","UPDATE","Ontario Teachers Pension Plan","Ontario Teachers' Pension Plan","FUND-128","OTPP Infrastructure","Infrastructure","MEDIUM","PROGRAM_EXCEPTION","EVERGREEN_ACTIVE","EXPLICIT_NA_MANDATE","—","—","sizeBasis","—","AUM","Repository row reflects the same underlying evergreen infrastructure program but uses a non-official name and outdated size, and omits the explicit North America mandate and updated strategy details.","RENAME_OR_CANONICAL_NAME | SIZE_OR_AMOUNT_CHANGE | MEDIUM_CONFIDENCE | PROGRAM_EXCEPTION","https://www.otpp.com/en-ca/investments/our-investments/infrastructure-and-natural-resources/ | https://www.otpp.com/en-ca/annual-report/2025/"
"UPD-083","UPDATE","Ontario Teachers Pension Plan","Ontario Teachers' Pension Plan","FUND-128","OTPP Infrastructure","Infrastructure","MEDIUM","PROGRAM_EXCEPTION","EVERGREEN_ACTIVE","EXPLICIT_NA_MANDATE","—","—","sizeAsOf","—","2025-12-31","Repository row reflects the same underlying evergreen infrastructure program but uses a non-official name and outdated size, and omits the explicit North America mandate and updated strategy details.","RENAME_OR_CANONICAL_NAME | SIZE_OR_AMOUNT_CHANGE | MEDIUM_CONFIDENCE | PROGRAM_EXCEPTION","https://www.otpp.com/en-ca/investments/our-investments/infrastructure-and-natural-resources/ | https://www.otpp.com/en-ca/annual-report/2025/"
"UPD-083","UPDATE","Ontario Teachers Pension Plan","Ontario Teachers' Pension Plan","FUND-128","OTPP Infrastructure","Infrastructure","MEDIUM","PROGRAM_EXCEPTION","EVERGREEN_ACTIVE","EXPLICIT_NA_MANDATE","—","—","strategies","Core","Core | Core-Plus","Repository row reflects the same underlying evergreen infrastructure program but uses a non-official name and outdated size, and omits the explicit North America mandate and updated strategy details.","RENAME_OR_CANONICAL_NAME | SIZE_OR_AMOUNT_CHANGE | MEDIUM_CONFIDENCE | PROGRAM_EXCEPTION","https://www.otpp.com/en-ca/investments/our-investments/infrastructure-and-natural-resources/ | https://www.otpp.com/en-ca/annual-report/2025/"
"UPD-083","UPDATE","Ontario Teachers Pension Plan","Ontario Teachers' Pension Plan","FUND-128","OTPP Infrastructure","Infrastructure","MEDIUM","PROGRAM_EXCEPTION","EVERGREEN_ACTIVE","EXPLICIT_NA_MANDATE","—","—","sectors","Power & ET | Utilities | Digital | Transportation | Social Infra","Power & ET | Utilities | Digital | Transportation","Repository row reflects the same underlying evergreen infrastructure program but uses a non-official name and outdated size, and omits the explicit North America mandate and updated strategy details.","RENAME_OR_CANONICAL_NAME | SIZE_OR_AMOUNT_CHANGE | MEDIUM_CONFIDENCE | PROGRAM_EXCEPTION","https://www.otpp.com/en-ca/investments/our-investments/infrastructure-and-natural-resources/ | https://www.otpp.com/en-ca/annual-report/2025/"
"UPD-083","UPDATE","Ontario Teachers Pension Plan","Ontario Teachers' Pension Plan","FUND-128","OTPP Infrastructure","Infrastructure","MEDIUM","PROGRAM_EXCEPTION","EVERGREEN_ACTIVE","EXPLICIT_NA_MANDATE","—","—","regions","Global","Global | North America","Repository row reflects the same underlying evergreen infrastructure program but uses a non-official name and outdated size, and omits the explicit North America mandate and updated strategy details.","RENAME_OR_CANONICAL_NAME | SIZE_OR_AMOUNT_CHANGE | MEDIUM_CONFIDENCE | PROGRAM_EXCEPTION","https://www.otpp.com/en-ca/investments/our-investments/infrastructure-and-natural-resources/ | https://www.otpp.com/en-ca/annual-report/2025/"
"UPD-084","UPDATE","Quinbrook Infrastructure Partners","Quinbrook Infrastructure Partners","FUND-131","Quinbrook Net Zero Power Fund (NZPF)","Quinbrook Net Zero Power Fund (NZPF)","HIGH","NAMED_FUND","CLOSED_ACTIVE","EXPLICIT_NA_MANDATE","—","—","investmentStrategy","Value-add net-zero-power strategy that held final close in August 2024 with USD 3B across the fund and co-investment vehicles, focused on solar+storage, grid support, battery storage, renewable fuels and renewable-powered hyperscale data-center infrastructure.","Value-add net-zero-power strategy focused on solar+storage, grid support, battery storage, renewable fuels and renewable-powered hyperscale data-center infrastructure.","Repository row matches the fund but omits size basis, native currency/amount, as-of date, and contains a longer strategy/size expression than the normalized evidence-backed snapshot.","SIZE_OR_AMOUNT_CHANGE","https://www.quinbrook.com/news-insights/quinbrook-exceeds-target-for-net-zero-power-strategy-raising-usd-3-billion-in-capital-commitments/"
"UPD-084","UPDATE","Quinbrook Infrastructure Partners","Quinbrook Infrastructure Partners","FUND-131","Quinbrook Net Zero Power Fund (NZPF)","Quinbrook Net Zero Power Fund (NZPF)","HIGH","NAMED_FUND","CLOSED_ACTIVE","EXPLICIT_NA_MANDATE","—","—","size","$3.0B","$3.0B capital commitments","Repository row matches the fund but omits size basis, native currency/amount, as-of date, and contains a longer strategy/size expression than the normalized evidence-backed snapshot.","SIZE_OR_AMOUNT_CHANGE","https://www.quinbrook.com/news-insights/quinbrook-exceeds-target-for-net-zero-power-strategy-raising-usd-3-billion-in-capital-commitments/"
"UPD-084","UPDATE","Quinbrook Infrastructure Partners","Quinbrook Infrastructure Partners","FUND-131","Quinbrook Net Zero Power Fund (NZPF)","Quinbrook Net Zero Power Fund (NZPF)","HIGH","NAMED_FUND","CLOSED_ACTIVE","EXPLICIT_NA_MANDATE","—","—","sizeNativeCurrency","—","USD","Repository row matches the fund but omits size basis, native currency/amount, as-of date, and contains a longer strategy/size expression than the normalized evidence-backed snapshot.","SIZE_OR_AMOUNT_CHANGE","https://www.quinbrook.com/news-insights/quinbrook-exceeds-target-for-net-zero-power-strategy-raising-usd-3-billion-in-capital-commitments/"
"UPD-084","UPDATE","Quinbrook Infrastructure Partners","Quinbrook Infrastructure Partners","FUND-131","Quinbrook Net Zero Power Fund (NZPF)","Quinbrook Net Zero Power Fund (NZPF)","HIGH","NAMED_FUND","CLOSED_ACTIVE","EXPLICIT_NA_MANDATE","—","—","sizeNativeAmount","—","3000000000","Repository row matches the fund but omits size basis, native currency/amount, as-of date, and contains a longer strategy/size expression than the normalized evidence-backed snapshot.","SIZE_OR_AMOUNT_CHANGE","https://www.quinbrook.com/news-insights/quinbrook-exceeds-target-for-net-zero-power-strategy-raising-usd-3-billion-in-capital-commitments/"
"UPD-084","UPDATE","Quinbrook Infrastructure Partners","Quinbrook Infrastructure Partners","FUND-131","Quinbrook Net Zero Power Fund (NZPF)","Quinbrook Net Zero Power Fund (NZPF)","HIGH","NAMED_FUND","CLOSED_ACTIVE","EXPLICIT_NA_MANDATE","—","—","sizeBasis","—","COMMITMENTS","Repository row matches the fund but omits size basis, native currency/amount, as-of date, and contains a longer strategy/size expression than the normalized evidence-backed snapshot.","SIZE_OR_AMOUNT_CHANGE","https://www.quinbrook.com/news-insights/quinbrook-exceeds-target-for-net-zero-power-strategy-raising-usd-3-billion-in-capital-commitments/"
"UPD-084","UPDATE","Quinbrook Infrastructure Partners","Quinbrook Infrastructure Partners","FUND-131","Quinbrook Net Zero Power Fund (NZPF)","Quinbrook Net Zero Power Fund (NZPF)","HIGH","NAMED_FUND","CLOSED_ACTIVE","EXPLICIT_NA_MANDATE","—","—","sizeAsOf","—","2024-08-01","Repository row matches the fund but omits size basis, native currency/amount, as-of date, and contains a longer strategy/size expression than the normalized evidence-backed snapshot.","SIZE_OR_AMOUNT_CHANGE","https://www.quinbrook.com/news-insights/quinbrook-exceeds-target-for-net-zero-power-strategy-raising-usd-3-billion-in-capital-commitments/"
"UPD-085","UPDATE","Tallvine","Tallvine Partners","FUND-142","Tallvine Middle Market Infrastructure Fund I","Tallvine Middle Market Infrastructure Fund I","HIGH","NAMED_FUND","RAISING","EXPLICIT_NA_MANDATE","—","—","investmentStrategy","Inaugural value-add middle-market infrastructure vehicle building North American platforms across transport/logistics, digital infrastructure, and eventually energy/utilities.","Value-add middle-market infrastructure strategy focused on building North American platforms across transportation/logistics, digital infrastructure, and utilities.","Repository record matches the same fund but lacks size detail, updated strategy wording, vintage precision, expanded sector coverage, and complete source URL set; SEC filing and manager website provide these fields.","SIZE_OR_AMOUNT_CHANGE","https://www.sec.gov/Archives/edgar/data/2017078/000201707825000003/xslFormDX01/primary_doc.xml | https://www.tallvinepartners.com/"
"UPD-085","UPDATE","Tallvine","Tallvine Partners","FUND-142","Tallvine Middle Market Infrastructure Fund I","Tallvine Middle Market Infrastructure Fund I","HIGH","NAMED_FUND","RAISING","EXPLICIT_NA_MANDATE","—","—","size","—","$701.7M amount sold","Repository record matches the same fund but lacks size detail, updated strategy wording, vintage precision, expanded sector coverage, and complete source URL set; SEC filing and manager website provide these fields.","SIZE_OR_AMOUNT_CHANGE","https://www.sec.gov/Archives/edgar/data/2017078/000201707825000003/xslFormDX01/primary_doc.xml | https://www.tallvinepartners.com/"
"UPD-085","UPDATE","Tallvine","Tallvine Partners","FUND-142","Tallvine Middle Market Infrastructure Fund I","Tallvine Middle Market Infrastructure Fund I","HIGH","NAMED_FUND","RAISING","EXPLICIT_NA_MANDATE","—","—","sizeUsdMm","—","701.7","Repository record matches the same fund but lacks size detail, updated strategy wording, vintage precision, expanded sector coverage, and complete source URL set; SEC filing and manager website provide these fields.","SIZE_OR_AMOUNT_CHANGE","https://www.sec.gov/Archives/edgar/data/2017078/000201707825000003/xslFormDX01/primary_doc.xml | https://www.tallvinepartners.com/"
"UPD-085","UPDATE","Tallvine","Tallvine Partners","FUND-142","Tallvine Middle Market Infrastructure Fund I","Tallvine Middle Market Infrastructure Fund I","HIGH","NAMED_FUND","RAISING","EXPLICIT_NA_MANDATE","—","—","sizeNativeCurrency","—","USD","Repository record matches the same fund but lacks size detail, updated strategy wording, vintage precision, expanded sector coverage, and complete source URL set; SEC filing and manager website provide these fields.","SIZE_OR_AMOUNT_CHANGE","https://www.sec.gov/Archives/edgar/data/2017078/000201707825000003/xslFormDX01/primary_doc.xml | https://www.tallvinepartners.com/"
"UPD-085","UPDATE","Tallvine","Tallvine Partners","FUND-142","Tallvine Middle Market Infrastructure Fund I","Tallvine Middle Market Infrastructure Fund I","HIGH","NAMED_FUND","RAISING","EXPLICIT_NA_MANDATE","—","—","sizeNativeAmount","—","701700000","Repository record matches the same fund but lacks size detail, updated strategy wording, vintage precision, expanded sector coverage, and complete source URL set; SEC filing and manager website provide these fields.","SIZE_OR_AMOUNT_CHANGE","https://www.sec.gov/Archives/edgar/data/2017078/000201707825000003/xslFormDX01/primary_doc.xml | https://www.tallvinepartners.com/"
"UPD-085","UPDATE","Tallvine","Tallvine Partners","FUND-142","Tallvine Middle Market Infrastructure Fund I","Tallvine Middle Market Infrastructure Fund I","HIGH","NAMED_FUND","RAISING","EXPLICIT_NA_MANDATE","—","—","sizeBasis","—","AMOUNT_SOLD","Repository record matches the same fund but lacks size detail, updated strategy wording, vintage precision, expanded sector coverage, and complete source URL set; SEC filing and manager website provide these fields.","SIZE_OR_AMOUNT_CHANGE","https://www.sec.gov/Archives/edgar/data/2017078/000201707825000003/xslFormDX01/primary_doc.xml | https://www.tallvinepartners.com/"
"UPD-085","UPDATE","Tallvine","Tallvine Partners","FUND-142","Tallvine Middle Market Infrastructure Fund I","Tallvine Middle Market Infrastructure Fund I","HIGH","NAMED_FUND","RAISING","EXPLICIT_NA_MANDATE","—","—","sizeAsOf","—","2025-08-28","Repository record matches the same fund but lacks size detail, updated strategy wording, vintage precision, expanded sector coverage, and complete source URL set; SEC filing and manager website provide these fields.","SIZE_OR_AMOUNT_CHANGE","https://www.sec.gov/Archives/edgar/data/2017078/000201707825000003/xslFormDX01/primary_doc.xml | https://www.tallvinepartners.com/"
"UPD-085","UPDATE","Tallvine","Tallvine Partners","FUND-142","Tallvine Middle Market Infrastructure Fund I","Tallvine Middle Market Infrastructure Fund I","HIGH","NAMED_FUND","RAISING","EXPLICIT_NA_MANDATE","—","—","vintage","Raising","2024","Repository record matches the same fund but lacks size detail, updated strategy wording, vintage precision, expanded sector coverage, and complete source URL set; SEC filing and manager website provide these fields.","SIZE_OR_AMOUNT_CHANGE","https://www.sec.gov/Archives/edgar/data/2017078/000201707825000003/xslFormDX01/primary_doc.xml | https://www.tallvinepartners.com/"
"UPD-085","UPDATE","Tallvine","Tallvine Partners","FUND-142","Tallvine Middle Market Infrastructure Fund I","Tallvine Middle Market Infrastructure Fund I","HIGH","NAMED_FUND","RAISING","EXPLICIT_NA_MANDATE","—","—","sectors","Digital | Transportation","Digital | Transportation | Utilities","Repository record matches the same fund but lacks size detail, updated strategy wording, vintage precision, expanded sector coverage, and complete source URL set; SEC filing and manager website provide these fields.","SIZE_OR_AMOUNT_CHANGE","https://www.sec.gov/Archives/edgar/data/2017078/000201707825000003/xslFormDX01/primary_doc.xml | https://www.tallvinepartners.com/"
"UPD-085","UPDATE","Tallvine","Tallvine Partners","FUND-142","Tallvine Middle Market Infrastructure Fund I","Tallvine Middle Market Infrastructure Fund I","HIGH","NAMED_FUND","RAISING","EXPLICIT_NA_MANDATE","—","—","sourceUrls","https://www.sec.gov/Archives/edgar/data/2017078/000201707825000003/xslFormDX01/primary_doc.xml","https://www.sec.gov/Archives/edgar/data/2017078/000201707825000003/xslFormDX01/primary_doc.xml | https://www.tallvinepartners.com/","Repository record matches the same fund but lacks size detail, updated strategy wording, vintage precision, expanded sector coverage, and complete source URL set; SEC filing and manager website provide these fields.","SIZE_OR_AMOUNT_CHANGE","https://www.sec.gov/Archives/edgar/data/2017078/000201707825000003/xslFormDX01/primary_doc.xml | https://www.tallvinepartners.com/"
"UPD-086","UPDATE","TPG","TPG","FUND-145","TPG Peppertree Fund X","TPG Peppertree Fund X","HIGH","NAMED_FUND","CLOSED_ACTIVE","EXPLICIT_NA_MANDATE","—","—","sizeNativeCurrency","—","USD","Repository omits size basis and native amount details that are explicitly supported by SEC Form D.","SIZE_OR_AMOUNT_CHANGE","https://www.sec.gov/Archives/edgar/data/1985097/000198509724000001/xslFormDX01/primary_doc.xml | https://www.sec.gov/Archives/edgar/data/1880661/000188066126000011/tpg-20251231.htm"
"UPD-086","UPDATE","TPG","TPG","FUND-145","TPG Peppertree Fund X","TPG Peppertree Fund X","HIGH","NAMED_FUND","CLOSED_ACTIVE","EXPLICIT_NA_MANDATE","—","—","sizeNativeAmount","—","2000000000","Repository omits size basis and native amount details that are explicitly supported by SEC Form D.","SIZE_OR_AMOUNT_CHANGE","https://www.sec.gov/Archives/edgar/data/1985097/000198509724000001/xslFormDX01/primary_doc.xml | https://www.sec.gov/Archives/edgar/data/1880661/000188066126000011/tpg-20251231.htm"
"UPD-086","UPDATE","TPG","TPG","FUND-145","TPG Peppertree Fund X","TPG Peppertree Fund X","HIGH","NAMED_FUND","CLOSED_ACTIVE","EXPLICIT_NA_MANDATE","—","—","sizeBasis","—","AMOUNT_SOLD","Repository omits size basis and native amount details that are explicitly supported by SEC Form D.","SIZE_OR_AMOUNT_CHANGE","https://www.sec.gov/Archives/edgar/data/1985097/000198509724000001/xslFormDX01/primary_doc.xml | https://www.sec.gov/Archives/edgar/data/1880661/000188066126000011/tpg-20251231.htm"
"UPD-086","UPDATE","TPG","TPG","FUND-145","TPG Peppertree Fund X","TPG Peppertree Fund X","HIGH","NAMED_FUND","CLOSED_ACTIVE","EXPLICIT_NA_MANDATE","—","—","sizeAsOf","—","2024-01-01","Repository omits size basis and native amount details that are explicitly supported by SEC Form D.","SIZE_OR_AMOUNT_CHANGE","https://www.sec.gov/Archives/edgar/data/1985097/000198509724000001/xslFormDX01/primary_doc.xml | https://www.sec.gov/Archives/edgar/data/1880661/000188066126000011/tpg-20251231.htm"
"UPD-087","UPDATE","Vision Ridge Partners","Vision Ridge Partners","FUND-148B","Sustainable Asset Fund III","Sustainable Asset Fund III","HIGH","NAMED_FUND","CLOSED_ACTIVE","EXPLICIT_NA_MANDATE","—","—","investmentStrategy","Third Vision Ridge sustainable real-assets fund focused on scalable energy transition, transportation transition, and resource-efficiency platforms across North America.","Sustainable real-assets strategy targeting energy transition, transportation transition, and resource-efficiency platforms across North America.","Repository understates fund size at $0.7B and lacks basis; primary source confirms $1.25B final close.","SIZE_OR_AMOUNT_CHANGE","https://vision-ridge.com/vision-ridge-partners-announces-final-close-of-1-25-billion-for-sustainable-asset-fund-iii/"
"UPD-087","UPDATE","Vision Ridge Partners","Vision Ridge Partners","FUND-148B","Sustainable Asset Fund III","Sustainable Asset Fund III","HIGH","NAMED_FUND","CLOSED_ACTIVE","EXPLICIT_NA_MANDATE","—","—","size","$0.7B","$1.25B final close","Repository understates fund size at $0.7B and lacks basis; primary source confirms $1.25B final close.","SIZE_OR_AMOUNT_CHANGE","https://vision-ridge.com/vision-ridge-partners-announces-final-close-of-1-25-billion-for-sustainable-asset-fund-iii/"
"UPD-087","UPDATE","Vision Ridge Partners","Vision Ridge Partners","FUND-148B","Sustainable Asset Fund III","Sustainable Asset Fund III","HIGH","NAMED_FUND","CLOSED_ACTIVE","EXPLICIT_NA_MANDATE","—","—","sizeUsdMm","700","1250","Repository understates fund size at $0.7B and lacks basis; primary source confirms $1.25B final close.","SIZE_OR_AMOUNT_CHANGE","https://vision-ridge.com/vision-ridge-partners-announces-final-close-of-1-25-billion-for-sustainable-asset-fund-iii/"
"UPD-087","UPDATE","Vision Ridge Partners","Vision Ridge Partners","FUND-148B","Sustainable Asset Fund III","Sustainable Asset Fund III","HIGH","NAMED_FUND","CLOSED_ACTIVE","EXPLICIT_NA_MANDATE","—","—","sizeNativeCurrency","—","USD","Repository understates fund size at $0.7B and lacks basis; primary source confirms $1.25B final close.","SIZE_OR_AMOUNT_CHANGE","https://vision-ridge.com/vision-ridge-partners-announces-final-close-of-1-25-billion-for-sustainable-asset-fund-iii/"
"UPD-087","UPDATE","Vision Ridge Partners","Vision Ridge Partners","FUND-148B","Sustainable Asset Fund III","Sustainable Asset Fund III","HIGH","NAMED_FUND","CLOSED_ACTIVE","EXPLICIT_NA_MANDATE","—","—","sizeNativeAmount","—","1250000000","Repository understates fund size at $0.7B and lacks basis; primary source confirms $1.25B final close.","SIZE_OR_AMOUNT_CHANGE","https://vision-ridge.com/vision-ridge-partners-announces-final-close-of-1-25-billion-for-sustainable-asset-fund-iii/"
"UPD-087","UPDATE","Vision Ridge Partners","Vision Ridge Partners","FUND-148B","Sustainable Asset Fund III","Sustainable Asset Fund III","HIGH","NAMED_FUND","CLOSED_ACTIVE","EXPLICIT_NA_MANDATE","—","—","sizeBasis","—","FINAL_CLOSE","Repository understates fund size at $0.7B and lacks basis; primary source confirms $1.25B final close.","SIZE_OR_AMOUNT_CHANGE","https://vision-ridge.com/vision-ridge-partners-announces-final-close-of-1-25-billion-for-sustainable-asset-fund-iii/"
"UPD-087","UPDATE","Vision Ridge Partners","Vision Ridge Partners","FUND-148B","Sustainable Asset Fund III","Sustainable Asset Fund III","HIGH","NAMED_FUND","CLOSED_ACTIVE","EXPLICIT_NA_MANDATE","—","—","sizeAsOf","—","2021-01-01","Repository understates fund size at $0.7B and lacks basis; primary source confirms $1.25B final close.","SIZE_OR_AMOUNT_CHANGE","https://vision-ridge.com/vision-ridge-partners-announces-final-close-of-1-25-billion-for-sustainable-asset-fund-iii/"
"UPD-088","UPDATE","Vision Ridge Partners","Vision Ridge Partners","FUND-149","Sustainable Asset Fund IV","Sustainable Asset Fund IV","HIGH","NAMED_FUND","CLOSED_ACTIVE","VERIFIED_CURRENT_NA_HOLDING: VEMO","—","—","investmentStrategy","Flagship sustainable real-assets strategy that closed in February 2026 with approximately $2.4B across the fund and related vehicles, targeting the transition of energy, transportation and agriculture.","Flagship sustainable real-assets strategy targeting energy, transportation, and agriculture transition platforms.","Repository lacks size basis; primary source confirms final close amount.","SIZE_OR_AMOUNT_CHANGE","https://vision-ridge.com/vision-ridge-partners-raises-2-4-billion-for-flagship-sustainable-real-assets-strategy/"
"UPD-088","UPDATE","Vision Ridge Partners","Vision Ridge Partners","FUND-149","Sustainable Asset Fund IV","Sustainable Asset Fund IV","HIGH","NAMED_FUND","CLOSED_ACTIVE","VERIFIED_CURRENT_NA_HOLDING: VEMO","—","—","size","$2.4B","$2.4B final close","Repository lacks size basis; primary source confirms final close amount.","SIZE_OR_AMOUNT_CHANGE","https://vision-ridge.com/vision-ridge-partners-raises-2-4-billion-for-flagship-sustainable-real-assets-strategy/"
"UPD-088","UPDATE","Vision Ridge Partners","Vision Ridge Partners","FUND-149","Sustainable Asset Fund IV","Sustainable Asset Fund IV","HIGH","NAMED_FUND","CLOSED_ACTIVE","VERIFIED_CURRENT_NA_HOLDING: VEMO","—","—","sizeNativeCurrency","—","USD","Repository lacks size basis; primary source confirms final close amount.","SIZE_OR_AMOUNT_CHANGE","https://vision-ridge.com/vision-ridge-partners-raises-2-4-billion-for-flagship-sustainable-real-assets-strategy/"
"UPD-088","UPDATE","Vision Ridge Partners","Vision Ridge Partners","FUND-149","Sustainable Asset Fund IV","Sustainable Asset Fund IV","HIGH","NAMED_FUND","CLOSED_ACTIVE","VERIFIED_CURRENT_NA_HOLDING: VEMO","—","—","sizeNativeAmount","—","2400000000","Repository lacks size basis; primary source confirms final close amount.","SIZE_OR_AMOUNT_CHANGE","https://vision-ridge.com/vision-ridge-partners-raises-2-4-billion-for-flagship-sustainable-real-assets-strategy/"
"UPD-088","UPDATE","Vision Ridge Partners","Vision Ridge Partners","FUND-149","Sustainable Asset Fund IV","Sustainable Asset Fund IV","HIGH","NAMED_FUND","CLOSED_ACTIVE","VERIFIED_CURRENT_NA_HOLDING: VEMO","—","—","sizeBasis","—","FINAL_CLOSE","Repository lacks size basis; primary source confirms final close amount.","SIZE_OR_AMOUNT_CHANGE","https://vision-ridge.com/vision-ridge-partners-raises-2-4-billion-for-flagship-sustainable-real-assets-strategy/"
"UPD-088","UPDATE","Vision Ridge Partners","Vision Ridge Partners","FUND-149","Sustainable Asset Fund IV","Sustainable Asset Fund IV","HIGH","NAMED_FUND","CLOSED_ACTIVE","VERIFIED_CURRENT_NA_HOLDING: VEMO","—","—","sizeAsOf","—","2026-02-11","Repository lacks size basis; primary source confirms final close amount.","SIZE_OR_AMOUNT_CHANGE","https://vision-ridge.com/vision-ridge-partners-raises-2-4-billion-for-flagship-sustainable-real-assets-strategy/"
